ردیف,دسته بندی,محصول,وزن,عیار,فی تهیه اجرت درصدی,اجرت درصدی فروش,فی تهیه اجرت مبلغی,اجرت مبلغی فروش,فی تهیه سنگ,فی فروش سنگ,رنگ,نوع کالا,سایز,کد قدیمی,تصویر
1,کار ساخته بازار,GD01012636 - 1m,1.64,750.0,1.8,7.0,0.0,0.0,0.0,0.0,زرد,النگو,2.0,,Img20260504-460.jpg
2,کار ساخته بازار,GD01012633 - 1m,1.56,750.0,1.8,7.0,0.0,0.0,0.0,0.0,زرد,النگو,2.0,,Img20260504-679.jpg
3,کار ساخته بازار,GD01015179 - شانل,3.43,750.0,0.0,2.0,0.0,0.0,0.0,0.0,زرد,گوشواره,,,nopicture.png
4,کار ساخته بازار,GD01015178 - وان یکاد,0.71,750.0,0.0,2.0,0.0,0.0,0.0,0.0,زرد,مدال,,,nopicture.png
5,کار ساخته بازار,GD01015177 - ژاپنی,1.12,750.0,0.0,2.0,0.0,0.0,0.0,0.0,زرد,گوشواره,,,nopicture.png
6,کار ساخته بازار,GD01015176 - تافته,2.21,750.0,0.0,2.0,0.0,0.0,0.0,0.0,زرد,گوشواره,,,nopicture.png
7,کار ساخته بازار,GD01015175 - لوکس,3.2,750.0,0.0,2.0,0.0,0.0,0.0,0.0,زرد,انگشتر,,,nopicture.png
8,کار ساخته بازار,GD01015174 - حلقه ای,2.21,750.0,0.0,2.0,0.0,0.0,0.0,0.0,زرد,انگشتر,,,nopicture.png
9,کار ساخته بازار,GD01015173,4.47,750.0,3.0,7.0,0.0,0.0,0.0,0.0,زرد,النگو,1.0,,nopicture.png
10,کار ساخته بازار,GD01015172,4.5,750.0,3.0,7.0,0.0,0.0,0.0,0.0,زرد,النگو,1.0,,nopicture.png
11,کار ساخته بازار,GD01015171,4.63,750.0,3.0,7.0,0.0,0.0,0.0,0.0,زرد,النگو,1.0,,nopicture.png
12,کار ساخته بازار,GD01015170,4.37,750.0,3.0,7.0,0.0,0.0,0.0,0.0,زرد,النگو,1.0,,nopicture.png
13,کار ساخته بازار,GD01015169,4.44,750.0,3.0,7.0,0.0,0.0,0.0,0.0,زرد,النگو,1.0,,nopicture.png
14,کار ساخته بازار,GD01015168,4.54,750.0,3.0,7.0,0.0,0.0,0.0,0.0,زرد,النگو,1.0,,nopicture.png
15,کار ساخته بازار,GD01015167,3.44,750.0,3.0,7.0,0.0,0.0,0.0,0.0,دو رنگ,النگو,1.0,,nopicture.png
16,کار ساخته بازار,GD01015166,3.41,750.0,3.0,7.0,0.0,0.0,0.0,0.0,دو رنگ,النگو,1.0,,nopicture.png
17,کار ساخته بازار,GD01015165,3.23,750.0,3.0,7.0,0.0,0.0,0.0,0.0,دو رنگ,النگو,1.0,,nopicture.png
18,کار ساخته بازار,GD01015164,3.4,750.0,3.0,7.0,0.0,0.0,0.0,0.0,دو رنگ,النگو,1.0,,nopicture.png
19,کار ساخته بازار,GD01015163 - حلقه ای,2.46,750.0,7.0,8.0,0.0,0.0,0.0,0.0,زرد,گوشواره,,,nopicture.png
20,کار ساخته بازار,GD01015162 - دایره,1.22,750.0,6.9,8.0,0.0,0.0,0.0,0.0,زرد,مدال,,,nopicture.png
21,کار ساخته بازار,GD01015161 - بیضی,1.09,750.0,6.9,8.0,0.0,0.0,0.0,0.0,زرد,مدال,,,nopicture.png
22,کار ساخته بازار,GD01015160,1.75,750.0,6.9,8.0,0.0,0.0,0.0,0.0,زرد,انگشتر,,,nopicture.png
23,کار ساخته بازار,GD01015159,1.68,750.0,6.9,8.0,0.0,0.0,0.0,0.0,زرد,گوشواره,,,nopicture.png
24,کار ساخته بازار,GD01015158,2.29,750.0,7.0,8.0,0.0,0.0,0.0,0.0,زرد,مدال,,,nopicture.png
25,کار ساخته بازار,GD01015157 - آینه ای,2.87,750.0,2.0,7.0,0.0,0.0,0.0,0.0,زرد,النگو,1.0,,nopicture.png
26,کار ساخته بازار,GD01015156 - آینه ای,2.76,750.0,2.0,7.0,0.0,0.0,0.0,0.0,زرد,النگو,1.0,,nopicture.png
27,کار ساخته بازار,GD01015155 - آینه ای,2.67,750.0,2.0,7.0,0.0,0.0,0.0,0.0,زرد,النگو,1.0,,nopicture.png
28,کار ساخته بازار,GD01015154 - آینه ای,2.7,750.0,2.0,7.0,0.0,0.0,0.0,0.0,زرد,النگو,1.0,,Img20260727-329.jpg
29,کار ساخته بازار,GD01015151,1.89,750.0,0.0,2.0,0.0,0.0,0.0,0.0,زرد,مدال,,,Img20260727-481.jpg
30,کار ساخته بازار,GD01015150,3.68,750.0,0.0,2.0,0.0,0.0,0.0,0.0,زرد,انگشتر,,,Img20260727-46.jpg
31,کار ساخته بازار,GD01015149,3.44,750.0,0.0,2.0,0.0,0.0,0.0,0.0,زرد,انگشتر,,,Img20260727-384.jpg
32,کار ساخته بازار,GD01015148,2.72,750.0,0.0,2.0,0.0,0.0,0.0,0.0,زرد,گوشواره,,,Img20260727-539.jpg
33,کار ساخته بازار,GD01015147 - باران,1.81,750.0,0.0,2.0,0.0,0.0,0.0,0.0,زرد,گوشواره,,,Img20260727-158.jpg
34,کار ساخته بازار,GD01015146,3.06,750.0,0.0,2.0,0.0,0.0,0.0,0.0,زرد,گوشواره,,,Img20260727-256.jpg
35,کار ساخته بازار,GD01015145 - باران,1.75,750.0,0.0,2.0,0.0,0.0,0.0,0.0,زرد,گوشواره,,,Img20260704-813.jpg
36,کار ساخته بازار,GD01014186 - تراش,2.55,750.0,0.0,2.0,0.0,0.0,0.0,0.0,زرد,گوشواره,,,Img20260725-900.jpg
37,کار ساخته بازار,GD01015144 - باران,1.34,750.0,0.0,2.0,0.0,0.0,0.0,0.0,زرد,دستبند,,,Img20260725-122.jpg
38,کار ساخته بازار,GD01015143 - ون یکاد,1.71,750.0,0.0,2.0,0.0,0.0,0.0,0.0,زرد,مدال,,,Img20260725-629.jpg
39,کار ساخته بازار,GD01015142 - لوکس,2.19,750.0,0.0,2.0,0.0,0.0,0.0,0.0,زرد,انگشتر,,,Img20260725-897.jpg
40,کار ساخته بازار,GD01015141 - قلب,1.13,750.0,0.0,2.0,0.0,0.0,0.0,0.0,زرد,گوشواره,,,Img20260725-329.jpg
41,کار ساخته بازار,GD01015139 - باران,1.21,750.0,0.0,2.0,0.0,0.0,0.0,0.0,زرد,گوشواره,,,Img20260725-192.jpg
42,کار ساخته بازار,GD01015138 - شانل,4.04,750.0,0.0,2.0,0.0,0.0,0.0,0.0,زرد,گوشواره,,,Img20260725-602.jpg
43,کار ساخته بازار,GD01015137 - پرسی,2.55,750.0,0.0,2.0,0.0,0.0,0.0,0.0,دو رنگ,گوشواره,,,Img20260727-949.jpg
44,کار ساخته بازار,GD01015136 - زنجیر,2.36,750.0,0.0,2.0,0.0,0.0,0.0,0.0,زرد,زنجیر,,,Img20260727-688.jpg
45,کار ساخته بازار,GD01015135 - زنجیر,1.46,750.0,0.0,2.0,0.0,0.0,0.0,0.0,زرد,زنجیر,,,Img20260727-429.jpg
46,کار ساخته بازار,GD01015134 - گیوا,5.72,750.0,0.0,2.0,0.0,0.0,0.0,0.0,دو رنگ,انگشتر,,,Img20260727-421.jpg
47,کار ساخته بازار,GD01015133,4.38,750.0,0.0,2.0,0.0,0.0,0.0,0.0,دو رنگ,گوشواره,,,Img20260727-148.jpg
48,کار ساخته بازار,GD01015124 - لوکس,3.91,750.0,0.0,2.0,0.0,0.0,0.0,0.0,زرد,انگشتر,,,nopicture.png
49,کار ساخته بازار,GD01015123 - گیوا,2.13,750.0,0.0,2.0,0.0,0.0,0.0,0.0,زرد,انگشتر,,,Img20260723-504.jpg
50,کار ساخته بازار,GD01015121,1.71,750.0,3.5,7.0,0.0,0.0,0.0,0.0,زرد,گوشواره,,,Img20260723-975.jpg
51,کار ساخته بازار,GD01015120,1.31,750.0,3.5,7.0,0.0,0.0,0.0,0.0,زرد,گوشواره,,,Img20260723-841.jpg
52,کار ساخته بازار,GD01015119,1.21,750.0,3.5,7.0,0.0,0.0,0.0,0.0,زرد,گوشواره,,,Img20260723-921.jpg
53,کار ساخته بازار,GD01015118,1.83,750.0,3.5,7.0,0.0,0.0,0.0,0.0,زرد,گوشواره,,,Img20260723-44.jpg
54,کار ساخته بازار,GD01015117,2.65,750.0,2.2,7.0,0.0,0.0,0.0,0.0,زرد,گوشواره,,,Img20260723-9.jpg
55,کار ساخته بازار,GD01015116,0.55,750.0,7.0,8.0,0.0,0.0,0.0,0.0,زرد,مدال,,,Img20260723-36.jpg
56,کار ساخته بازار,GD01015115,0.4,750.0,7.0,8.0,0.0,0.0,0.0,0.0,زرد,مدال,,,Img20260723-610.jpg
57,کار ساخته بازار,GD01015113,2.5,750.0,3.5,7.0,0.0,0.0,0.0,0.0,زرد,دستبند,,,Img20260723-28.jpg
58,کار ساخته بازار,GD01015112,2.16,750.0,3.5,7.0,0.0,0.0,0.0,0.0,زرد,گوشواره,,,Img20260723-327.jpg
59,کار ساخته بازار,GD01015111,1.92,750.0,3.5,7.0,0.0,0.0,0.0,0.0,زرد,گوشواره,,,Img20260723-906.jpg
60,کار ساخته بازار,GD01015110,1.83,750.0,3.5,7.0,0.0,0.0,0.0,0.0,زرد,گوشواره,,,Img20260723-356.jpg
61,کار ساخته بازار,GD01015107 - رینگی تراش,1.49,750.0,4.5,7.0,0.0,0.0,0.0,0.0,زرد,انگشتر,,,Img20260723-348.jpg
62,کار ساخته بازار,GD01015106 - رینگی تراش,1.58,750.0,4.5,7.0,0.0,0.0,0.0,0.0,زرد,انگشتر,,,Img20260723-431.jpg
63,کار ساخته بازار,GD01015105 - ارکیده,3.12,750.0,4.0,7.0,0.0,0.0,0.0,0.0,زرد,انگشتر,,,Img20260723-430.jpg
64,کار ساخته بازار,GD01015104 - ارکیده,2.83,750.0,4.0,7.0,0.0,0.0,0.0,0.0,زرد,انگشتر,,,Img20260723-413.jpg
65,کار ساخته بازار,GD01015103 - ارکیده,2.32,750.0,4.0,7.0,0.0,0.0,0.0,0.0,زرد,انگشتر,,,Img20260723-298.jpg
66,کار ساخته بازار,GD01015102 - تراش,1.78,750.0,4.0,7.0,0.0,0.0,0.0,0.0,زرد,انگشتر,,,Img20260723-405.jpg
67,کار ساخته بازار,GD01015101 - طنابی,2.97,750.0,4.0,7.0,0.0,0.0,0.0,0.0,زرد,گوشواره,,,Img20260723-133.jpg
68,کار ساخته بازار,GD01015100 - طنابی,10.26,750.0,4.0,7.0,0.0,0.0,0.0,0.0,زرد,زنجیر,,,Img20260723-732.jpg
69,کار ساخته بازار,GD01015099 - میثاق,4.68,750.0,1.8,7.0,0.0,0.0,0.0,0.0,زرد,النگو,1.0,,Img20260723-142.jpg
70,کار ساخته بازار,GD01015098 - میثاق,4.78,750.0,1.8,7.0,0.0,0.0,0.0,0.0,زرد,النگو,1.0,,Img20260723-553.jpg
71,کار ساخته بازار,GD01015097 - میثاق,5.16,750.0,1.8,7.0,0.0,0.0,0.0,0.0,زرد,النگو,2.0,,Img20260723-397.jpg
72,کار ساخته بازار,GD01015096 - میثاق,5.16,750.0,1.8,7.0,0.0,0.0,0.0,0.0,زرد,النگو,2.0,,Img20260723-515.jpg
73,کار ساخته بازار,GD01015095 - میثاق,5.86,750.0,1.8,7.0,0.0,0.0,0.0,0.0,زرد,النگو,4.0,,Img20260723-1727.jpg
74,کار ساخته بازار,GD01015094 - میثاق,5.77,750.0,1.8,7.0,0.0,0.0,0.0,0.0,زرد,النگو,4.0,,Img20260723-554.jpg
75,کار ساخته بازار,GD01015091 - نگاه,8.05,750.0,2.0,7.0,0.0,0.0,0.0,0.0,زرد,تک پوش,4.0,,Img20260723-337.jpg
76,کار ساخته بازار,GD01015090 - نگاه,7.22,750.0,2.0,7.0,0.0,0.0,0.0,0.0,زرد,تک پوش,3.0,,Img20260723-559.jpg
77,کار ساخته بازار,GD01015089 - نگاه,7.67,750.0,2.0,6.5,0.0,0.0,0.0,0.0,زرد,تک پوش,2.0,,Img20260723-86.jpg
78,کار ساخته بازار,GD01015088 - نگاه,6.81,750.0,2.0,6.5,0.0,0.0,0.0,0.0,زرد,تک پوش,1.0,,Img20260723-454.jpg
79,کار ساخته بازار,GD01015087 - شروین,4.74,750.0,2.5,7.0,0.0,0.0,0.0,0.0,زرد,تک پوش,1.0,,Img20260723-858.jpg
80,کار ساخته بازار,GD01015086 - شروین,5.12,750.0,2.5,7.0,0.0,0.0,0.0,0.0,زرد,تک پوش,2.0,,Img20260723-709.jpg
81,کار ساخته بازار,GD01015085 - شروین,6.61,750.0,2.5,7.0,0.0,0.0,0.0,0.0,زرد,تک پوش,3.0,,Img20260725-963.jpg
82,کار ساخته بازار,GD01015083 - لیزری,1.29,750.0,0.0,2.0,0.0,0.0,0.0,0.0,زرد,مدال,,,Img20260727-894.jpg
83,کار ساخته بازار,GD01015080 - دایان,2.89,750.0,0.0,2.0,0.0,0.0,0.0,0.0,زرد,گوشواره,,,Img20260725-61.jpg
84,کار ساخته بازار,GD01015079 - وان یکاد,0.84,750.0,0.0,2.0,0.0,0.0,0.0,0.0,زرد,مدال,,,Img20260725-675.jpg
85,کار ساخته بازار,GD01015078 - ورساچه,5.51,750.0,0.0,2.0,0.0,0.0,0.0,0.0,زرد,مدال,,,Img20260725-86.jpg
86,کار ساخته بازار,GD01015077 - جم,7.63,750.0,0.0,2.0,0.0,0.0,0.0,0.0,زرد,گردنبند,,,Img20260727-87.jpg
87,کار ساخته بازار,GD01015076 - دایان,4.0,750.0,0.0,2.0,0.0,0.0,0.0,0.0,زرد,گردنبند,,,nopicture.png
88,کار ساخته بازار,GD01015074 - نرگس,5.98,750.0,6.5,8.0,0.0,0.0,0.0,0.0,دو رنگ,النگو,2.0,,nopicture.png
89,کار ساخته بازار,GD01015073 - نرگس,6.09,750.0,6.5,8.0,0.0,0.0,0.0,0.0,دو رنگ,النگو,2.0,,Img20260723-682.jpg
90,کار ساخته بازار,GD01015072 - نرگس,6.06,750.0,6.5,8.0,0.0,0.0,0.0,0.0,دو رنگ,النگو,2.0,,nopicture.png
91,کار ساخته بازار,GD01015071 - نرگس,5.91,750.0,6.5,8.0,0.0,0.0,0.0,0.0,دو رنگ,النگو,2.0,,nopicture.png
92,کار ساخته بازار,GD01015070 - نرگس,6.06,750.0,6.5,8.0,0.0,0.0,0.0,0.0,دو رنگ,النگو,2.0,,Img20260722-461.jpg
93,کار ساخته بازار,GD01015069,7.48,750.0,8.5,10.0,0.0,0.0,0.0,0.0,دو رنگ,النگو,2.0,,Img20260722-370.jpg
94,کار ساخته بازار,GD01015068 - زنجیر,2.03,750.0,0.0,2.0,0.0,0.0,0.0,0.0,زرد,زنجیر,,,Img20260722-323.jpg
95,کار ساخته بازار,GD01015066 - زنجیر,2.06,750.0,0.0,2.0,0.0,0.0,0.0,0.0,زرد,زنجیر,,,Img20260722-733.jpg
96,کار ساخته بازار,GD01015065 - شقایق,3.52,750.0,0.0,2.0,0.0,0.0,0.0,0.0,زرد,گوشواره,,,Img20260722-195.jpg
97,کار ساخته بازار,GD01015064 - پروانه,0.77,750.0,0.0,2.0,0.0,0.0,0.0,0.0,زرد,مدال,,,Img20260722-382.jpg
98,کار ساخته بازار,GD01015063 - آبان,1.29,750.0,0.0,2.0,0.0,0.0,0.0,0.0,زرد,مدال,,,Img20260722-470.jpg
99,کار ساخته بازار,GD01015062 - آذر,2.45,750.0,0.0,2.0,0.0,0.0,0.0,0.0,زرد,مدال,,,Img20260722-963.jpg
100,کار ساخته بازار,GD01015059 - لوکس,1.82,750.0,0.0,2.0,0.0,0.0,0.0,0.0,زرد,انگشتر,,,Img20260722-691.jpg
101,کار ساخته بازار,GD01015058 - لوکس,1.55,750.0,0.0,2.0,0.0,0.0,0.0,0.0,زرد,انگشتر,,,Img20260722-420.jpg
102,کار ساخته بازار,GD01015057 - باران,4.56,750.0,0.0,2.0,0.0,0.0,0.0,0.0,زرد,گردنبند,,,Img20260722-574.jpg
103,کار ساخته بازار,GD01015056 - ونکیلیف,2.97,750.0,0.0,2.0,0.0,0.0,0.0,0.0,زرد,دستبند,,,Img20260722-232.jpg
104,کار ساخته بازار,GD01015055 - فیوژن,66.34,750.0,5.0,7.0,0.0,0.0,0.0,0.0,زرد,گردنبند,,,Img20260722-819.jpg
105,کار ساخته بازار,GD01015054 - آینه ای,6.4,750.0,5.0,7.0,0.0,0.0,0.0,0.0,زرد,گوشواره,,,Img20260722-76.jpg
106,کار ساخته بازار,GD01015053 - فیوؤن,8.19,750.0,5.0,7.0,0.0,0.0,0.0,0.0,زرد,گوشواره,,,Img20260722-527.jpg
107,کار ساخته بازار,GD01015052 - لیزری,3.92,750.0,4.5,7.0,0.0,0.0,0.0,0.0,زرد,تک پوش,3.0,,Img20260722-229.jpg
108,کار ساخته بازار,GD01015051 - لیزری,3.55,750.0,4.5,7.0,0.0,0.0,0.0,0.0,زرد,تک پوش,1.0,,Img20260722-817.jpg
109,کار ساخته بازار,GD01015050 - لیزری,3.62,750.0,4.5,7.0,0.0,0.0,0.0,0.0,زرد,تک پوش,2.0,,Img20260722-222.jpg
110,کار ساخته بازار,GD01015049 - لیزری,3.93,750.0,4.5,7.0,0.0,0.0,0.0,0.0,زرد,تک پوش,3.0,,Img20260722-509.jpg
111,کار ساخته بازار,GD01015048 - لیزری,3.56,750.0,4.5,7.0,0.0,0.0,0.0,0.0,زرد,تک پوش,2.0,,Img20260722-604.jpg
112,کار ساخته بازار,GD01015047 - لیزری,3.46,750.0,4.5,7.0,0.0,0.0,0.0,0.0,زرد,تک پوش,1.0,,nopicture.png
113,کار ساخته بازار,GD01015046 - هندسی,1.33,750.0,5.0,7.0,0.0,0.0,0.0,0.0,زرد,گوشواره,,,Img20260722-121.jpg
114,کار ساخته بازار,GD01015045 - هندسی,1.53,750.0,5.0,7.0,0.0,0.0,0.0,0.0,زرد,گوشواره,,,Img20260722-73.jpg
115,کار ساخته بازار,GD01015044 - هندسی,1.43,750.0,5.0,7.0,0.0,0.0,0.0,0.0,زرد,گوشواره,,,Img20260722-87.jpg
116,کار ساخته بازار,GD01015043 - الارا,2.71,750.0,6.0,7.0,0.0,0.0,0.0,0.0,زرد,انگشتر,,,Img20260721-395.jpg
117,کار ساخته بازار,GD01015042 - آینه ای,2.92,750.0,2.0,7.0,0.0,0.0,0.0,0.0,زرد,النگو,2.0,,Img20260721-865.jpg
118,کار ساخته بازار,GD01015041 - آینه ای,2.98,750.0,2.0,7.0,0.0,0.0,0.0,0.0,زرد,النگو,2.0,,Img20260721-555.jpg
119,کار ساخته بازار,GD01015040 - آینه ای,2.83,750.0,2.0,7.0,0.0,0.0,0.0,0.0,زرد,النگو,1.0,,Img20260721-592.jpg
120,کار ساخته بازار,GD01015039 - آینه ای,2.97,750.0,2.0,7.0,0.0,0.0,0.0,0.0,زرد,النگو,3.0,,Img20260721-470.jpg
121,کار ساخته بازار,GD01015038 - آینه ای,2.77,750.0,2.0,7.0,0.0,0.0,0.0,0.0,زرد,النگو,1.0,,Img20260721-146.jpg
122,کار ساخته بازار,GD01015037 - آینه ای,3.08,750.0,2.0,7.0,0.0,0.0,0.0,0.0,زرد,النگو,3.0,,Img20260727-646.jpg
123,کار ساخته بازار,GD01015034 - شانل,2.08,750.0,0.0,2.0,0.0,0.0,0.0,0.0,زرد,گوشواره,,,Img20260727-748.jpg
124,کار ساخته بازار,GD01015033 - شانل,2.46,750.0,0.0,2.0,0.0,0.0,0.0,0.0,زرد,گوشواره,,,Img20260727-465.jpg
125,کار ساخته بازار,GD01015032 - اوا,4.0,750.0,0.0,2.0,0.0,0.0,0.0,0.0,زرد,گوشواره,,,nopicture.png
126,کار ساخته بازار,GD01015031 - لیزری,1.93,750.0,0.0,2.0,0.0,0.0,0.0,0.0,زرد,گوشواره,,,nopicture.png
127,کار ساخته بازار,GD01015030 - ونکیلیف,2.43,750.0,0.0,2.0,0.0,0.0,0.0,0.0,زرد,مدال,,,Img20260727-560.jpg
128,کار ساخته بازار,GD01015029 - لوکس,3.22,750.0,0.0,2.0,0.0,0.0,0.0,0.0,زرد,مدال,,,Img20260727-732.jpg
129,کار ساخته بازار,GD01015027,1.47,750.0,0.0,2.0,0.0,0.0,0.0,0.0,زرد,گوشواره,,,Img20260720-641.jpg
130,کار ساخته بازار,GD01015022,1.72,750.0,0.0,2.0,0.0,0.0,0.0,0.0,زرد,گوشواره,,,Img20260720-983.jpg
131,کار ساخته بازار,GD01015017,3.64,750.0,0.0,2.0,0.0,0.0,0.0,0.0,زرد,زنجیر,,,Img20260720-15.jpg
132,کار ساخته بازار,GD01015016,4.76,750.0,0.0,2.0,0.0,0.0,0.0,0.0,زرد,زنجیر,,,nopicture.png
133,کار ساخته بازار,GD01015014 - وان یکاد,1.39,750.0,0.0,2.0,0.0,0.0,0.0,0.0,زرد,مدال,,,Img20260720-804.jpg
134,کار ساخته بازار,GD01015011,2.75,750.0,0.0,2.0,0.0,0.0,0.0,0.0,زرد,مدال,,,Img20260720-885.jpg
135,کار ساخته بازار,GD01015004,3.27,750.0,0.0,2.0,0.0,0.0,0.0,0.0,زرد,انگشتر,,,Img20260720-920.jpg
136,کار ساخته بازار,GD01015003,1.25,750.0,0.0,2.0,0.0,0.0,0.0,0.0,زرد,انگشتر,,,Img20260720-245.jpg
137,کار ساخته بازار,GD01015000,0.84,750.0,0.0,2.0,0.0,0.0,0.0,0.0,زرد,انگشتر,,,Img20260720-708.jpg
138,کار ساخته بازار,GD01014999,1.71,750.0,0.0,2.0,0.0,0.0,0.0,0.0,زرد,انگشتر,,,Img20260720-43.jpg
139,کار ساخته بازار,GD01014998 - لوکس,1.24,750.0,0.0,2.0,0.0,0.0,0.0,0.0,زرد,انگشتر,,,Img20260716-146.jpg
140,کار ساخته بازار,GD01014989 - پرسی,1.25,750.0,0.0,2.0,0.0,0.0,0.0,0.0,زرد,گوشواره,,,Img20260716-372.jpg
141,کار ساخته بازار,GD01014987 - حلقه ای,0.47,750.0,0.0,2.0,0.0,0.0,0.0,0.0,زرد,گوشواره,,,Img20260716-450.jpg
142,کار ساخته بازار,GD01014985 - دایان,2.0,750.0,0.0,2.0,0.0,0.0,0.0,0.0,زرد,گوشواره,,,Img20260716-110.jpg
143,کار ساخته بازار,GD01014983 - دلفین,0.57,750.0,0.0,2.0,0.0,0.0,0.0,0.0,زرد,مدال,,,Img20260716-166.jpg
144,کار ساخته بازار,GD01014981 - وان یکاد,0.91,750.0,0.0,2.0,0.0,0.0,0.0,0.0,زرد,مدال,,,Img20260716-413.jpg
145,کار ساخته بازار,GD01014980,2.18,750.0,0.0,2.0,0.0,0.0,0.0,0.0,زرد,زنجیر,,,Img20260716-859.jpg
146,کار ساخته بازار,GD01014979 - میرو,1.94,750.0,0.0,2.0,0.0,0.0,0.0,0.0,زرد,زنجیر,,,Img20260716-955.jpg
147,کار ساخته بازار,GD01014976 - لوکس,2.87,750.0,0.0,2.0,0.0,0.0,0.0,0.0,زرد,انگشتر,,,Img20260716-500.jpg
148,کار ساخته بازار,GD01014975 - لوکس,2.48,750.0,0.0,2.0,0.0,0.0,0.0,0.0,زرد,انگشتر,,,Img20260716-579.jpg
149,کار ساخته بازار,GD01014974 - لوکس,2.11,750.0,0.0,2.0,0.0,0.0,0.0,0.0,زرد,انگشتر,,,Img20260716-487.jpg
150,کار ساخته بازار,GD01014973 - لوکس,2.33,750.0,0.0,2.0,0.0,0.0,0.0,0.0,زرد,انگشتر,,,nopicture.png
151,کار ساخته بازار,GD01014968 - شیر و خورشید,2.32,750.0,12.5,12.5,0.0,0.0,0.0,0.0,زرد,مدال,,,Img20260716-411.jpg
152,کار ساخته بازار,GD01014965 - الکترو پروفیل,1.3,750.0,8.0,9.0,0.0,0.0,0.0,0.0,زرد,مدال,,,Img20260716-537.jpg
153,کار ساخته بازار,GD01014964 - لویی ویتون,4.75,750.0,8.5,10.0,0.0,0.0,0.0,0.0,زرد,دستبند,,,Img20260716-555.jpg
154,کار ساخته بازار,GD01014962 - آفتاب گردون,19.03,750.0,4.9,7.0,0.0,0.0,0.0,0.0,زرد,تک پوش,3.0,,Img20260716-881.jpg
155,کار ساخته بازار,GD01014961 - ٍآفتاب گردون,20.75,750.0,4.9,7.0,0.0,0.0,0.0,0.0,زرد,تک پوش,5.0,,Img20260716-170.jpg
156,کار ساخته بازار,GD01014960 - آفتاب گردون,18.37,750.0,4.9,7.0,0.0,0.0,0.0,0.0,زرد,تک پوش,2.0,,Img20260716-481.jpg
157,کار ساخته بازار,GD01014959 - 4060,3.93,750.0,4.0,7.0,0.0,0.0,0.0,0.0,سفید,النگو,1.0,,Img20260716-940.jpg
158,کار ساخته بازار,GD01014958 - 4060,4.29,750.0,4.0,7.0,0.0,0.0,0.0,0.0,سفید,النگو,1.0,,Img20260716-692.jpg
159,کار ساخته بازار,GD01014957 - 4060,4.2,750.0,4.0,7.0,0.0,0.0,0.0,0.0,سفید,النگو,1.0,,Img20260716-428.jpg
160,کار ساخته بازار,GD01014955 - 4060,4.16,750.0,4.0,7.0,0.0,0.0,0.0,0.0,سفید,النگو,1.0,,Img20260716-974.jpg
161,کار ساخته بازار,GD01014954 - 4060,4.68,750.0,4.0,7.0,0.0,0.0,0.0,0.0,سفید,النگو,1.0,,Img20260716-932.jpg
162,کار ساخته بازار,GD01014953 - 4060,4.26,750.0,4.0,7.0,0.0,0.0,0.0,0.0,سفید,النگو,1.0,,Img20260716-449.jpg
163,کار ساخته بازار,GD01014952 - امین,6.15,750.0,4.0,7.0,0.0,0.0,0.0,0.0,زرد,تک پوش,3.0,,Img20260716-769.jpg
164,کار ساخته بازار,GD01014950 - امین,5.32,750.0,4.0,7.0,0.0,0.0,0.0,0.0,زرد,تک پوش,1.0,,Img20260715-1608.jpg
165,کار ساخته بازار,GD01014946 - الکترو پروفیل,0.62,750.0,5.2,7.0,0.0,0.0,0.0,0.0,زرد,انگشتر,,,Img20260715-613.jpg
166,کار ساخته بازار,GD01014944 - 100,3.08,750.0,4.5,7.0,0.0,0.0,0.0,0.0,سفید,النگو,1.0,,Img20260715-940.jpg
167,کار ساخته بازار,GD01014942 - 100,3.22,750.0,4.5,7.0,0.0,0.0,0.0,0.0,سفید,النگو,2.0,,Img20260715-312.jpg
168,کار ساخته بازار,GD01014941 - 100,3.37,750.0,4.5,7.0,0.0,0.0,0.0,0.0,سفید,النگو,2.0,,Img20260715-744.jpg
169,کار ساخته بازار,GD01014940 - 100,3.23,750.0,4.5,7.0,0.0,0.0,0.0,0.0,سفید,النگو,2.0,,Img20260715-960.jpg
170,کار ساخته بازار,GD01014939 - 100,3.33,750.0,4.5,7.0,0.0,0.0,0.0,0.0,سفید,النگو,2.0,,Img20260715-451.jpg
171,کار ساخته بازار,GD01014938 - 100,3.24,750.0,4.5,7.0,0.0,0.0,0.0,0.0,سفید,النگو,2.0,,Img20260715-984.jpg
172,کار ساخته بازار,GD01014937 - 100,3.31,750.0,4.5,7.0,0.0,0.0,0.0,0.0,سفید,النگو,2.0,,Img20260715-962.jpg
173,کار ساخته بازار,GD01014936 - پرشین,1.85,750.0,3.5,7.0,0.0,0.0,0.0,0.0,سفید,النگو,1.0,,Img20260715-579.jpg
174,کار ساخته بازار,GD01014935 - پرشین,1.78,750.0,3.5,7.0,0.0,0.0,0.0,0.0,سفید,النگو,1.0,,Img20260715-209.jpg
175,کار ساخته بازار,GD01014934 - پرشین,1.63,750.0,3.5,7.0,0.0,0.0,0.0,0.0,سفید,النگو,1.0,,Img20260715-343.jpg
176,کار ساخته بازار,GD01014933 - پرشین,1.89,750.0,3.5,7.0,0.0,0.0,0.0,0.0,سفید,النگو,1.0,,Img20260715-590.jpg
177,کار ساخته بازار,GD01014932 - پرشین,1.82,750.0,3.5,7.0,0.0,0.0,0.0,0.0,سفید,النگو,1.0,,Img20260715-516.jpg
178,کار ساخته بازار,GD01014931 - پرشین,2.02,750.0,3.5,7.0,0.0,0.0,0.0,0.0,سفید,النگو,1.0,,Img20260715-25.jpg
179,کار ساخته بازار,GD01014930 - پرشین,1.94,750.0,3.5,7.0,0.0,0.0,0.0,0.0,سفید,النگو,1.0,,Img20260715-722.jpg
180,کار ساخته بازار,GD01014929 - پرشین,2.01,750.0,3.5,7.0,0.0,0.0,0.0,0.0,سفید,النگو,2.0,,Img20260715-495.jpg
181,کار ساخته بازار,GD01014928 - پرشین,1.95,750.0,3.5,7.0,0.0,0.0,0.0,0.0,سفید,النگو,2.0,,Img20260715-239.jpg
182,کار ساخته بازار,GD01014927 - پرشین,2.05,750.0,3.5,7.0,0.0,0.0,0.0,0.0,سفید,النگو,2.0,,Img20260715-176.jpg
183,کار ساخته بازار,GD01014926 - پرشین,2.0,750.0,3.5,7.0,0.0,0.0,0.0,0.0,سفید,النگو,2.0,,Img20260715-978.jpg
184,کار ساخته بازار,GD01014925 - پرشین,1.86,750.0,3.5,7.0,0.0,0.0,0.0,0.0,سفید,النگو,2.0,,Img20260715-578.jpg
185,کار ساخته بازار,GD01014924 - پرشین,2.09,750.0,3.5,7.0,0.0,0.0,0.0,0.0,سفید,النگو,3.0,,Img20260715-531.jpg
186,کار ساخته بازار,GD01014923 - پرشین,2.07,750.0,3.5,7.0,0.0,0.0,0.0,0.0,سفید,النگو,3.0,,Img20260715-678.jpg
187,کار ساخته بازار,GD01014922 - پرشین,2.06,750.0,3.5,7.0,0.0,0.0,0.0,0.0,سفید,النگو,3.0,,Img20260715-704.jpg
188,کار ساخته بازار,GD01014921 - پرشین,2.05,750.0,3.5,7.0,0.0,0.0,0.0,0.0,سفید,النگو,3.0,,Img20260715-542.jpg
189,کار ساخته بازار,GD01014920 - پرشین,1.99,750.0,3.5,7.0,0.0,0.0,0.0,0.0,سفید,النگو,3.0,,Img20260715-471.jpg
190,کار ساخته بازار,GD01014919 - پرشین,2.06,750.0,3.5,7.0,0.0,0.0,0.0,0.0,سفید,النگو,3.0,,Img20260715-121.jpg
191,کار ساخته بازار,GD01014918 - پرشین,2.21,750.0,3.5,7.0,0.0,0.0,0.0,0.0,زرد,النگو,3.0,,Img20260715-969.jpg
192,کار ساخته بازار,GD01014917 - پرشین,2.12,750.0,3.5,7.0,0.0,0.0,0.0,0.0,زرد,النگو,3.0,,Img20260715-1544.jpg
193,کار ساخته بازار,GD01014916 - پرشین,2.03,750.0,3.5,7.0,0.0,0.0,0.0,0.0,زرد,النگو,3.0,,Img20260715-876.jpg
194,کار ساخته بازار,GD01014914 - پرشین,2.0,750.0,3.5,7.0,0.0,0.0,0.0,0.0,زرد,النگو,2.0,,Img20260715-363.jpg
195,کار ساخته بازار,GD01014913 - پرشین,1.98,750.0,3.5,7.0,0.0,0.0,0.0,0.0,زرد,النگو,2.0,,Img20260715-818.jpg
196,کار ساخته بازار,GD01014912 - پرشین,1.98,750.0,3.5,7.0,0.0,0.0,0.0,0.0,زرد,النگو,2.0,,Img20260715-852.jpg
197,کار ساخته بازار,GD01014911 - پرشین,1.89,750.0,3.5,7.0,0.0,0.0,0.0,0.0,زرد,النگو,2.0,,Img20260715-868.jpg
198,کار ساخته بازار,GD01014910 - پرشین,1.88,750.0,3.5,7.0,0.0,0.0,0.0,0.0,زرد,النگو,2.0,,Img20260715-965.jpg
199,کار ساخته بازار,GD01014909 - پرشین,1.87,750.0,3.5,7.0,0.0,0.0,0.0,0.0,زرد,النگو,2.0,,Img20260715-196.jpg
200,کار ساخته بازار,GD01014908 - پرشین,1.95,750.0,3.5,7.0,0.0,0.0,0.0,0.0,زرد,النگو,2.0,,Img20260715-26.jpg
201,کار ساخته بازار,GD01014907 - پرشین,1.9,750.0,3.5,7.0,0.0,0.0,0.0,0.0,زرد,النگو,1.0,,Img20260715-143.jpg
202,کار ساخته بازار,GD01014906 - پرشین,1.83,750.0,3.5,7.0,0.0,0.0,0.0,0.0,زرد,النگو,1.0,,Img20260715-646.jpg
203,کار ساخته بازار,GD01014905 - پرشین,1.78,750.0,3.5,7.0,0.0,0.0,0.0,0.0,زرد,النگو,1.0,,Img20260715-565.jpg
204,کار ساخته بازار,GD01014904 - پرشین,1.98,750.0,3.5,7.0,0.0,0.0,0.0,0.0,زرد,النگو,1.0,,Img20260715-375.jpg
205,کار ساخته بازار,GD01014903 - پرشین,1.84,750.0,3.5,7.0,0.0,0.0,0.0,0.0,زرد,النگو,1.0,,Img20260715-242.jpg
206,کار ساخته بازار,GD01014902 - پرشین,1.92,750.0,3.5,7.0,0.0,0.0,0.0,0.0,زرد,النگو,1.0,,Img20260715-913.jpg
207,کار ساخته بازار,GD01014901 - آرین,6.69,750.0,3.5,7.0,0.0,0.0,0.0,0.0,زرد,النگو,4.0,,Img20260715-99.jpg
208,کار ساخته بازار,GD01014900 - پرش,5.78,750.0,4.0,7.0,0.0,0.0,0.0,0.0,زرد,النگو,1.0,,Img20260715-338.jpg
209,کار ساخته بازار,GD01014899 - 630,5.23,750.0,6.0,7.0,0.0,0.0,0.0,0.0,زرد,النگو,3.0,,Img20260715-70.jpg
210,کار ساخته بازار,GD01014898 - 630,5.22,750.0,6.0,7.0,0.0,0.0,0.0,0.0,زرد,النگو,3.0,,Img20260715-1109.jpg
211,کار ساخته بازار,GD01014897 - 630,4.83,750.0,6.0,7.0,0.0,0.0,0.0,0.0,زرد,النگو,1.0,,Img20260715-604.jpg
212,کار ساخته بازار,GD01014896 - 630,4.82,750.0,6.0,7.0,0.0,0.0,0.0,0.0,زرد,النگو,1.0,,Img20260715-214.jpg
213,کار ساخته بازار,GD01014895 - 710,4.74,750.0,6.0,7.0,0.0,0.0,0.0,0.0,زرد,النگو,2.0,,Img20260715-274.jpg
214,کار ساخته بازار,GD01014894 - تراش,6.46,750.0,3.7,7.0,0.0,0.0,0.0,0.0,زرد,النگو,1.0,,Img20260715-653.jpg
215,کار ساخته بازار,GD01014893 - 609,6.35,750.0,3.7,7.0,0.0,0.0,0.0,0.0,زرد,النگو,1.0,,Img20260715-771.jpg
216,کار ساخته بازار,GD01014892 - تراش,5.4,750.0,3.5,7.0,0.0,0.0,0.0,0.0,زرد,تک پوش,0.4,,Img20260715-615.jpg
217,کار ساخته بازار,GD01014891 - تراش,5.53,750.0,3.5,7.0,0.0,0.0,0.0,0.0,زرد,تک پوش,0.5,,Img20260715-532.jpg
218,کار ساخته بازار,GD01014890 - تراش,4.03,750.0,3.5,7.0,0.0,0.0,0.0,0.0,زرد,تک پوش,0.1,,Img20260715-1607.jpg
219,کار ساخته بازار,GD01014889 - تراش,5.13,750.0,3.5,7.0,0.0,0.0,0.0,0.0,زرد,تک پوش,0.3,,Img20260715-681.jpg
220,کار ساخته بازار,GD01014888 - تراش,4.64,750.0,3.5,7.0,0.0,0.0,0.0,0.0,زرد,تک پوش,0.2,,Img20260715-577.jpg
221,کار ساخته بازار,GD01014887 - فالکون,2.2,750.0,10.5,12.0,0.0,0.0,0.0,0.0,زرد,انگشتر,,,Img20260715-351.jpg
222,کار ساخته بازار,GD01014886 - فالکون,2.0,750.0,10.5,12.0,0.0,0.0,0.0,0.0,زرد,انگشتر,,,Img20260715-74.jpg
223,کار ساخته بازار,GD01014884 - تراش,2.37,750.0,10.0,11.0,0.0,0.0,0.0,0.0,زرد,گوشواره,,,Img20260715-584.jpg
224,کار ساخته بازار,GD01014883 - تراش,1.13,750.0,8.2,9.0,0.0,0.0,0.0,0.0,زرد,گوشواره,,,Img20260715-384.jpg
225,کار ساخته بازار,GD01014882 - تراش,1.55,750.0,8.2,9.0,0.0,0.0,0.0,0.0,زرد,گوشواره,,,Img20260715-417.jpg
226,کار ساخته بازار,GD01014879 - لیانا,6.57,750.0,4.5,7.0,0.0,0.0,0.0,0.0,زرد,تک پوش,2.0,,Img20260715-998.jpg
227,کار ساخته بازار,GD01014878 - ثنا,6.44,750.0,5.5,7.0,0.0,0.0,0.0,0.0,زرد,تک پوش,3.0,,Img20260715-342.jpg
228,کار ساخته بازار,GD01014877 - ثنا,6.86,750.0,5.5,7.0,0.0,0.0,0.0,0.0,زرد,تک پوش,2.0,,Img20260715-745.jpg
229,کار ساخته بازار,GD01014876 - ثنا,6.42,750.0,5.5,7.0,0.0,0.0,0.0,0.0,زرد,تک پوش,1.0,,Img20260715-282.jpg
230,کار ساخته بازار,GD01014875 - تراش,0.7,750.0,6.5,8.0,0.0,0.0,0.0,0.0,زرد,گوشواره,,,Img20260715-352.jpg
231,کار ساخته بازار,GD01014874 - تراش,0.72,750.0,6.5,8.0,0.0,0.0,0.0,0.0,زرد,گوشواره,,,Img20260715-462.jpg
232,کار ساخته بازار,GD01014873 - الکترو پروفیل,0.55,750.0,5.5,7.0,0.0,0.0,0.0,0.0,زرد,انگشتر,,,Img20260715-990.jpg
233,کار ساخته بازار,GD01014872 - الکترو پروفیل,0.56,750.0,5.5,7.0,0.0,0.0,0.0,0.0,زرد,انگشتر,,,Img20260715-701.jpg
234,کار ساخته بازار,GD01014871 - الکترو پروفیل,0.64,750.0,5.5,7.0,0.0,0.0,0.0,0.0,زرد,انگشتر,,,Img20260715-400.jpg
235,کار ساخته بازار,GD01014870 - شانل,1.55,750.0,5.5,7.0,0.0,0.0,0.0,0.0,زرد,گوشواره,,,Img20260715-782.jpg
236,کار ساخته بازار,GD01014869 - شانل,4.46,750.0,5.5,7.0,0.0,0.0,0.0,0.0,زرد,گردنبند,,,Img20260715-208.jpg
237,کار ساخته بازار,GD01014868 - شانل,2.4,750.0,5.5,7.0,0.0,0.0,0.0,0.0,زرد,دستبند,,,Img20260715-848.jpg
238,کار ساخته بازار,GD01014867 - باران,1.4,750.0,4.0,7.0,0.0,0.0,0.0,0.0,دو رنگ,گوشواره,,,Img20260715-875.jpg
239,کار ساخته بازار,GD01014864 - باران,1.3,750.0,4.0,7.0,0.0,0.0,0.0,0.0,دو رنگ,گوشواره,,,Img20260715-165.jpg
240,کار ساخته بازار,GD01014862 - باران,1.49,750.0,4.0,7.0,0.0,0.0,0.0,0.0,دو رنگ,گوشواره,,,Img20260715-514.jpg
241,کار ساخته بازار,GD01014861 - عقیق,3.69,750.0,16.0,17.0,0.0,0.0,0.0,0.0,زرد,انگشتر,,,Img20260715-989.jpg
242,کار ساخته بازار,GD01014860 - 100,3.27,750.0,4.0,7.0,0.0,0.0,0.0,0.0,سفید,النگو,1.0,,Img20260715-649.jpg
243,کار ساخته بازار,GD01014859 - 100,3.16,750.0,4.0,7.0,0.0,0.0,0.0,0.0,سفید,النگو,1.0,,Img20260715-123.jpg
244,کار ساخته بازار,GD01014858 - 100,3.16,750.0,4.0,7.0,0.0,0.0,0.0,0.0,سفید,النگو,1.0,,Img20260715-304.jpg
245,کار ساخته بازار,GD01014854 - آلارز,2.89,750.0,2.5,7.0,0.0,0.0,0.0,0.0,زرد,النگو,3.0,,Img20260715-781.jpg
246,کار ساخته بازار,GD01014853 - آلارز,2.53,750.0,2.5,7.0,0.0,0.0,0.0,0.0,زرد,النگو,2.0,,Img20260715-768.jpg
247,کار ساخته بازار,GD01014852 - آلارز,2.67,750.0,2.5,7.0,0.0,0.0,0.0,0.0,زرد,النگو,2.0,,Img20260715-133.jpg
248,کار ساخته بازار,GD01014851 - آلارز,2.73,750.0,2.5,7.0,0.0,0.0,0.0,0.0,زرد,النگو,2.0,,Img20260715-927.jpg
249,کار ساخته بازار,GD01014850 - آلارز,2.76,750.0,2.5,7.0,0.0,0.0,0.0,0.0,زرد,النگو,1.0,,Img20260715-806.jpg
250,کار ساخته بازار,GD01014848 - آلارز,2.59,750.0,2.5,7.0,0.0,0.0,0.0,0.0,زرد,النگو,1.0,,Img20260716-374.jpg
251,کار ساخته بازار,GD01014847,3.03,750.0,7.5,9.0,0.0,0.0,0.0,0.0,زرد,زنجیر,,,Img20260716-710.jpg
252,کار ساخته بازار,GD01014845,1.46,750.0,5.5,7.0,0.0,0.0,0.0,0.0,زرد,زنجیر,,,Img20260714-40.jpg
253,کار ساخته بازار,GD01014838 - شهیاد,5.34,750.0,1.9,7.0,0.0,0.0,0.0,0.0,زرد,النگو,3.0,,Img20260714-124.jpg
254,کار ساخته بازار,GD01014837 - شهیاد,5.35,750.0,1.9,7.0,0.0,0.0,0.0,0.0,زرد,النگو,3.0,,Img20260714-975.jpg
255,کار ساخته بازار,GD01014836 - شهیاد,5.17,750.0,1.9,7.0,0.0,0.0,0.0,0.0,زرد,النگو,3.0,,Img20260714-972.jpg
256,کار ساخته بازار,GD01014835 - شهیاد,5.33,750.0,1.9,7.0,0.0,0.0,0.0,0.0,زرد,النگو,3.0,,Img20260714-230.jpg
257,کار ساخته بازار,GD01014834 - شهیاد,5.4,750.0,1.9,7.0,0.0,0.0,0.0,0.0,زرد,النگو,3.0,,Img20260714-160.jpg
258,کار ساخته بازار,GD01014833 - شهیاد,5.25,750.0,1.9,7.0,0.0,0.0,0.0,0.0,زرد,النگو,3.0,,Img20260714-899.jpg
259,کار ساخته بازار,GD01014832 - شهیاد,4.89,750.0,1.9,7.0,0.0,0.0,0.0,0.0,زرد,النگو,2.0,,Img20260714-181.jpg
260,کار ساخته بازار,GD01014831 - شهیاد,4.84,750.0,1.9,7.0,0.0,0.0,0.0,0.0,زرد,النگو,2.0,,Img20260714-298.jpg
261,کار ساخته بازار,GD01014826 - دیاکو سفید,5.65,750.0,3.5,7.0,0.0,0.0,0.0,0.0,سفید,تک پوش,3.0,,Img20260714-94.jpg
262,کار ساخته بازار,GD01014825 - ونکلیف تراش,1.04,750.0,6.5,8.0,0.0,0.0,0.0,0.0,زرد,مدال,,,Img20260714-257.jpg
263,کار ساخته بازار,GD01014824 - ونکلیف تراش,0.76,750.0,6.5,8.0,0.0,0.0,0.0,0.0,زرد,مدال,,,Img20260714-59.jpg
264,کار ساخته بازار,GD01014823 - ونکلیف تراش,1.62,750.0,6.5,8.0,0.0,0.0,0.0,0.0,زرد,گوشواره,,,Img20260714-695.jpg
265,کار ساخته بازار,GD01014822 - ونکلیف تراش,1.89,750.0,6.5,8.0,0.0,0.0,0.0,0.0,زرد,گوشواره,,,Img20260714-307.jpg
266,کار ساخته بازار,GD01014819 - شانل,2.59,750.0,4.0,7.0,0.0,0.0,0.0,0.0,زرد,دستبند,,,Img20260714-908.jpg
267,کار ساخته بازار,GD01014809 - اپل,4.48,750.0,6.5,8.0,0.0,0.0,0.0,0.0,دو رنگ,النگو,3.0,,Img20260714-828.jpg
268,کار ساخته بازار,GD01014808 - اپل,4.51,750.0,6.5,8.0,0.0,0.0,0.0,0.0,دو رنگ,النگو,3.0,,Img20260714-524.jpg
269,کار ساخته بازار,GD01014807 - اپل,4.33,750.0,6.5,8.0,0.0,0.0,0.0,0.0,دو رنگ,النگو,3.0,,Img20260714-396.jpg
270,کار ساخته بازار,GD01014806 - اپل,4.02,750.0,6.5,8.0,0.0,0.0,0.0,0.0,دو رنگ,النگو,3.0,,Img20260714-500.jpg
271,کار ساخته بازار,GD01014805 - اپل,4.05,750.0,6.5,8.0,0.0,0.0,0.0,0.0,دو رنگ,النگو,3.0,,Img20260714-523.jpg
272,کار ساخته بازار,GD01014804 - اپل,4.09,750.0,6.5,8.0,0.0,0.0,0.0,0.0,دو رنگ,النگو,3.0,,Img20260714-186.jpg
273,کار ساخته بازار,GD01014803 - اپل,3.75,750.0,6.5,8.0,0.0,0.0,0.0,0.0,دو رنگ,النگو,2.0,,Img20260714-336.jpg
274,کار ساخته بازار,GD01014802 - اپل,4.34,750.0,6.5,8.0,0.0,0.0,0.0,0.0,دو رنگ,النگو,2.0,,Img20260714-194.jpg
275,کار ساخته بازار,GD01014801 - اپل,4.46,750.0,6.5,8.0,0.0,0.0,0.0,0.0,دو رنگ,النگو,2.0,,Img20260714-545.jpg
276,کار ساخته بازار,GD01014800 - اپل,3.69,750.0,6.5,8.0,0.0,0.0,0.0,0.0,دو رنگ,النگو,2.0,,Img20260714-747.jpg
277,کار ساخته بازار,GD01014799 - اپل,4.16,750.0,6.5,8.0,0.0,0.0,0.0,0.0,دو رنگ,النگو,2.0,,Img20260714-407.jpg
278,کار ساخته بازار,GD01014798 - اپل,3.94,750.0,6.5,8.0,0.0,0.0,0.0,0.0,دو رنگ,النگو,2.0,,Img20260714-80.jpg
279,کار ساخته بازار,GD01014797 - اپل,3.51,750.0,6.5,8.0,0.0,0.0,0.0,0.0,دو رنگ,النگو,1.0,,Img20260714-636.jpg
280,کار ساخته بازار,GD01014796 - اپل,3.85,750.0,6.5,8.0,0.0,0.0,0.0,0.0,دو رنگ,النگو,1.0,,Img20260714-85.jpg
281,کار ساخته بازار,GD01014795 - اپل,3.81,750.0,6.5,8.0,0.0,0.0,0.0,0.0,دو رنگ,النگو,1.0,,Img20260714-564.jpg
282,کار ساخته بازار,GD01014794 - اپل,3.66,750.0,6.5,8.0,0.0,0.0,0.0,0.0,دو رنگ,النگو,1.0,,Img20260714-43.jpg
283,کار ساخته بازار,GD01014793 - اپل,4.1,750.0,6.5,8.0,0.0,0.0,0.0,0.0,دو رنگ,النگو,1.0,,Img20260714-640.jpg
284,کار ساخته بازار,GD01014792 - اپل,4.28,750.0,6.5,8.0,0.0,0.0,0.0,0.0,دو رنگ,النگو,1.0,,Img20260714-225.jpg
285,کار ساخته بازار,GD01014790 - تراش,2.82,750.0,0.0,2.0,0.0,0.0,0.0,0.0,دو رنگ,گوشواره,,,Img20260714-625.jpg
286,کار ساخته بازار,GD01014789 - تراش,4.3,750.0,0.0,2.0,0.0,0.0,0.0,0.0,دو رنگ,دستبند,,,Img20260714-332.jpg
287,کار ساخته بازار,GD01014788,6.53,750.0,0.0,2.0,0.0,0.0,0.0,0.0,زرد,دستبند,,,Img20260714-543.jpg
288,کار ساخته بازار,GD01014787 - دراگون,11.29,750.0,0.0,2.0,0.0,0.0,0.0,0.0,دو رنگ,گردنبند,,,Img20260714-373.jpg
289,کار ساخته بازار,GD01014786 - طرح عربی,14.89,750.0,0.0,2.0,0.0,0.0,0.0,0.0,دو رنگ,گردنبند,,,nopicture.png
290,کار ساخته بازار,GD01014781,2.43,750.0,9.0,10.0,0.0,0.0,0.0,0.0,زرد,مدال,,,nopicture.png
291,کار ساخته بازار,GD01014773,1.34,750.0,7.0,8.0,0.0,0.0,0.0,0.0,زرد,مدال,,,nopicture.png
292,کار ساخته بازار,GD01014772,0.83,750.0,7.0,8.0,0.0,0.0,0.0,0.0,زرد,مدال,,,nopicture.png
293,کار ساخته بازار,GD01014771,1.61,750.0,9.0,9.0,0.0,0.0,0.0,0.0,زرد,مدال,,,Img20260713-193.jpg
294,کار ساخته بازار,GD01014767 - گندمی,3.36,750.0,0.0,2.0,0.0,0.0,0.0,0.0,زرد,گوشواره,,,Img20260713-459.jpg
295,کار ساخته بازار,GD01014766 - زنجیری,3.02,750.0,0.0,2.0,0.0,0.0,0.0,0.0,زرد,گوشواره,,,Img20260713-988.jpg
296,کار ساخته بازار,GD01014762 - 726,3.49,750.0,3.0,7.0,0.0,0.0,0.0,0.0,سفید,النگو,1.0,,Img20260713-769.jpg
297,کار ساخته بازار,GD01014761 - 726,3.64,750.0,3.0,7.0,0.0,0.0,0.0,0.0,سفید,النگو,1.0,,Img20260713-613.jpg
298,کار ساخته بازار,GD01014759,3.27,750.0,2.0,7.0,0.0,0.0,0.0,0.0,زرد,النگو,3.0,,Img20260713-415.jpg
299,کار ساخته بازار,GD01014758,3.17,750.0,2.0,7.0,0.0,0.0,0.0,0.0,زرد,النگو,3.0,,Img20260713-425.jpg
300,کار ساخته بازار,GD01014757,3.18,750.0,2.0,7.0,0.0,0.0,0.0,0.0,زرد,النگو,3.0,,Img20260713-275.jpg
301,کار ساخته بازار,GD01014756,3.14,750.0,2.0,7.0,0.0,0.0,0.0,0.0,زرد,النگو,3.0,,Img20260713-636.jpg
302,کار ساخته بازار,GD01014755,3.28,750.0,2.0,7.0,0.0,0.0,0.0,0.0,زرد,النگو,3.0,,Img20260713-712.jpg
303,کار ساخته بازار,GD01014752,2.8,750.0,2.0,7.0,0.0,0.0,0.0,0.0,زرد,النگو,1.0,,Img20260713-573.jpg
304,کار ساخته بازار,GD01014751,2.66,750.0,2.0,7.0,0.0,0.0,0.0,0.0,زرد,النگو,1.0,,Img20260713-470.jpg
305,کار ساخته بازار,GD01014746,2.63,750.0,2.0,7.0,0.0,0.0,0.0,0.0,زرد,النگو,1.0,,Img20260713-94.jpg
306,کار ساخته بازار,GD01014745,2.62,750.0,2.0,7.0,0.0,0.0,0.0,0.0,زرد,النگو,1.0,,Img20260713-289.jpg
307,کار ساخته بازار,GD01014743 - 603,3.2,750.0,2.0,7.0,0.0,0.0,0.0,0.0,زرد,النگو,3.0,,Img20260713-871.jpg
308,کار ساخته بازار,GD01014742 - 603,3.26,750.0,2.0,7.0,0.0,0.0,0.0,0.0,زرد,النگو,3.0,,Img20260713-667.jpg
309,کار ساخته بازار,GD01014741 - 603,3.26,750.0,2.0,7.0,0.0,0.0,0.0,0.0,زرد,النگو,3.0,,Img20260713-462.jpg
310,کار ساخته بازار,GD01014740 - 603,3.29,750.0,2.0,7.0,0.0,0.0,0.0,0.0,زرد,النگو,3.0,,Img20260713-570.jpg
311,کار ساخته بازار,GD01014734 - 603,2.58,750.0,2.0,7.0,0.0,0.0,0.0,0.0,زرد,النگو,1.0,,Img20260713-373.jpg
312,کار ساخته بازار,GD01014733 - 603,2.62,750.0,2.0,7.0,0.0,0.0,0.0,0.0,زرد,النگو,1.0,,Img20260713-556.jpg
313,کار ساخته بازار,GD01014732 - 603,2.68,750.0,2.0,7.0,0.0,0.0,0.0,0.0,زرد,النگو,1.0,,Img20260713-952.jpg
314,کار ساخته بازار,GD01014731 - 603,2.63,750.0,2.0,7.0,0.0,0.0,0.0,0.0,زرد,النگو,1.0,,Img20260713-986.jpg
315,کار ساخته بازار,GD01014730 - 603,2.67,750.0,2.0,7.0,0.0,0.0,0.0,0.0,زرد,النگو,1.0,,Img20260713-964.jpg
316,کار ساخته بازار,GD01014729 - 603,2.61,750.0,2.0,7.0,0.0,0.0,0.0,0.0,زرد,النگو,1.0,,Img20260713-912.jpg
317,کار ساخته بازار,GD01014728 - 603,2.87,750.0,2.5,7.0,0.0,0.0,0.0,0.0,سفید,النگو,2.0,,Img20260713-480.jpg
318,کار ساخته بازار,GD01014727 - 603,2.86,750.0,2.5,7.0,0.0,0.0,0.0,0.0,سفید,النگو,2.0,,Img20260713-214.jpg
319,کار ساخته بازار,GD01014726 - 603,2.76,750.0,2.5,7.0,0.0,0.0,0.0,0.0,سفید,النگو,2.0,,Img20260713-940.jpg
320,کار ساخته بازار,GD01014725 - 603,2.85,750.0,2.5,7.0,0.0,0.0,0.0,0.0,سفید,النگو,2.0,,Img20260713-24.jpg
321,کار ساخته بازار,GD01014724 - 603,3.24,750.0,2.5,7.0,0.0,0.0,0.0,0.0,سفید,النگو,3.0,,Img20260713-969.jpg
322,کار ساخته بازار,GD01014723 - 603,3.42,750.0,2.5,7.0,0.0,0.0,0.0,0.0,سفید,النگو,3.0,,Img20260713-936.jpg
323,کار ساخته بازار,GD01014722 - 603,3.31,750.0,2.5,7.0,0.0,0.0,0.0,0.0,سفید,النگو,3.0,,Img20260713-794.jpg
324,کار ساخته بازار,GD01014721 - 603,3.22,750.0,2.5,7.0,0.0,0.0,0.0,0.0,سفید,النگو,3.0,,Img20260713-983.jpg
325,کار ساخته بازار,GD01014720 - 603,3.25,750.0,2.5,7.0,0.0,0.0,0.0,0.0,سفید,النگو,3.0,,Img20260713-494.jpg
326,کار ساخته بازار,GD01014719 - 603,2.65,750.0,2.5,7.0,0.0,0.0,0.0,0.0,سفید,النگو,1.0,,Img20260713-532.jpg
327,کار ساخته بازار,GD01014718 - 603,2.63,750.0,2.5,7.0,0.0,0.0,0.0,0.0,سفید,النگو,1.0,,Img20260713-111.jpg
328,کار ساخته بازار,GD01014717 - 603,2.78,750.0,2.5,7.0,0.0,0.0,0.0,0.0,سفید,النگو,1.0,,Img20260713-243.jpg
329,کار ساخته بازار,GD01014716 - 603,2.67,750.0,2.5,7.0,0.0,0.0,0.0,0.0,سفید,النگو,1.0,,Img20260713-713.jpg
330,کار ساخته بازار,GD01014715 - 603,2.68,750.0,2.5,7.0,0.0,0.0,0.0,0.0,سفید,النگو,1.0,,Img20260713-358.jpg
331,کار ساخته بازار,GD01014714 - 603,2.61,750.0,2.5,7.0,0.0,0.0,0.0,0.0,سفید,النگو,1.0,,Img20260713-996.jpg
332,کار ساخته بازار,GD01014712,2.65,750.0,6.8,8.0,0.0,0.0,0.0,0.0,زرد,انگشتر,,,Img20260713-894.jpg
333,کار ساخته بازار,GD01014711,2.86,750.0,2.5,7.0,0.0,0.0,0.0,0.0,زرد,النگو,2.0,,Img20260713-232.jpg
334,کار ساخته بازار,GD01014710,2.97,750.0,2.5,7.0,0.0,0.0,0.0,0.0,زرد,النگو,2.0,,Img20260713-504.jpg
335,کار ساخته بازار,GD01014709,2.67,750.0,2.5,7.0,0.0,0.0,0.0,0.0,زرد,النگو,2.0,,Img20260713-678.jpg
336,کار ساخته بازار,GD01014708,2.67,750.0,2.5,7.0,0.0,0.0,0.0,0.0,زرد,النگو,1.0,,Img20260713-478.jpg
337,کار ساخته بازار,GD01014706,2.65,750.0,2.5,7.0,0.0,0.0,0.0,0.0,زرد,النگو,1.0,,Img20260713-976.jpg
338,کار ساخته بازار,GD01014703,2.23,750.0,4.5,7.0,0.0,0.0,0.0,0.0,زرد,گوشواره,,,Img20260713-900.jpg
339,کار ساخته بازار,GD01014696,2.9,750.0,2.0,7.0,0.0,0.0,0.0,0.0,زرد,النگو,1.0,,Img20260713-542.jpg
340,کار ساخته بازار,GD01014693 - منتخب,3.9,750.0,0.0,2.0,0.0,0.0,0.0,0.0,زرد,النگو,1.0,,Img20260712-366.jpg
341,کار ساخته بازار,GD01014690 - منتخب 2017,3.96,750.0,0.0,2.0,0.0,0.0,0.0,0.0,زرد,النگو,1.0,,Img20260712-743.jpg
342,کار ساخته بازار,GD01014679 - ژاپنی,1.55,750.0,0.0,2.0,0.0,0.0,0.0,0.0,زرد,گوشواره,,,Img20260712-623.jpg
343,کار ساخته بازار,GD01014678 - حلقه ای,0.88,750.0,0.0,2.0,0.0,0.0,0.0,0.0,زرد,گوشواره,,,Img20260712-157.jpg
344,کار ساخته بازار,GD01014677 - حلقه ای,2.45,750.0,0.0,2.0,0.0,0.0,0.0,0.0,زرد,گوشواره,,,Img20260712-569.jpg
345,کار ساخته بازار,GD01014676 - حلقه ای,1.61,750.0,0.0,2.0,0.0,0.0,0.0,0.0,زرد,گوشواره,,,Img20260712-897.jpg
346,کار ساخته بازار,GD01014673 - بحرینی,7.07,750.0,0.0,2.0,0.0,0.0,0.0,0.0,زرد,گوشواره,,,nopicture.png
347,کار ساخته بازار,GD01014672 - ونکلیف,7.03,750.0,0.0,2.0,0.0,0.0,0.0,0.0,زرد,تک پوش,,,Img20260720-451.jpg
348,کار ساخته بازار,GD01014666 - دم وال,0.3,750.0,0.0,12.0,7500000.0,7500000.0,0.0,0.0,زرد,مدال,,,Img20260711-214.jpg
349,کار ساخته بازار,GD01014661 - دایان,1.1,750.0,0.0,2.0,0.0,0.0,0.0,0.0,زرد,گوشواره,,,Img20260711-705.jpg
350,کار ساخته بازار,GD01014659 - برگی,1.87,750.0,0.0,2.0,0.0,0.0,0.0,0.0,زرد,گوشواره,,,Img20260711-379.jpg
351,کار ساخته بازار,GD01014658 - برگ,0.72,750.0,0.0,2.0,0.0,0.0,0.0,0.0,زرد,مدال,,,Img20260711-8.jpg
352,کار ساخته بازار,GD01014657 - مذهبی,1.5,750.0,0.0,2.0,0.0,0.0,0.0,0.0,زرد,مدال,,,Img20260711-139.jpg
353,کار ساخته بازار,GD01014656 - M,1.21,750.0,0.0,2.0,0.0,0.0,0.0,0.0,زرد,مدال,,,Img20260711-788.jpg
354,کار ساخته بازار,GD01014655 - لوکس,2.55,750.0,0.0,2.0,0.0,0.0,0.0,0.0,زرد,انگشتر,,,Img20260711-896.jpg
355,کار ساخته بازار,GD01014650 - میرو,3.6,750.0,0.0,2.0,0.0,0.0,0.0,0.0,زرد,زنجیر,,,Img20260711-842.jpg
356,کار ساخته بازار,GD01014649 - گیوا,2.0,750.0,0.0,2.0,0.0,0.0,0.0,0.0,زرد,انگشتر,,,Img20260711-427.jpg
357,کار ساخته بازار,GD01014648 - بحرینی,2.07,750.0,3.8,7.0,0.0,0.0,0.0,0.0,زرد,انگشتر,,,Img20260711-876.jpg
358,کار ساخته بازار,GD01014646 - بحرینی,1.38,750.0,3.8,7.0,0.0,0.0,0.0,0.0,زرد,انگشتر,,,Img20260711-1106.jpg
359,کار ساخته بازار,GD01014641 - بحرینی,2.85,750.0,3.8,7.0,0.0,0.0,0.0,0.0,زرد,انگشتر,,,Img20260711-434.jpg
360,کار ساخته بازار,GD01014640 - پیچ,3.52,750.0,6.3,8.0,0.0,0.0,0.0,0.0,زرد,النگو,1.0,,Img20260711-703.jpg
361,کار ساخته بازار,GD01014639 - پیچ,3.53,750.0,6.3,8.0,0.0,0.0,0.0,0.0,زرد,النگو,1.0,,Img20260711-316.jpg
362,کار ساخته بازار,GD01014638 - پیچ,3.67,750.0,6.3,8.0,0.0,0.0,0.0,0.0,زرد,النگو,1.0,,Img20260711-69.jpg
363,کار ساخته بازار,GD01014636 - پیچ,3.55,750.0,6.3,8.0,0.0,0.0,0.0,0.0,زرد,النگو,1.0,,Img20260711-665.jpg
364,کار ساخته بازار,GD01014635 - پیچ,3.72,750.0,6.3,8.0,0.0,0.0,0.0,0.0,زرد,النگو,1.0,,Img20260711-525.jpg
365,کار ساخته بازار,GD01014634 - پیچ,3.92,750.0,6.3,8.0,0.0,0.0,0.0,0.0,زرد,النگو,2.0,,Img20260711-57.jpg
366,کار ساخته بازار,GD01014633 - پیچ,4.05,750.0,6.3,8.0,0.0,0.0,0.0,0.0,زرد,النگو,2.0,,Img20260711-977.jpg
367,کار ساخته بازار,GD01014631 - پیچ,3.87,750.0,6.3,8.0,0.0,0.0,0.0,0.0,زرد,النگو,2.0,,Img20260711-500.jpg
368,کار ساخته بازار,GD01014629 - پیچ,4.03,750.0,6.3,8.0,0.0,0.0,0.0,0.0,زرد,النگو,2.0,,Img20260711-745.jpg
369,کار ساخته بازار,GD01014628 - پی کی,3.29,750.0,4.5,7.0,0.0,0.0,0.0,0.0,زرد,النگو,1.0,,Img20260711-625.jpg
370,کار ساخته بازار,GD01014627 - پی کی,3.48,750.0,4.5,7.0,0.0,0.0,0.0,0.0,زرد,النگو,1.0,,Img20260711-535.jpg
371,کار ساخته بازار,GD01014625 - 1500,5.78,750.0,4.6,7.0,0.0,0.0,0.0,0.0,دو رنگ,تک پوش,,,Img20260711-227.jpg
372,کار ساخته بازار,GD01014624 - 120,7.55,750.0,8.5,10.0,0.0,0.0,0.0,0.0,دو رنگ,النگو,1.0,,Img20260711-52.jpg
373,کار ساخته بازار,GD01014623 - 1757,9.21,750.0,7.5,9.0,0.0,0.0,0.0,0.0,سفید,دستبند,1.0,,Img20260708-550.jpg
374,کار ساخته بازار,GD01014622,4.55,750.0,0.0,2.0,0.0,0.0,0.0,0.0,زرد,گوشواره,,,Img20260708-612.jpg
375,کار ساخته بازار,GD01014621,12.25,750.0,0.0,2.0,0.0,0.0,0.0,0.0,زرد,گردنبند,,,Img20260708-923.jpg
376,کار ساخته بازار,GD01014619 - جم,19.5,750.0,0.0,2.0,0.0,0.0,0.0,0.0,زرد,گردنبند,,,Img20260708-839.jpg
377,کار ساخته بازار,GD01014615 - سولیتر,3.09,750.0,0.0,2.0,0.0,0.0,0.0,0.0,زرد,انگشتر,,,Img20260708-843.jpg
378,کار ساخته بازار,GD01014613 - ٍفنری عربی,9.96,750.0,0.0,2.0,0.0,0.0,0.0,0.0,زرد,تک پوش,,,Img20260708-254.jpg
379,کار ساخته بازار,GD01014612 - لوکس,5.81,750.0,0.0,2.0,0.0,0.0,0.0,0.0,زرد,مدال,,,Img20260706-616.jpg
380,کار ساخته بازار,GD01014607 - باران,1.72,750.0,0.0,2.0,0.0,0.0,0.0,0.0,زرد,گوشواره,,,Img20260706-963.jpg
381,کار ساخته بازار,GD01014601 - فنری,4.14,750.0,0.0,2.0,0.0,0.0,0.0,0.0,زرد,النگو,2.0,,Img20260706-753.jpg
382,کار ساخته بازار,GD01014598 - کریستال,7.02,750.0,0.0,2.0,0.0,0.0,0.0,0.0,زرد,النگو,3.0,,Img20260706-213.jpg
383,کار ساخته بازار,GD01014597,17.18,750.0,0.0,2.0,0.0,0.0,0.0,0.0,زرد,تک پوش,,,Img20260706-841.jpg
384,کار ساخته بازار,GD01014596,4.43,750.0,0.0,2.0,0.0,0.0,0.0,0.0,زرد,گوشواره,,,Img20260706-982.jpg
385,کار ساخته بازار,GD01014594,0.77,750.0,0.0,2.0,0.0,0.0,0.0,0.0,زرد,دستبند,,,Img20260706-173.jpg
386,کار ساخته بازار,GD01014592,5.91,750.0,0.0,2.0,0.0,0.0,0.0,0.0,زرد,زنجیر,,,Img20260706-293.jpg
387,کار ساخته بازار,GD01014588,4.38,750.0,0.0,2.0,0.0,0.0,0.0,0.0,زرد,انگشتر,,,Img20260705-533.jpg
388,کار ساخته بازار,GD01014583 - زنجیر,2.48,750.0,0.0,2.0,0.0,0.0,0.0,0.0,زرد,زنجیر,,,Img20260708-706.jpg
389,کار ساخته بازار,GD01014582 - هندسی,5.18,750.0,0.0,2.0,0.0,0.0,0.0,0.0,زرد,گوشواره,,,Img20260708-811.jpg
390,کار ساخته بازار,GD01014581 - تافته,2.49,750.0,0.0,2.0,0.0,0.0,0.0,0.0,زرد,گوشواره,,,Img20260704-731.jpg
391,کار ساخته بازار,GD01014578 - آینه ای,0.92,750.0,2.2,7.0,0.0,0.0,0.0,0.0,زرد,النگو,0.1,,Img20260704-320.jpg
392,کار ساخته بازار,GD01014577 - آینه ای,0.89,750.0,2.2,7.0,0.0,0.0,0.0,0.0,زرد,النگو,0.1,,Img20260704-751.jpg
393,کار ساخته بازار,GD01014575 - اینه ای,0.87,750.0,2.2,7.0,0.0,0.0,0.0,0.0,زرد,النگو,0.1,,Img20260704-493.jpg
394,کار ساخته بازار,GD01014574 - نرگس,5.68,750.0,6.5,7.0,0.0,0.0,0.0,0.0,زرد,النگو,2.0,,Img20260704-86.jpg
395,کار ساخته بازار,GD01014572 - لوکس,2.5,750.0,0.0,2.0,0.0,0.0,0.0,0.0,زرد,انگشتر,,,Img20260706-311.jpg
396,کار ساخته بازار,GD01014568 - لوکس,3.47,750.0,0.0,2.0,0.0,0.0,0.0,0.0,زرد,انگشتر,,,Img20260706-804.jpg
397,کار ساخته بازار,GD01014564 - دایان,2.18,750.0,0.0,2.0,0.0,0.0,0.0,0.0,زرد,گوشواره,,,Img20260707-697.jpg
398,کار ساخته بازار,GD01014554,9.1,750.0,6.0,7.0,0.0,0.0,0.0,0.0,زرد,النگو,4.0,,Img20260704-57.jpg
399,کار ساخته بازار,GD01014552 - میرو,0.98,750.0,0.0,2.0,0.0,0.0,0.0,0.0,زرد,زنجیر,,,Img20260701-335.jpg
400,کار ساخته بازار,GD01014550 - عروسکی,0.33,750.0,6.5,8.0,0.0,0.0,0.0,0.0,زرد,گوشواره,,,Img20260701-950.jpg
401,کار ساخته بازار,GD01014549 - عروسکی,0.34,750.0,6.5,8.0,0.0,0.0,0.0,0.0,زرد,گوشواره,,,Img20260701-474.jpg
402,کار ساخته بازار,GD01014548 - عروسکی,0.38,750.0,6.5,8.0,0.0,0.0,0.0,0.0,زرد,گوشواره,,,Img20260706-414.jpg
403,کار ساخته بازار,GD01014547 - عروسکی,0.57,750.0,6.5,8.0,0.0,0.0,0.0,0.0,زرد,گوشواره,,,Img20260701-1773.jpg
404,کار ساخته بازار,GD01014545 - عروسکی,0.33,750.0,6.5,8.0,0.0,0.0,0.0,0.0,زرد,گوشواره,,,Img20260701-3231.jpg
405,کار ساخته بازار,GD01014544 - عروسکی,0.34,750.0,6.5,8.0,0.0,0.0,0.0,0.0,زرد,گوشواره,,,Img20260705-372.jpg
406,کار ساخته بازار,GD01014543 - زیتون,2.46,750.0,6.0,7.0,0.0,0.0,0.0,0.0,زرد,گوشواره,,,Img20260704-54.jpg
407,کار ساخته بازار,GD01014542 - اصفهان,6.87,750.0,5.5,7.0,0.0,0.0,0.0,0.0,زرد,تک پوش,1.0,,Img20260704-618.jpg
408,کار ساخته بازار,GD01014541 - اصفهان,7.73,750.0,5.5,7.0,0.0,0.0,0.0,0.0,زرد,تک پوش,2.0,,Img20260701-332.jpg
409,کار ساخته بازار,GD01014538 - حلقه ای,0.31,750.0,5.5,7.0,0.0,0.0,0.0,0.0,زرد,گوشواره,,,Img20260701-601.jpg
410,کار ساخته بازار,GD01014535 - پروفیل,0.33,750.0,5.5,7.0,0.0,0.0,0.0,0.0,زرد,گوشواره,,,Img20260701-723.jpg
411,کار ساخته بازار,GD01014534 - حلقه ای,0.4,750.0,5.5,7.0,0.0,0.0,0.0,0.0,زرد,گوشواره,,,Img20260707-582.jpg
412,کار ساخته بازار,GD01014533 - آلارز,2.65,750.0,2.5,7.0,0.0,0.0,0.0,0.0,زرد,النگو,1.0,,Img20260707-536.jpg
413,کار ساخته بازار,GD01014532 - آلارز,2.66,750.0,2.5,7.0,0.0,0.0,0.0,0.0,زرد,النگو,1.0,,Img20260707-649.jpg
414,کار ساخته بازار,GD01014527 - آلارز,2.69,750.0,2.5,7.0,0.0,0.0,0.0,0.0,زرد,النگو,2.0,,Img20260707-407.jpg
415,کار ساخته بازار,GD01014525 - آلارز,2.91,750.0,2.5,7.0,0.0,0.0,0.0,0.0,زرد,النگو,3.0,,Img20260702-413.jpg
416,کار ساخته بازار,GD01014523 - غدیر,1.02,750.0,4.0,7.0,0.0,0.0,0.0,0.0,زرد,انگشتر,,,Img20260702-962.jpg
417,کار ساخته بازار,GD01014522 - غدیر,0.99,750.0,4.0,7.0,0.0,0.0,0.0,0.0,زرد,انگشتر,,,Img20260705-903.jpg
418,کار ساخته بازار,GD01014521 - قلب,1.21,750.0,8.0,9.0,0.0,0.0,0.0,0.0,زرد,مدال,,,Img20260702-186.jpg
419,کار ساخته بازار,GD01014520 - شهرزاد,1.17,750.0,6.9,8.0,0.0,0.0,0.0,0.0,زرد,گوشواره,,,Img20260702-98.jpg
420,کار ساخته بازار,GD01014519 - پاپیون,1.03,750.0,6.9,8.0,0.0,0.0,0.0,0.0,زرد,گوشواره,,,Img20260702-486.jpg
421,کار ساخته بازار,GD01014517 - آذر,1.76,750.0,5.5,7.0,0.0,0.0,0.0,0.0,زرد,انگشتر,,,Img20260702-757.jpg
422,کار ساخته بازار,GD01014516 - صدرا گلد,5.04,750.0,7.6,9.0,0.0,0.0,0.0,0.0,زرد,النگو,,,Img20260702-647.jpg
423,کار ساخته بازار,GD01014515 - صدرا گلد,4.91,750.0,7.6,9.0,0.0,0.0,0.0,0.0,زرد,النگو,,,Img20260702-168.jpg
424,کار ساخته بازار,GD01014514 - صدرا گلد,5.04,750.0,7.6,9.0,0.0,0.0,0.0,0.0,دو رنگ,النگو,1.0,,Img20260702-524.jpg
425,کار ساخته بازار,GD01014513 - صدرا گلد,4.54,750.0,7.6,9.0,0.0,0.0,0.0,0.0,دو رنگ,النگو,1.0,,Img20260702-747.jpg
426,کار ساخته بازار,GD01014512 - صدرا گلد,4.79,750.0,7.6,9.0,0.0,0.0,0.0,0.0,دو رنگ,النگو,1.0,,Img20260702-855.jpg
427,کار ساخته بازار,GD01014511 - صدرا گلد,5.49,750.0,7.6,9.0,0.0,0.0,0.0,0.0,دو رنگ,النگو,2.0,,Img20260702-403.jpg
428,کار ساخته بازار,GD01014510 - صدرا گلد,5.12,750.0,7.6,9.0,0.0,0.0,0.0,0.0,دو رنگ,النگو,2.0,,Img20260702-272.jpg
429,کار ساخته بازار,GD01014509 - صدرا گلد,5.31,750.0,7.6,9.0,0.0,0.0,0.0,0.0,دو رنگ,النگو,2.0,,Img20260702-582.jpg
430,کار ساخته بازار,GD01014508 - صدرا گلد,5.38,750.0,7.6,9.0,0.0,0.0,0.0,0.0,دو رنگ,النگو,2.0,,Img20260702-705.jpg
431,کار ساخته بازار,GD01014506 - صدرا گلد,5.34,750.0,7.6,9.0,0.0,0.0,0.0,0.0,دو رنگ,النگو,2.0,,Img20260702-805.jpg
432,کار ساخته بازار,GD01014505 - صدرا گلد,6.44,750.0,7.6,9.0,0.0,0.0,0.0,0.0,دو رنگ,النگو,3.0,,Img20260706-834.jpg
433,کار ساخته بازار,GD01014504,2.84,750.0,6.4,8.0,0.0,0.0,0.0,0.0,زرد,گوشواره,,,Img20260702-108.jpg
434,کار ساخته بازار,GD01014503 - صدرا گلد,6.57,750.0,7.6,9.0,0.0,0.0,0.0,0.0,دو رنگ,النگو,3.0,,Img20260706-465.jpg
435,کار ساخته بازار,GD01014502,2.57,750.0,6.4,8.0,0.0,0.0,0.0,0.0,زرد,گوشواره,,,Img20260702-820.jpg
436,کار ساخته بازار,GD01014501 - صدرا گلد,6.18,750.0,7.6,9.0,0.0,0.0,0.0,0.0,دو رنگ,النگو,3.0,,Img20260702-560.jpg
437,کار ساخته بازار,GD01014500 - صدرا گلد,6.36,750.0,7.6,9.0,0.0,0.0,0.0,0.0,دو رنگ,النگو,3.0,,Img20260705-553.jpg
438,کار ساخته بازار,GD01014499,7.75,750.0,3.0,7.0,0.0,0.0,0.0,0.0,زرد,تک پوش,3.0,,Img20260702-588.jpg
439,کار ساخته بازار,GD01014498 - صدرا گلد,6.44,750.0,7.6,9.0,0.0,0.0,0.0,0.0,دو رنگ,النگو,3.0,,Img20260702-238.jpg
440,کار ساخته بازار,GD01014496 - صدرا گلد,6.33,750.0,7.6,9.0,0.0,0.0,0.0,0.0,دو رنگ,النگو,3.0,,Img20260702-655.jpg
441,کار ساخته بازار,GD01014494 - النا,6.72,750.0,6.5,8.0,0.0,0.0,0.0,0.0,دو رنگ,تک پوش,1.0,,Img20260702-23.jpg
442,کار ساخته بازار,GD01014493 - النا,7.96,750.0,6.5,8.0,0.0,0.0,0.0,0.0,دو رنگ,تک پوش,2.0,,Img20260702-303.jpg
443,کار ساخته بازار,GD01014492 - النا,8.77,750.0,6.5,8.0,0.0,0.0,0.0,0.0,دو رنگ,تک پوش,3.0,,Img20260702-334.jpg
444,کار ساخته بازار,GD01014491 - هرمس,3.09,750.0,8.4,10.0,0.0,0.0,0.0,0.0,زرد,انگشتر,,,Img20260702-212.jpg
445,کار ساخته بازار,GD01014490 - هرمس,10.23,750.0,8.4,10.0,0.0,0.0,0.0,0.0,زرد,دستبند,2.0,,Img20260702-300.jpg
446,کار ساخته بازار,GD01014489,3.15,750.0,4.5,7.0,0.0,0.0,0.0,0.0,زرد,النگو,1.0,,Img20260702-13.jpg
447,کار ساخته بازار,GD01014488,3.14,750.0,4.5,7.0,0.0,0.0,0.0,0.0,زرد,النگو,1.0,,Img20260702-815.jpg
448,کار ساخته بازار,GD01014487,3.3,750.0,4.5,7.0,0.0,0.0,0.0,0.0,زرد,النگو,1.0,,Img20260702-585.jpg
449,کار ساخته بازار,GD01014485 - لوکس,1.97,750.0,6.5,8.0,0.0,0.0,0.0,0.0,زرد,انگشتر,,,Img20260702-936.jpg
450,کار ساخته بازار,GD01014484,3.21,750.0,4.5,7.0,0.0,0.0,0.0,0.0,زرد,النگو,1.0,,Img20260701-1800.jpg
451,کار ساخته بازار,GD01014483 - کارتیه تراش,3.05,750.0,8.3,9.0,0.0,0.0,0.0,0.0,زرد,انگشتر,,,Img20260702-78.jpg
452,کار ساخته بازار,GD01014481,3.11,750.0,4.5,7.0,0.0,0.0,0.0,0.0,زرد,النگو,1.0,,Img20260702-323.jpg
453,کار ساخته بازار,GD01014480,3.29,750.0,4.5,7.0,0.0,0.0,0.0,0.0,زرد,النگو,1.0,,Img20260702-529.jpg
454,کار ساخته بازار,GD01014479 - عتیق,4.91,750.0,8.5,10.0,0.0,0.0,0.0,0.0,زرد,انگشتر,,,Img20260702-923.jpg
455,کار ساخته بازار,GD01014478,3.28,750.0,4.5,7.0,0.0,0.0,0.0,0.0,زرد,النگو,2.0,,Img20260705-566.jpg
456,کار ساخته بازار,GD01014477 - عتیق,4.19,750.0,8.5,10.0,0.0,0.0,0.0,0.0,زرد,انگشتر,,,Img20260702-260.jpg
457,کار ساخته بازار,GD01014476,3.47,750.0,4.5,7.0,0.0,0.0,0.0,0.0,زرد,النگو,2.0,,Img20260702-170.jpg
458,کار ساخته بازار,GD01014475,3.41,750.0,4.5,7.0,0.0,0.0,0.0,0.0,زرد,النگو,2.0,,Img20260702-216.jpg
459,کار ساخته بازار,GD01014474,3.28,750.0,4.5,7.0,0.0,0.0,0.0,0.0,زرد,النگو,2.0,,Img20260702-488.jpg
460,کار ساخته بازار,GD01014473,3.24,750.0,4.5,7.0,0.0,0.0,0.0,0.0,زرد,النگو,2.0,,Img20260702-388.jpg
461,کار ساخته بازار,GD01014472,3.21,750.0,4.5,7.0,0.0,0.0,0.0,0.0,زرد,النگو,2.0,,Img20260702-679.jpg
462,کار ساخته بازار,GD01014471,3.41,750.0,4.5,7.0,0.0,0.0,0.0,0.0,زرد,النگو,2.0,,Img20260702-410.jpg
463,کار ساخته بازار,GD01014470,3.4,750.0,4.5,7.0,0.0,0.0,0.0,0.0,زرد,النگو,3.0,,Img20260702-666.jpg
464,کار ساخته بازار,GD01014469,3.59,750.0,4.5,7.0,0.0,0.0,0.0,0.0,زرد,النگو,3.0,,Img20260702-895.jpg
465,کار ساخته بازار,GD01014468,3.51,750.0,4.5,7.0,0.0,0.0,0.0,0.0,زرد,النگو,3.0,,Img20260702-344.jpg
466,کار ساخته بازار,GD01014467,3.46,750.0,4.5,7.0,0.0,0.0,0.0,0.0,زرد,النگو,3.0,,Img20260702-201.jpg
467,کار ساخته بازار,GD01014466,3.68,750.0,4.5,7.0,0.0,0.0,0.0,0.0,زرد,النگو,3.0,,Img20260702-858.jpg
468,کار ساخته بازار,GD01014465 - AS,2.65,750.0,6.5,7.5,0.0,0.0,0.0,0.0,زرد,انگشتر,,,Img20260702-286.jpg
469,کار ساخته بازار,GD01014463,3.21,750.0,4.5,7.0,0.0,0.0,0.0,0.0,زرد,النگو,2.0,,Img20260702-1498.jpg
470,کار ساخته بازار,GD01014462,3.54,750.0,4.5,7.0,0.0,0.0,0.0,0.0,زرد,النگو,3.0,,Img20260702-434.jpg
471,کار ساخته بازار,GD01014461,3.46,750.0,4.5,7.0,0.0,0.0,0.0,0.0,زرد,النگو,3.0,,Img20260702-353.jpg
472,کار ساخته بازار,GD01014460,3.61,750.0,4.5,7.0,0.0,0.0,0.0,0.0,زرد,النگو,3.0,,Img20260701-653.jpg
473,کار ساخته بازار,GD01014459,8.32,750.0,6.5,9.0,0.0,0.0,0.0,0.0,دو رنگ,تک پوش,3.0,,Img20260701-694.jpg
474,کار ساخته بازار,GD01014458,6.2,750.0,6.5,6.5,0.0,0.0,0.0,0.0,دو رنگ,تک پوش,1.0,,Img20260705-764.jpg
475,کار ساخته بازار,GD01014457,3.47,750.0,10.5,12.0,0.0,0.0,0.0,0.0,زرد,دستبند,,,Img20260702-793.jpg
476,کار ساخته بازار,GD01014456,2.29,750.0,7.5,9.0,0.0,0.0,0.0,0.0,زرد,انگشتر,,,Img20260702-550.jpg
477,کار ساخته بازار,GD01014455,2.84,750.0,7.5,9.0,0.0,0.0,0.0,0.0,زرد,انگشتر,,,Img20260702-331.jpg
478,کار ساخته بازار,GD01014454,2.83,750.0,7.5,9.0,0.0,0.0,0.0,0.0,زرد,انگشتر,,,Img20260702-707.jpg
479,کار ساخته بازار,GD01014453,2.3,750.0,7.5,9.0,0.0,0.0,0.0,0.0,زرد,انگشتر,,,Img20260702-206.jpg
480,کار ساخته بازار,GD01014452,1.8,750.0,9.0,10.0,0.0,0.0,0.0,0.0,زرد,مدال,,,Img20260702-441.jpg
481,کار ساخته بازار,GD01014450,2.12,750.0,9.0,10.0,0.0,0.0,0.0,0.0,زرد,گوشواره,,,Img20260701-619.jpg
482,کار ساخته بازار,GD01014449 - گوی,4.95,750.0,8.5,10.0,0.0,0.0,0.0,0.0,زرد,النگو,3.0,,Img20260701-433.jpg
483,کار ساخته بازار,GD01014448 - گوی,4.86,750.0,8.5,10.0,0.0,0.0,0.0,0.0,زرد,النگو,3.0,,Img20260706-531.jpg
484,کار ساخته بازار,GD01014446 - فندقی,1.17,750.0,3.5,7.0,0.0,0.0,0.0,0.0,زرد,گوشواره,,,Img20260702-171.jpg
485,کار ساخته بازار,GD01014445,9.23,750.0,5.5,7.0,0.0,0.0,0.0,0.0,زرد,زنجیر,,,Img20260706-72.jpg
486,کار ساخته بازار,GD01014444 - فندقی,0.83,750.0,3.5,7.0,0.0,0.0,0.0,0.0,زرد,گوشواره,,,Img20260706-1121.jpg
487,کار ساخته بازار,GD01014442 - پروانه,0.57,750.0,5.5,7.0,0.0,0.0,0.0,0.0,دو رنگ,مدال,,,Img20260706-890.jpg
488,کار ساخته بازار,GD01014441 - فروهر,0.78,750.0,5.5,7.0,0.0,0.0,0.0,0.0,دو رنگ,مدال,,,Img20260705-444.jpg
489,کار ساخته بازار,GD01014440 - لیزری,1.35,750.0,5.5,7.0,0.0,0.0,0.0,0.0,دو رنگ,مدال,,,nopicture.png
490,کار ساخته بازار,GD01014438 - برگی,2.3,750.0,4.5,7.0,0.0,0.0,0.0,0.0,دو رنگ,مدال,,,Img20260704-401.jpg
491,کار ساخته بازار,GD01014436 - تیغ ماهی,4.58,750.0,11.0,12.0,0.0,0.0,0.0,0.0,دو رنگ,زنجیر,,,Img20260705-757.jpg
492,کار ساخته بازار,GD01014435 - شانل,2.36,750.0,4.5,7.0,0.0,0.0,0.0,0.0,دو رنگ,گوشواره,,,Img20260705-482.jpg
493,کار ساخته بازار,GD01014434 - شانل,2.59,750.0,4.5,7.0,0.0,0.0,0.0,0.0,دو رنگ,گوشواره,,,Img20260705-557.jpg
494,کار ساخته بازار,GD01014432 - ایفل,3.41,750.0,2.9,7.0,0.0,0.0,0.0,0.0,دو رنگ,دستبند,,,Img20260705-534.jpg
495,کار ساخته بازار,GD01014431 - شانل,3.1,750.0,2.9,7.0,0.0,0.0,0.0,0.0,دو رنگ,دستبند,,,Img20260705-836.jpg
496,کار ساخته بازار,GD01014429 - دایان,4.27,750.0,3.0,7.0,0.0,0.0,0.0,0.0,دو رنگ,گردنبند,,,Img20260706-95.jpg
497,کار ساخته بازار,GD01014426 - دایان,1.21,750.0,3.0,7.0,0.0,0.0,0.0,0.0,زرد,گوشواره,,,Img20260706-219.jpg
498,کار ساخته بازار,GD01014425 - تراش,2.34,750.0,3.0,7.0,0.0,0.0,0.0,0.0,زرد,گوشواره,,,Img20260706-49.jpg
499,کار ساخته بازار,GD01014424 - تراش,2.03,750.0,3.0,7.0,0.0,0.0,0.0,0.0,زرد,گوشواره,,,Img20260706-848.jpg
500,کار ساخته بازار,GD01014423 - تراش,3.13,750.0,3.0,7.0,0.0,0.0,0.0,0.0,زرد,گوشواره,,,Img20260705-223.jpg
501,کار ساخته بازار,GD01014422 - تراش,6.02,750.0,3.0,7.0,0.0,0.0,0.0,0.0,زرد,گردنبند,,,Img20260705-269.jpg
502,کار ساخته بازار,GD01014421 - تراش,5.03,750.0,3.0,7.0,0.0,0.0,0.0,0.0,زرد,گردنبند,,,Img20260705-606.jpg
503,کار ساخته بازار,GD01014420,5.79,750.0,7.5,9.0,0.0,0.0,0.0,0.0,سفید,دستبند,,,Img20260705-583.jpg
504,کار ساخته بازار,GD01014419 - تراش,4.89,750.0,3.0,7.0,0.0,0.0,0.0,0.0,زرد,گردنبند,,,Img20260705-858.jpg
505,کار ساخته بازار,GD01014417 - کارتیه,0.71,750.0,7.5,9.0,0.0,0.0,0.0,0.0,زرد,انگشتر,,,Img20260702-191.jpg
506,کار ساخته بازار,GD01014416,0.36,750.0,7.5,9.0,0.0,0.0,0.0,0.0,زرد,انگشتر,,,Img20260701-537.jpg
507,کار ساخته بازار,GD01014414 - ثنا,10.88,750.0,4.0,7.0,0.0,0.0,0.0,0.0,زرد,تک پوش,1.0,,Img20260705-86.jpg
508,کار ساخته بازار,GD01014413,1.86,750.0,7.5,9.0,0.0,0.0,0.0,0.0,زرد,گوشواره,,,Img20260705-345.jpg
509,کار ساخته بازار,GD01014411,2.1,750.0,7.5,9.0,0.0,0.0,0.0,0.0,زرد,گوشواره,,,Img20260701-607.jpg
510,کار ساخته بازار,GD01014410 - ثنا,11.46,750.0,4.0,7.0,0.0,0.0,0.0,0.0,زرد,تک پوش,4.0,,Img20260707-176.jpg
511,کار ساخته بازار,GD01014409,1.78,750.0,7.5,9.0,0.0,0.0,0.0,0.0,زرد,گوشواره,,,Img20260705-961.jpg
512,کار ساخته بازار,GD01014408,2.42,750.0,7.5,9.0,0.0,0.0,0.0,0.0,زرد,گوشواره,,,Img20260701-319.jpg
513,کار ساخته بازار,GD01014407 - ثنا,11.99,750.0,4.0,7.0,0.0,0.0,0.0,0.0,زرد,تک پوش,4.0,,Img20260701-737.jpg
514,کار ساخته بازار,GD01014405,7.5,750.0,4.0,7.0,0.0,0.0,0.0,0.0,زرد,گردنبند,,,Img20260701-21.jpg
515,کار ساخته بازار,GD01014404,4.15,750.0,4.0,7.0,0.0,0.0,0.0,0.0,زرد,گردنبند,,,Img20260704-511.jpg
516,کار ساخته بازار,GD01014400,6.27,750.0,5.5,7.0,0.0,0.0,0.0,0.0,زرد,تک پوش,2.0,,Img20260701-630.jpg
517,کار ساخته بازار,GD01014399 - ایساتیس,1.99,750.0,3.5,7.0,0.0,0.0,0.0,0.0,زرد,انگشتر,,,Img20260701-938.jpg
518,کار ساخته بازار,GD01014398 - ایساتیس,1.41,750.0,3.5,7.0,0.0,0.0,0.0,0.0,زرد,انگشتر,,,Img20260701-1034.jpg
519,کار ساخته بازار,GD01014397 - ایساتیس,1.36,750.0,3.5,7.0,0.0,0.0,0.0,0.0,زرد,انگشتر,,,Img20260701-817.jpg
520,کار ساخته بازار,GD01014396 - ایساتیس,1.38,750.0,3.5,7.0,0.0,0.0,0.0,0.0,زرد,انگشتر,,,Img20260702-387.jpg
521,کار ساخته بازار,GD01014395 - ایساتیس,1.57,750.0,3.5,7.0,0.0,0.0,0.0,0.0,زرد,انگشتر,,,Img20260701-490.jpg
522,کار ساخته بازار,GD01014394 - ایساتیس,1.55,750.0,3.5,7.0,0.0,0.0,0.0,0.0,زرد,انگشتر,,,Img20260701-25.jpg
523,کار ساخته بازار,GD01014393 - ایساتیس,2.05,750.0,3.5,7.0,0.0,0.0,0.0,0.0,زرد,انگشتر,,,Img20260701-756.jpg
524,کار ساخته بازار,GD01014392 - ماهور,1.13,750.0,4.0,7.0,0.0,0.0,0.0,0.0,زرد,انگشتر,,,Img20260706-803.jpg
525,کار ساخته بازار,GD01014390,1.75,750.0,8.5,10.0,0.0,0.0,0.0,0.0,دو رنگ,انگشتر,,,Img20260701-866.jpg
526,کار ساخته بازار,GD01014389 - ماهور,1.04,750.0,4.0,7.0,0.0,0.0,0.0,0.0,زرد,انگشتر,,,Img20260702-495.jpg
527,کار ساخته بازار,GD01014388,1.7,750.0,8.5,10.0,0.0,0.0,0.0,0.0,دو رنگ,انگشتر,,,Img20260706-590.jpg
528,کار ساخته بازار,GD01014387,1.78,750.0,8.5,10.0,0.0,0.0,0.0,0.0,دو رنگ,انگشتر,,,Img20260702-197.jpg
529,کار ساخته بازار,GD01014386,1.77,750.0,8.5,10.0,0.0,0.0,0.0,0.0,دو رنگ,انگشتر,,,Img20260702-594.jpg
530,کار ساخته بازار,GD01014385,1.66,750.0,8.5,10.0,0.0,0.0,0.0,0.0,دو رنگ,انگشتر,,,Img20260702-424.jpg
531,کار ساخته بازار,GD01014384,1.63,750.0,8.5,10.0,0.0,0.0,0.0,0.0,دو رنگ,انگشتر,,,Img20260701-651.jpg
532,کار ساخته بازار,GD01014383,1.81,750.0,8.5,10.0,0.0,0.0,0.0,0.0,دو رنگ,انگشتر,,,Img20260701-880.jpg
533,کار ساخته بازار,GD01014382,2.35,750.0,8.5,10.0,0.0,0.0,0.0,0.0,دو رنگ,انگشتر,,,Img20260701-916.jpg
534,کار ساخته بازار,GD01014381 - سولار,1.93,750.0,6.5,8.0,0.0,0.0,0.0,0.0,زرد,انگشتر,,,Img20260701-964.jpg
535,کار ساخته بازار,GD01014380 - سولار,1.85,750.0,6.5,8.0,0.0,0.0,0.0,0.0,زرد,انگشتر,,,Img20260701-299.jpg
536,کار ساخته بازار,GD01014379,2.15,750.0,8.5,10.0,0.0,0.0,0.0,0.0,دو رنگ,انگشتر,,,Img20260701-453.jpg
537,کار ساخته بازار,GD01014378,1.86,750.0,8.5,10.0,0.0,0.0,0.0,0.0,دو رنگ,انگشتر,,,Img20260701-719.jpg
538,کار ساخته بازار,GD01014377,2.38,750.0,8.5,10.0,0.0,0.0,0.0,0.0,دو رنگ,انگشتر,,,Img20260701-731.jpg
539,کار ساخته بازار,GD01014376,1.81,750.0,8.5,10.0,0.0,0.0,0.0,0.0,دو رنگ,انگشتر,,,Img20260701-818.jpg
540,کار ساخته بازار,GD01014375,1.68,750.0,8.5,10.0,0.0,0.0,0.0,0.0,دو رنگ,انگشتر,,,Img20260701-108.jpg
541,کار ساخته بازار,GD01014373,2.13,750.0,7.0,8.0,0.0,0.0,0.0,0.0,دو رنگ,انگشتر,,,Img20260701-834.jpg
542,کار ساخته بازار,GD01014372,2.42,750.0,7.0,8.0,0.0,0.0,0.0,0.0,دو رنگ,انگشتر,,,Img20260701-743.jpg
543,کار ساخته بازار,GD01014371,3.07,750.0,7.0,8.0,0.0,0.0,0.0,0.0,دو رنگ,انگشتر,,,Img20260701-862.jpg
544,کار ساخته بازار,GD01014370 - سولار,1.78,750.0,6.5,8.0,0.0,0.0,0.0,0.0,زرد,انگشتر,,,Img20260701-906.jpg
545,کار ساخته بازار,GD01014369,2.16,750.0,8.5,10.0,0.0,0.0,0.0,0.0,دو رنگ,انگشتر,,,Img20260701-979.jpg
546,کار ساخته بازار,GD01014368 - سولار,2.06,750.0,6.5,8.0,0.0,0.0,0.0,0.0,زرد,انگشتر,,,Img20260701-279.jpg
547,کار ساخته بازار,GD01014367 - البرنادو,4.53,750.0,8.5,10.0,0.0,0.0,0.0,0.0,زرد,انگشتر,,,Img20260702-833.jpg
548,کار ساخته بازار,GD01014366 - البرنادو,10.05,750.0,8.5,10.0,0.0,0.0,0.0,0.0,زرد,دستبند,,,Img20260701-418.jpg
549,کار ساخته بازار,GD01014365 - قلب تراش,2.69,750.0,5.5,7.0,0.0,0.0,0.0,0.0,زرد,انگشتر,,,Img20260701-529.jpg
550,کار ساخته بازار,GD01014364 - وی گلد,2.46,750.0,6.5,8.0,0.0,0.0,0.0,0.0,زرد,گوشواره,,,Img20260701-545.jpg
551,کار ساخته بازار,GD01014363 - وی گلد,2.66,750.0,6.5,8.0,0.0,0.0,0.0,0.0,زرد,گوشواره,,,Img20260701-688.jpg
552,کار ساخته بازار,GD01014362 - تیفانی,0.83,750.0,5.5,7.0,0.0,0.0,0.0,0.0,زرد,مدال,,,Img20260701-1909.jpg
553,کار ساخته بازار,GD01014361 - تیفانی,0.9,750.0,5.5,7.0,0.0,0.0,0.0,0.0,زرد,مدال,,,Img20260701-366.jpg
554,کار ساخته بازار,GD01014360 - صدفی,1.55,750.0,6.0,7.0,0.0,0.0,0.0,0.0,زرد,گوشواره,,,Img20260701-698.jpg
555,کار ساخته بازار,GD01014359 - صدفی,1.54,750.0,6.0,7.0,0.0,0.0,0.0,0.0,زرد,گوشواره,,,Img20260702-493.jpg
556,کار ساخته بازار,GD01014357,1.93,750.0,6.5,8.0,0.0,0.0,0.0,0.0,زرد,انگشتر,,,Img20260701-359.jpg
557,کار ساخته بازار,GD01014355,1.51,750.0,6.5,8.0,0.0,0.0,0.0,0.0,زرد,انگشتر,,,Img20260701-1899.jpg
558,کار ساخته بازار,GD01014354,2.0,750.0,6.5,8.0,0.0,0.0,0.0,0.0,زرد,انگشتر,,,Img20260701-902.jpg
559,کار ساخته بازار,GD01014353 - کارتیه تراش,8.6,750.0,6.0,7.0,0.0,0.0,0.0,0.0,زرد,تک پوش,3.0,,Img20260702-984.jpg
560,کار ساخته بازار,GD01014352,1.44,750.0,6.5,8.0,0.0,0.0,0.0,0.0,زرد,انگشتر,,,Img20260701-30.jpg
561,کار ساخته بازار,GD01014350,2.01,750.0,6.5,8.0,0.0,0.0,0.0,0.0,زرد,انگشتر,,,Img20260701-587.jpg
562,کار ساخته بازار,GD01014347 - آران,5.89,750.0,2.8,7.0,0.0,0.0,0.0,0.0,زرد,النگو,3.0,,Img20260701-512.jpg
563,کار ساخته بازار,GD01014345 - آران,6.16,750.0,2.8,7.0,0.0,0.0,0.0,0.0,زرد,النگو,3.0,,Img20260701-4.jpg
564,کار ساخته بازار,GD01014344 - آران,5.96,750.0,2.8,7.0,0.0,0.0,0.0,0.0,زرد,النگو,3.0,,Img20260701-387.jpg
565,کار ساخته بازار,GD01014343 - آران,6.25,750.0,2.8,7.0,0.0,0.0,0.0,0.0,زرد,النگو,3.0,,Img20260701-281.jpg
566,کار ساخته بازار,GD01014342 - آران,5.96,750.0,2.8,7.0,0.0,0.0,0.0,0.0,زرد,النگو,3.0,,Img20260701-832.jpg
567,کار ساخته بازار,GD01014341 - آران,6.14,750.0,2.8,7.0,0.0,0.0,0.0,0.0,زرد,النگو,3.0,,Img20260701-57.jpg
568,کار ساخته بازار,GD01014340,3.22,750.0,10.5,12.0,0.0,0.0,0.0,0.0,دو رنگ,انگشتر,,,Img20260701-24.jpg
569,کار ساخته بازار,GD01014337 - تراش,2.35,750.0,6.5,8.0,0.0,0.0,0.0,0.0,سفید,مدال,,,Img20260701-2123.jpg
570,کار ساخته بازار,GD01014336,1.11,750.0,6.5,8.0,0.0,0.0,0.0,0.0,زرد,انگشتر,,,Img20260701-829.jpg
571,کار ساخته بازار,GD01014335,0.98,750.0,6.5,8.0,0.0,0.0,0.0,0.0,زرد,انگشتر,,,Img20260701-980.jpg
572,کار ساخته بازار,GD01014333,0.79,750.0,6.5,8.0,0.0,0.0,0.0,0.0,زرد,انگشتر,,,Img20260701-148.jpg
573,کار ساخته بازار,GD01014332,0.72,750.0,6.5,8.0,0.0,0.0,0.0,0.0,زرد,انگشتر,,,Img20260701-563.jpg
574,کار ساخته بازار,GD01014331 - تراش,9.38,750.0,6.8,8.0,0.0,0.0,0.0,0.0,سفید,تک پوش,1.0,,Img20260701-523.jpg
575,کار ساخته بازار,GD01014330 - تراش,9.39,750.0,6.8,8.0,0.0,0.0,0.0,0.0,سفید,تک پوش,2.0,,Img20260705-229.jpg
576,کار ساخته بازار,GD01014329,3.47,750.0,8.5,10.0,0.0,0.0,0.0,0.0,زرد,دستبند,,,Img20260701-11.jpg
577,کار ساخته بازار,GD01014328 - تراش,14.82,750.0,6.8,8.0,0.0,0.0,0.0,0.0,سفید,تک پوش,3.0,,Img20260705-315.jpg
578,کار ساخته بازار,GD01014327,3.08,750.0,8.5,10.0,0.0,0.0,0.0,0.0,زرد,دستبند,,,Img20260701-907.jpg
579,کار ساخته بازار,GD01014325,2.14,750.0,7.5,9.0,0.0,0.0,0.0,0.0,زرد,گوشواره,,,Img20260706-661.jpg
580,کار ساخته بازار,GD01014324 - لیزری,1.5,750.0,7.0,8.0,0.0,0.0,0.0,0.0,رزگلد,گوشواره,,,Img20260705-477.jpg
581,کار ساخته بازار,GD01014323 - لیزری,1.2,750.0,7.0,8.0,0.0,0.0,0.0,0.0,رزگلد,دستبند,,,Img20260701-990.jpg
582,کار ساخته بازار,GD01014321 - لوزی,2.4,750.0,8.5,10.0,0.0,0.0,0.0,0.0,زرد,گوشواره,,,Img20260705-984.jpg
583,کار ساخته بازار,GD01014319 - لیزری,2.18,750.0,7.0,8.0,0.0,0.0,0.0,0.0,رزگلد,گردنبند,,,Img20260701-204.jpg
584,کار ساخته بازار,GD01014318,2.95,750.0,11.0,12.0,0.0,0.0,0.0,0.0,زرد,گوشواره,,,Img20260701-147.jpg
585,کار ساخته بازار,GD01014317 - کارتیه تراش,12.89,750.0,7.1,8.0,0.0,0.0,0.0,0.0,دو رنگ,تک پوش,1.0,,Img20260701-603.jpg
586,کار ساخته بازار,GD01014316 - کارتیه تراش,13.48,750.0,7.1,8.0,0.0,0.0,0.0,0.0,دو رنگ,تک پوش,2.0,,Img20260702-957.jpg
587,کار ساخته بازار,GD01014314 - بچه گاننه,0.95,750.0,8.5,10.0,0.0,0.0,0.0,0.0,زرد,دستبند,,,Img20260701-118.jpg
588,کار ساخته بازار,GD01014313,2.4,750.0,3.8,7.0,0.0,0.0,0.0,0.0,زرد,گوشواره,,,Img20260705-889.jpg
589,کار ساخته بازار,GD01014311,2.54,750.0,6.0,9.0,0.0,0.0,0.0,0.0,زرد,گوشواره,,,Img20260701-845.jpg
590,کار ساخته بازار,GD01014310 - پاپیون,2.91,750.0,8.5,10.0,0.0,0.0,0.0,0.0,دو رنگ,انگشتر,,,Img20260701-526.jpg
591,کار ساخته بازار,GD01014309 - استخونی,3.65,750.0,8.5,10.0,0.0,0.0,0.0,0.0,دو رنگ,انگشتر,,,Img20260701-47.jpg
592,کار ساخته بازار,GD01014308 - استخونی,3.6,750.0,8.5,10.0,0.0,0.0,0.0,0.0,دو رنگ,انگشتر,,,Img20260702-144.jpg
593,کار ساخته بازار,GD01014307 - پروانه,1.64,750.0,9.5,11.0,0.0,0.0,0.0,0.0,زرد,مدال,,,Img20260702-262.jpg
594,کار ساخته بازار,GD01014306 - تراش,1.0,750.0,9.5,11.0,0.0,0.0,0.0,0.0,زرد,مدال,,,Img20260701-693.jpg
595,کار ساخته بازار,GD01014305,5.09,750.0,7.0,8.0,0.0,0.0,0.0,0.0,زرد,النگو,1.0,,Img20260701-262.jpg
596,کار ساخته بازار,GD01014304,4.76,750.0,7.0,8.0,0.0,0.0,0.0,0.0,زرد,النگو,1.0,,Img20260701-257.jpg
597,کار ساخته بازار,GD01014303,5.49,750.0,7.0,8.0,0.0,0.0,0.0,0.0,زرد,النگو,2.0,,Img20260701-848.jpg
598,کار ساخته بازار,GD01014301,4.8,750.0,7.0,8.0,0.0,0.0,0.0,0.0,زرد,النگو,2.0,,Img20260701-549.jpg
599,کار ساخته بازار,GD01014299 - 593,5.13,750.0,5.3,7.0,0.0,0.0,0.0,0.0,زرد,النگو,2.0,,Img20260701-695.jpg
600,کار ساخته بازار,GD01014298 - 593,5.23,750.0,5.3,7.0,0.0,0.0,0.0,0.0,زرد,النگو,2.0,,Img20260702-839.jpg
601,کار ساخته بازار,GD01014297 - چهار باغ,7.29,750.0,5.5,7.0,0.0,0.0,0.0,0.0,زرد,تک پوش,3.0,,Img20260701-454.jpg
602,کار ساخته بازار,GD01014296 - 329,2.41,750.0,4.5,7.0,0.0,0.0,0.0,0.0,زرد,النگو,0.1,,Img20260701-1591.jpg
603,کار ساخته بازار,GD01014295 - 329,2.64,750.0,4.5,7.0,0.0,0.0,0.0,0.0,زرد,النگو,0.1,,Img20260702-263.jpg
604,کار ساخته بازار,GD01014293 - چهار باغ,7.13,750.0,5.5,7.0,0.0,0.0,0.0,0.0,زرد,تک پوش,2.0,,Img20260701-749.jpg
605,کار ساخته بازار,GD01014292 - 311,2.44,750.0,4.5,7.0,0.0,0.0,0.0,0.0,سفید,النگو,0.1,,Img20260701-74.jpg
606,کار ساخته بازار,GD01014291 - 311,2.27,750.0,4.5,7.0,0.0,0.0,0.0,0.0,سفید,النگو,0.1,,Img20260701-157.jpg
607,کار ساخته بازار,GD01014290 - فیوژن,6.1,750.0,8.0,9.0,0.0,0.0,0.0,0.0,دو رنگ,النگو,3.0,,Img20260701-311.jpg
608,کار ساخته بازار,GD01014289 - فیوژن,6.17,750.0,8.0,9.0,0.0,0.0,0.0,0.0,دو رنگ,النگو,3.0,,Img20260702-465.jpg
609,کار ساخته بازار,GD01014288 - نمونه,6.26,750.0,6.5,8.0,0.0,0.0,0.0,0.0,دو رنگ,تک پوش,1.0,,Img20260702-1573.jpg
610,کار ساخته بازار,GD01014287 - نمونه,5.59,750.0,6.5,8.0,0.0,0.0,0.0,0.0,دو رنگ,تک پوش,1.0,,Img20260701-225.jpg
611,کار ساخته بازار,GD01014283 - ونکلیف,2.13,750.0,7.5,9.0,0.0,0.0,0.0,0.0,زرد,انگشتر,,,Img20260701-275.jpg
612,کار ساخته بازار,GD01014282 - ورساچه,2.45,750.0,7.0,8.0,0.0,0.0,0.0,0.0,زرد,گوشواره,,,Img20260706-880.jpg
613,کار ساخته بازار,GD01014281 - ورساچه,1.77,750.0,7.0,8.0,0.0,0.0,0.0,0.0,زرد,گوشواره,,,Img20260701-892.jpg
614,کار ساخته بازار,GD01014276 - ورساچه,1.81,750.0,6.9,8.0,0.0,0.0,0.0,0.0,زرد,انگشتر,,,Img20260701-167.jpg
615,کار ساخته بازار,GD01014273 - 1,1.61,750.0,2.0,7.0,0.0,0.0,0.0,0.0,زرد,النگو,0.5,,Img20260701-58.jpg
616,کار ساخته بازار,GD01014272 - 1,1.65,750.0,2.0,7.0,0.0,0.0,0.0,0.0,زرد,النگو,0.5,,Img20260701-838.jpg
617,کار ساخته بازار,GD01014271 - 1,1.68,750.0,2.0,7.0,0.0,0.0,0.0,0.0,زرد,النگو,0.5,,Img20260701-706.jpg
618,کار ساخته بازار,GD01014270 - 1,1.7,750.0,2.0,7.0,0.0,0.0,0.0,0.0,زرد,النگو,0.5,,Img20260701-656.jpg
619,کار ساخته بازار,GD01014269 - m2,2.75,750.0,2.0,7.0,0.0,0.0,0.0,0.0,زرد,النگو,1.0,,Img20260701-308.jpg
620,کار ساخته بازار,GD01014267 - m2,2.9,750.0,2.0,7.0,0.0,0.0,0.0,0.0,زرد,النگو,2.0,,Img20260701-555.jpg
621,کار ساخته بازار,GD01014266 - m2,2.94,750.0,2.0,7.0,0.0,0.0,0.0,0.0,زرد,النگو,2.0,,Img20260701-174.jpg
622,کار ساخته بازار,GD01014265 - m2,2.88,750.0,2.0,7.0,0.0,0.0,0.0,0.0,زرد,النگو,2.0,,Img20260701-815.jpg
623,کار ساخته بازار,GD01014261 - شراکت,8.24,750.0,3.5,7.0,0.0,0.0,0.0,0.0,سفید,تک پوش,3.0,,Img20260701-941.jpg
624,کار ساخته بازار,GD01014260 - شراکت,8.83,750.0,3.5,7.0,0.0,0.0,0.0,0.0,سفید,تک پوش,3.0,,Img20260701-119.jpg
625,کار ساخته بازار,GD01014259 - شراکت,8.82,750.0,3.5,7.0,0.0,0.0,0.0,0.0,سفید,تک پوش,3.0,,Img20260701-491.jpg
626,کار ساخته بازار,GD01014258 - چهار باغ,6.88,750.0,3.3,7.0,0.0,0.0,0.0,0.0,زرد,تک پوش,1.0,,Img20260701-251.jpg
627,کار ساخته بازار,GD01014257 - چهار باغ,8.85,750.0,3.3,7.0,0.0,0.0,0.0,0.0,زرد,تک پوش,3.0,,Img20260701-439.jpg
628,کار ساخته بازار,GD01014255 - چهار باغ,6.79,750.0,3.3,7.0,0.0,0.0,0.0,0.0,زرد,تک پوش,1.0,,Img20260701-595.jpg
629,کار ساخته بازار,GD01014252 - 1000,4.75,750.0,3.0,7.0,0.0,0.0,0.0,0.0,زرد,النگو,2.0,,Img20260701-841.jpg
630,کار ساخته بازار,GD01014251 - 1000,4.67,750.0,3.0,7.0,0.0,0.0,0.0,0.0,زرد,النگو,2.0,,Img20260701-346.jpg
631,کار ساخته بازار,GD01014250 - 1000,4.64,750.0,3.0,7.0,0.0,0.0,0.0,0.0,دو رنگ,النگو,2.0,,Img20260701-736.jpg
632,کار ساخته بازار,GD01014249 - 1000,4.66,750.0,3.0,7.0,0.0,0.0,0.0,0.0,دو رنگ,النگو,2.0,,Img20260701-763.jpg
633,کار ساخته بازار,GD01014248 - 1000,5.66,750.0,3.0,7.0,0.0,0.0,0.0,0.0,دو رنگ,النگو,2.0,,Img20260701-787.jpg
634,کار ساخته بازار,GD01014247 - 1000,4.72,750.0,3.0,7.0,0.0,0.0,0.0,0.0,دو رنگ,النگو,2.0,,Img20260701-463.jpg
635,کار ساخته بازار,GD01014246 - 726,3.44,750.0,3.0,7.0,0.0,0.0,0.0,0.0,دو رنگ,النگو,1.0,,Img20260701-540.jpg
636,کار ساخته بازار,GD01014245 - 726,3.58,750.0,3.0,7.0,0.0,0.0,0.0,0.0,دو رنگ,النگو,1.0,,Img20260701-51.jpg
637,کار ساخته بازار,GD01014243 - 726,3.4,750.0,3.0,7.0,0.0,0.0,0.0,0.0,دو رنگ,النگو,1.0,,Img20260701-993.jpg
638,کار ساخته بازار,GD01014241 - 726,3.65,750.0,3.0,7.0,0.0,0.0,0.0,0.0,دو رنگ,النگو,1.0,,Img20260701-437.jpg
639,کار ساخته بازار,GD01014240 - 726,3.87,750.0,3.0,7.0,0.0,0.0,0.0,0.0,دو رنگ,النگو,3.0,,Img20260701-886.jpg
640,کار ساخته بازار,GD01014239 - 726,3.94,750.0,3.0,7.0,0.0,0.0,0.0,0.0,دو رنگ,النگو,3.0,,Img20260701-759.jpg
641,کار ساخته بازار,GD01014238 - 726,3.84,750.0,3.0,7.0,0.0,0.0,0.0,0.0,دو رنگ,النگو,3.0,,Img20260701-812.jpg
642,کار ساخته بازار,GD01014237 - 726,3.8,750.0,3.0,7.0,0.0,0.0,0.0,0.0,دو رنگ,النگو,3.0,,Img20260701-522.jpg
643,کار ساخته بازار,GD01014236 - 726,3.94,750.0,3.0,7.0,0.0,0.0,0.0,0.0,دو رنگ,النگو,3.0,,Img20260701-489.jpg
644,کار ساخته بازار,GD01014235 - 726,3.86,750.0,3.0,7.0,0.0,0.0,0.0,0.0,دو رنگ,النگو,3.0,,Img20260701-622.jpg
645,کار ساخته بازار,GD01014234 - 726,3.66,750.0,3.0,7.0,0.0,0.0,0.0,0.0,دو رنگ,النگو,2.0,,Img20260701-37.jpg
646,کار ساخته بازار,GD01014233 - 726,3.67,750.0,3.0,7.0,0.0,0.0,0.0,0.0,دو رنگ,النگو,2.0,,Img20260701-988.jpg
647,کار ساخته بازار,GD01014232 - 726,3.59,750.0,3.0,7.0,0.0,0.0,0.0,0.0,دو رنگ,النگو,2.0,,Img20260701-338.jpg
648,کار ساخته بازار,GD01014231 - 726,3.65,750.0,3.0,7.0,0.0,0.0,0.0,0.0,دو رنگ,النگو,2.0,,Img20260701-960.jpg
649,کار ساخته بازار,GD01014230 - 726,3.64,750.0,3.0,7.0,0.0,0.0,0.0,0.0,دو رنگ,النگو,2.0,,Img20260701-852.jpg
650,کار ساخته بازار,GD01014229 - 726,3.64,750.0,3.0,7.0,0.0,0.0,0.0,0.0,دو رنگ,النگو,2.0,,Img20260701-409.jpg
651,کار ساخته بازار,GD01014225 - 788,3.51,750.0,3.0,7.0,0.0,0.0,0.0,0.0,دو رنگ,النگو,1.0,,Img20260701-423.jpg
652,کار ساخته بازار,GD01014224 - 788,3.71,750.0,3.0,7.0,0.0,0.0,0.0,0.0,دو رنگ,النگو,1.0,,Img20260701-923.jpg
653,کار ساخته بازار,GD01014223 - 788,3.55,750.0,3.0,7.0,0.0,0.0,0.0,0.0,دو رنگ,النگو,2.0,,Img20260701-94.jpg
654,کار ساخته بازار,GD01014222 - 788,3.58,750.0,3.0,7.0,0.0,0.0,0.0,0.0,دو رنگ,النگو,2.0,,Img20260701-696.jpg
655,کار ساخته بازار,GD01014221 - 788,3.48,750.0,3.0,7.0,0.0,0.0,0.0,0.0,دو رنگ,النگو,2.0,,Img20260701-413.jpg
656,کار ساخته بازار,GD01014220 - 788,3.56,750.0,3.0,7.0,0.0,0.0,0.0,0.0,دو رنگ,النگو,2.0,,Img20260701-877.jpg
657,کار ساخته بازار,GD01014219 - 788,3.55,750.0,3.0,7.0,0.0,0.0,0.0,0.0,دو رنگ,النگو,2.0,,Img20260701-288.jpg
658,کار ساخته بازار,GD01014218 - 788,3.58,750.0,3.0,7.0,0.0,0.0,0.0,0.0,دو رنگ,النگو,2.0,,Img20260701-53.jpg
659,کار ساخته بازار,GD01014217 - ٍٍ788,3.83,750.0,3.0,7.0,0.0,0.0,0.0,0.0,دو رنگ,النگو,3.0,,Img20260701-344.jpg
660,کار ساخته بازار,GD01014216 - 788,3.93,750.0,3.0,7.0,0.0,0.0,0.0,0.0,دو رنگ,النگو,3.0,,Img20260701-976.jpg
661,کار ساخته بازار,GD01014215 - 788,3.9,750.0,3.0,7.0,0.0,0.0,0.0,0.0,دو رنگ,النگو,3.0,,Img20260701-501.jpg
662,کار ساخته بازار,GD01014214 - 788,3.9,750.0,3.0,7.0,0.0,0.0,0.0,0.0,دو رنگ,النگو,3.0,,Img20260701-644.jpg
663,کار ساخته بازار,GD01014213 - 788,3.91,750.0,3.0,7.0,0.0,0.0,0.0,0.0,دو رنگ,النگو,3.0,,Img20260701-768.jpg
664,کار ساخته بازار,GD01014212 - 788,3.93,750.0,3.0,7.0,0.0,0.0,0.0,0.0,دو رنگ,النگو,3.0,,Img20260701-994.jpg
665,کار ساخته بازار,GD01014209 - 6013,3.83,750.0,3.5,7.0,0.0,0.0,0.0,0.0,زرد,النگو,1.0,,Img20260701-186.jpg
666,کار ساخته بازار,GD01014206 - 6013,3.81,750.0,3.5,7.0,0.0,0.0,0.0,0.0,زرد,النگو,1.0,,Img20260701-851.jpg
667,کار ساخته بازار,GD01014204 - 6013,4.16,750.0,3.5,7.0,0.0,0.0,0.0,0.0,زرد,النگو,2.0,,Img20260701-718.jpg
668,کار ساخته بازار,GD01014203 - 6013,4.27,750.0,3.5,7.0,0.0,0.0,0.0,0.0,زرد,النگو,2.0,,Img20260701-196.jpg
669,کار ساخته بازار,GD01014202 - 6013,4.35,750.0,3.5,7.0,0.0,0.0,0.0,0.0,زرد,النگو,2.0,,Img20260701-165.jpg
670,کار ساخته بازار,GD01014201 - 6013,4.66,750.0,3.5,7.0,0.0,0.0,0.0,0.0,زرد,النگو,3.0,,Img20260701-173.jpg
671,کار ساخته بازار,GD01014200 - 6013,4.6,750.0,3.5,7.0,0.0,0.0,0.0,0.0,زرد,النگو,3.0,,Img20260701-401.jpg
672,کار ساخته بازار,GD01014199 - 6013,4.59,750.0,3.5,7.0,0.0,0.0,0.0,0.0,زرد,النگو,3.0,,Img20260701-610.jpg
673,کار ساخته بازار,GD01014198 - 6013,4.52,750.0,3.5,7.0,0.0,0.0,0.0,0.0,زرد,النگو,3.0,,Img20260701-267.jpg
674,کار ساخته بازار,GD01014197 - 6013,4.43,750.0,3.5,7.0,0.0,0.0,0.0,0.0,زرد,النگو,3.0,,Img20260701-899.jpg
675,کار ساخته بازار,GD01014196 - 6013,4.65,750.0,3.5,7.0,0.0,0.0,0.0,0.0,زرد,النگو,3.0,,Img20260704-416.jpg
676,کار ساخته بازار,GD01014184 - قلب,2.67,750.0,0.0,2.0,0.0,0.0,0.0,0.0,زرد,گوشواره,,,Img20260705-873.jpg
677,کار ساخته بازار,GD01014182 - دیسکو,2.55,750.0,0.0,2.0,0.0,0.0,0.0,0.0,زرد,زنجیر,,,Img20260704-403.jpg
678,کار ساخته بازار,GD01014181 - هندسی,1.84,750.0,0.0,2.0,0.0,0.0,0.0,0.0,زرد,مدال,,,Img20260704-1562.jpg
679,کار ساخته بازار,GD01014179 - تراش,3.59,750.0,0.0,2.0,0.0,0.0,0.0,0.0,زرد,مدال,,,Img20260629-58.jpg
680,کار ساخته بازار,GD01014169 - گیوا,2.03,750.0,7.5,9.0,0.0,0.0,0.0,0.0,زرد,انگشتر,,,Img20260629-235.jpg
681,کار ساخته بازار,GD01014168 - گیوا,2.52,750.0,7.5,9.0,0.0,0.0,0.0,0.0,زرد,انگشتر,,,Img20260629-383.jpg
682,کار ساخته بازار,GD01014166 - گیوا,1.86,750.0,7.5,9.0,0.0,0.0,0.0,0.0,زرد,انگشتر,,,Img20260629-559.jpg
683,کار ساخته بازار,GD01014165 - گیوا,2.29,750.0,7.5,9.0,0.0,0.0,0.0,0.0,زرد,انگشتر,,,Img20260629-923.jpg
684,کار ساخته بازار,GD01014162 - گیوا,1.97,750.0,7.5,9.0,0.0,0.0,0.0,0.0,زرد,انگشتر,,,Img20260629-343.jpg
685,کار ساخته بازار,GD01014161 - گیوا,2.34,750.0,7.5,9.0,0.0,0.0,0.0,0.0,زرد,انگشتر,,,Img20260629-29.jpg
686,کار ساخته بازار,GD01014160 - گیوا,2.06,750.0,7.5,9.0,0.0,0.0,0.0,0.0,دو رنگ,انگشتر,,,Img20260629-892.jpg
687,کار ساخته بازار,GD01014156 - لوکس,1.65,750.0,13.0,14.0,0.0,0.0,0.0,0.0,دو رنگ,انگشتر,,,Img20260629-809.jpg
688,کار ساخته بازار,GD01014152 - مرسده تراش,1.15,750.0,5.0,7.0,0.0,0.0,0.0,0.0,دو رنگ,انگشتر,,,Img20260629-554.jpg
689,کار ساخته بازار,GD01014150 - بیروتی,2.33,750.0,4.5,7.0,0.0,0.0,0.0,0.0,زرد,گوشواره,,,Img20260629-93.jpg
690,کار ساخته بازار,GD01014149 - تراش,1.35,750.0,7.5,9.0,0.0,0.0,0.0,0.0,دو رنگ,انگشتر,,,Img20260705-563.jpg
691,کار ساخته بازار,GD01014147 - تراش,1.18,750.0,7.5,9.0,0.0,0.0,0.0,0.0,دو رنگ,انگشتر,,,Img20260705-578.jpg
692,کار ساخته بازار,GD01014146 - تراش,1.1,750.0,7.5,9.0,0.0,0.0,0.0,0.0,دو رنگ,انگشتر,,,Img20260629-457.jpg
693,کار ساخته بازار,GD01014145 - وان یکاد,0.62,750.0,6.0,7.0,0.0,0.0,0.0,0.0,زرد,مدال,,,Img20260629-469.jpg
694,کار ساخته بازار,GD01014143 - وان یکاد,0.62,750.0,6.0,7.0,0.0,0.0,0.0,0.0,زرد,مدال,,,Img20260629-436.jpg
695,کار ساخته بازار,GD01014141 - بیز مارک,2.75,750.0,7.5,9.0,0.0,0.0,0.0,0.0,زرد,زنجیر,,,Img20260629-372.jpg
696,کار ساخته بازار,GD01014140 - بیز مارک,2.62,750.0,7.5,9.0,0.0,0.0,0.0,0.0,زرد,زنجیر,,,Img20260704-822.jpg
697,کار ساخته بازار,GD01014135,2.36,750.0,0.0,2.0,0.0,0.0,0.0,0.0,زرد,زنجیر,,,Img20260704-40.jpg
698,کار ساخته بازار,GD01014134,2.73,750.0,0.0,2.0,0.0,0.0,0.0,0.0,زرد,زنجیر,,,Img20260629-836.jpg
699,کار ساخته بازار,GD01014132 - پنج شیر,3.89,750.0,2.0,7.0,0.0,0.0,0.0,0.0,زرد,مدال,,,Img20260629-339.jpg
700,کار ساخته بازار,GD01014131 - پنج شیر,3.18,750.0,2.0,7.0,0.0,0.0,0.0,0.0,زرد,گوشواره,,,Img20260629-279.jpg
701,کار ساخته بازار,GD01014130 - پنج شیر,2.2,750.0,2.0,7.0,0.0,0.0,0.0,0.0,زرد,گوشواره,,,Img20260629-238.jpg
702,کار ساخته بازار,GD01014129 - پنج شیر,3.17,750.0,2.0,7.0,0.0,0.0,0.0,0.0,زرد,گوشواره,,,Img20260629-954.jpg
703,کار ساخته بازار,GD01014117 - شانل,1.8,750.0,3.5,7.0,0.0,0.0,0.0,0.0,زرد,گوشواره,,,Img20260629-155.jpg
704,کار ساخته بازار,GD01014113 - زرین,2.11,750.0,6.5,8.0,0.0,0.0,0.0,0.0,زرد,گوشواره,,,Img20260629-224.jpg
705,کار ساخته بازار,GD01014112 - زرین,2.09,750.0,6.5,8.0,0.0,0.0,0.0,0.0,زرد,گوشواره,,,Img20260629-924.jpg
706,کار ساخته بازار,GD01014110 - زرین,1.16,750.0,6.5,8.0,0.0,0.0,0.0,0.0,زرد,مدال,,,Img20260629-740.jpg
707,کار ساخته بازار,GD01014108 - زرین,1.33,750.0,6.5,8.0,0.0,0.0,0.0,0.0,زرد,مدال,,,Img20260629-981.jpg
708,کار ساخته بازار,GD01014107 - تراش,1.84,750.0,3.5,7.0,0.0,0.0,0.0,0.0,زرد,دستبند,,,Img20260629-974.jpg
709,کار ساخته بازار,GD01014106 - تراش,2.3,750.0,3.5,7.0,0.0,0.0,0.0,0.0,زرد,گوشواره,,,Img20260629-216.jpg
710,کار ساخته بازار,GD01014105 - تراش,1.75,750.0,3.5,7.0,0.0,0.0,0.0,0.0,زرد,گوشواره,,,Img20260706-165.jpg
711,کار ساخته بازار,GD01014103 - تراش,1.53,750.0,3.5,7.0,0.0,0.0,0.0,0.0,زرد,گوشواره,,,Img20260629-853.jpg
712,کار ساخته بازار,GD01014102 - تراش,5.77,750.0,3.5,7.0,0.0,0.0,0.0,0.0,زرد,گردنبند,,,Img20260629-484.jpg
713,کار ساخته بازار,GD01014101 - تراش,6.05,750.0,3.5,7.0,0.0,0.0,0.0,0.0,زرد,گردنبند,,,Img20260629-433.jpg
714,کار ساخته بازار,GD01014099 - تراش,5.07,750.0,3.5,7.0,0.0,0.0,0.0,0.0,زرد,گردنبند,,,Img20260704-226.jpg
715,کار ساخته بازار,GD01013924 - دایان,1.68,750.0,0.0,2.0,0.0,0.0,0.0,0.0,زرد,گوشواره,,,Img20260706-383.jpg
716,کار ساخته بازار,GD01014097 - فندقی,1.84,750.0,0.0,2.0,0.0,0.0,0.0,0.0,زرد,گوشواره,,,Img20260708-9.jpg
717,کار ساخته بازار,GD01014090 - مرغ آمین,2.37,750.0,0.0,0.0,0.0,0.0,0.0,0.0,زرد,گوشواره,,,Img20260704-533.jpg
718,کار ساخته بازار,GD01014089 - گیوا,2.77,750.0,0.0,0.0,0.0,0.0,0.0,0.0,زرد,انگشتر,,,Img20260629-712.jpg
719,کار ساخته بازار,GD01014083 - فیوژن,5.92,750.0,4.5,7.0,0.0,0.0,0.0,0.0,زرد,گوشواره,,,Img20260629-676.jpg
720,کار ساخته بازار,GD01014082 - فیوژن,20.45,750.0,4.5,7.0,0.0,0.0,0.0,0.0,زرد,گردنبند,,,Img20260622-44.jpg
721,کار ساخته بازار,GD01014069,3.21,750.0,2.0,7.0,0.0,0.0,0.0,0.0,زرد,النگو,3.0,,Img20260622-138.jpg
722,کار ساخته بازار,GD01014067,3.2,750.0,2.0,7.0,0.0,0.0,0.0,0.0,زرد,النگو,3.0,,Img20260622-755.jpg
723,کار ساخته بازار,GD01014066,3.22,750.0,2.0,7.0,0.0,0.0,0.0,0.0,زرد,النگو,3.0,,Img20260707-1232.jpg
724,کار ساخته بازار,GD01014065,1.9,750.0,0.0,2.0,0.0,0.0,0.0,0.0,زرد,النگو,,,Img20260704-718.jpg
725,کار ساخته بازار,GD01014063,4.51,750.0,0.0,2.0,0.0,0.0,0.0,0.0,زرد,مدال,,,Img20260622-380.jpg
726,کار ساخته بازار,GD01014061,3.8,750.0,1.4,7.0,0.0,0.0,0.0,0.0,زرد,النگو,3.0,,Img20260622-573.jpg
727,کار ساخته بازار,GD01014060,3.74,750.0,1.4,7.0,0.0,0.0,0.0,0.0,زرد,النگو,3.0,,Img20260622-59.jpg
728,کار ساخته بازار,GD01014059,3.96,750.0,1.4,7.0,0.0,0.0,0.0,0.0,زرد,النگو,3.0,,Img20260622-68.jpg
729,کار ساخته بازار,GD01014058,4.1,750.0,1.4,7.0,0.0,0.0,0.0,0.0,زرد,النگو,3.0,,Img20260622-501.jpg
730,کار ساخته بازار,GD01014057,4.07,750.0,1.4,7.0,0.0,0.0,0.0,0.0,زرد,النگو,3.0,,Img20260622-284.jpg
731,کار ساخته بازار,GD01014056,3.79,750.0,1.4,7.0,0.0,0.0,0.0,0.0,زرد,النگو,3.0,,Img20260622-681.jpg
732,کار ساخته بازار,GD01014049,3.27,750.0,1.4,7.0,0.0,0.0,0.0,0.0,زرد,النگو,1.0,,Img20260622-877.jpg
733,کار ساخته بازار,GD01014048,3.13,750.0,1.4,7.0,0.0,0.0,0.0,0.0,زرد,النگو,1.0,,Img20260622-431.jpg
734,کار ساخته بازار,GD01014047,3.31,750.0,1.4,7.0,0.0,0.0,0.0,0.0,زرد,النگو,1.0,,Img20260622-457.jpg
735,کار ساخته بازار,GD01014046,3.54,750.0,1.4,7.0,0.0,0.0,0.0,0.0,زرد,النگو,1.0,,Img20260622-496.jpg
736,کار ساخته بازار,GD01014045,3.34,750.0,1.4,7.0,0.0,0.0,0.0,0.0,زرد,النگو,1.0,,Img20260622-9.jpg
737,کار ساخته بازار,GD01014044,3.34,750.0,1.4,7.0,0.0,0.0,0.0,0.0,زرد,النگو,1.0,,Img20260622-88.jpg
738,کار ساخته بازار,GD01014043,0.86,750.0,6.5,8.0,0.0,0.0,0.0,0.0,زرد,زنجیر,,,Img20260622-404.jpg
739,کار ساخته بازار,GD01014036,5.47,750.0,2.5,7.0,0.0,0.0,0.0,0.0,زرد,تک پوش,3.0,,Img20260622-102.jpg
740,کار ساخته بازار,GD01014031,5.21,750.0,1.8,7.0,0.0,0.0,0.0,0.0,سفید,النگو,2.0,,Img20260622-383.jpg
741,کار ساخته بازار,GD01014026,4.82,750.0,1.8,7.0,0.0,0.0,0.0,0.0,سفید,النگو,1.0,,Img20260622-686.jpg
742,کار ساخته بازار,GD01014014 - 100,3.44,750.0,3.0,7.0,0.0,0.0,0.0,0.0,سفید,النگو,2.0,,Img20260622-996.jpg
743,کار ساخته بازار,GD01014010 - 100,3.49,750.0,3.0,7.0,0.0,0.0,0.0,0.0,سفید,النگو,3.0,,Img20260622-548.jpg
744,کار ساخته بازار,GD01014009 - 100,3.44,750.0,3.0,7.0,0.0,0.0,0.0,0.0,سفید,النگو,3.0,,Img20260622-778.jpg
745,کار ساخته بازار,GD01014008 - 100,3.49,750.0,3.0,7.0,0.0,0.0,0.0,0.0,سفید,النگو,3.0,,Img20260622-700.jpg
746,کار ساخته بازار,GD01014007 - 100,3.5,750.0,3.0,7.0,0.0,0.0,0.0,0.0,سفید,النگو,3.0,,Img20260622-85.jpg
747,کار ساخته بازار,GD01014006 - 100,3.63,750.0,3.0,7.0,0.0,0.0,0.0,0.0,سفید,النگو,3.0,,Img20260622-910.jpg
748,کار ساخته بازار,GD01014005 - 6070,4.58,750.0,3.0,7.0,0.0,0.0,0.0,0.0,سفید,النگو,4.0,,Img20260622-155.jpg
749,کار ساخته بازار,GD01014004 - 6070,4.51,750.0,3.0,7.0,0.0,0.0,0.0,0.0,سفید,النگو,4.0,,Img20260622-467.jpg
750,کار ساخته بازار,GD01014002 - 6070,4.51,750.0,3.0,7.0,0.0,0.0,0.0,0.0,سفید,النگو,4.0,,Img20260622-384.jpg
751,کار ساخته بازار,GD01013998 - 6070,4.29,750.0,3.0,7.0,0.0,0.0,0.0,0.0,سفید,النگو,2.0,,Img20260622-562.jpg
752,کار ساخته بازار,GD01013993 - 6070,3.59,750.0,3.0,7.0,0.0,0.0,0.0,0.0,سفید,النگو,1.0,,Img20260622-871.jpg
753,کار ساخته بازار,GD01013992 - 6070,3.87,750.0,3.0,7.0,0.0,0.0,0.0,0.0,سفید,النگو,1.0,,Img20260622-1964.jpg
754,کار ساخته بازار,GD01013991 - 6070,4.08,750.0,3.0,7.0,0.0,0.0,0.0,0.0,سفید,النگو,1.0,,Img20260622-1356.jpg
755,کار ساخته بازار,GD01013990 - 6070,3.96,750.0,3.0,7.0,0.0,0.0,0.0,0.0,سفید,النگو,1.0,,Img20260622-892.jpg
756,کار ساخته بازار,GD01013988 - تراش,1.37,750.0,4.5,7.0,0.0,0.0,0.0,0.0,زرد,انگشتر,,,Img20260622-957.jpg
757,کار ساخته بازار,GD01013987,1.62,750.0,3.0,6.5,0.0,0.0,0.0,0.0,زرد,انگشتر,,,Img20260622-269.jpg
758,کار ساخته بازار,GD01013985,1.62,750.0,3.0,6.5,0.0,0.0,0.0,0.0,زرد,انگشتر,,,Img20260622-484.jpg
759,کار ساخته بازار,GD01013983,1.64,750.0,3.0,6.5,0.0,0.0,0.0,0.0,زرد,انگشتر,,,Img20260622-364.jpg
760,کار ساخته بازار,GD01013981,5.94,750.0,4.5,7.0,0.0,0.0,0.0,0.0,زرد,النگو,2.0,,Img20260622-167.jpg
761,کار ساخته بازار,GD01013980,5.97,750.0,4.5,7.0,0.0,0.0,0.0,0.0,زرد,النگو,2.0,,Img20260622-715.jpg
762,کار ساخته بازار,GD01013979,6.22,750.0,4.5,7.0,0.0,0.0,0.0,0.0,زرد,النگو,2.0,,Img20260622-536.jpg
763,کار ساخته بازار,GD01013978,5.88,750.0,4.5,7.0,0.0,0.0,0.0,0.0,زرد,النگو,2.0,,Img20260622-464.jpg
764,کار ساخته بازار,GD01013977,6.07,750.0,4.5,7.0,0.0,0.0,0.0,0.0,زرد,النگو,2.0,,Img20260621-583.jpg
765,کار ساخته بازار,GD01013961,1.92,750.0,0.0,2.0,0.0,0.0,0.0,0.0,زرد,انگشتر,,,Img20260621-999.jpg
766,کار ساخته بازار,GD01013956 - 277,5.18,750.0,5.2,7.0,0.0,0.0,0.0,0.0,دو رنگ,تک پوش,0.2,,Img20260621-867.jpg
767,کار ساخته بازار,GD01013955 - 277,5.44,750.0,5.2,7.0,0.0,0.0,0.0,0.0,دو رنگ,تک پوش,0.2,,Img20260621-217.jpg
768,کار ساخته بازار,GD01013954 - 277,5.05,750.0,5.2,7.0,0.0,0.0,0.0,0.0,دو رنگ,تک پوش,0.3,,Img20260620-131.jpg
769,کار ساخته بازار,GD01013952,5.45,750.0,1.9,7.0,0.0,0.0,0.0,0.0,زرد,النگو,4.0,,Img20260707-895.jpg
770,کار ساخته بازار,GD01013951,5.64,750.0,1.9,7.0,0.0,0.0,0.0,0.0,زرد,النگو,4.0,,Img20260620-633.jpg
771,کار ساخته بازار,GD01013950,5.43,750.0,1.9,7.0,0.0,0.0,0.0,0.0,زرد,النگو,4.0,,Img20260620-892.jpg
772,کار ساخته بازار,GD01013948,5.55,750.0,1.9,7.0,0.0,0.0,0.0,0.0,زرد,النگو,4.0,,Img20260620-953.jpg
773,کار ساخته بازار,GD01013947,5.13,750.0,1.9,7.0,0.0,0.0,0.0,0.0,زرد,النگو,4.0,,Img20260620-90.jpg
774,کار ساخته بازار,GD01013946,4.83,750.0,1.9,7.0,0.0,0.0,0.0,0.0,زرد,النگو,2.0,,Img20260620-395.jpg
775,کار ساخته بازار,GD01013944,4.87,750.0,1.9,7.0,0.0,0.0,0.0,0.0,زرد,النگو,2.0,,Img20260620-320.jpg
776,کار ساخته بازار,GD01013941,4.63,750.0,1.9,7.0,0.0,0.0,0.0,0.0,زرد,النگو,2.0,,Img20260620-479.jpg
777,کار ساخته بازار,GD01013938,4.68,750.0,1.9,7.0,0.0,0.0,0.0,0.0,زرد,النگو,1.0,,Img20260620-804.jpg
778,کار ساخته بازار,GD01013937,4.78,750.0,1.9,7.0,0.0,0.0,0.0,0.0,زرد,النگو,1.0,,Img20260620-993.jpg
779,کار ساخته بازار,GD01013935,4.83,750.0,1.9,7.0,0.0,0.0,0.0,0.0,زرد,النگو,1.0,,Img20250619-700.jpg
780,کار ساخته بازار,GD01003433 - تیفانی,5.27,750.0,16.0,17.0,0.0,0.0,0.0,0.0,زرد,سرویس,,,Img20250619-125.jpg
781,کار ساخته بازار,GD01003431 - تیفانی,16.82,750.0,16.0,17.0,0.0,0.0,0.0,0.0,زرد,سرویس,,,Img20260621-60.jpg
782,کار ساخته بازار,GD01013925 - البرنادو,2.26,750.0,0.0,2.0,0.0,0.0,0.0,0.0,زرد,گوشواره,,,Img20260621-300.jpg
783,کار ساخته بازار,GD01013914 - عربی,2.4,750.0,3.0,7.0,0.0,0.0,0.0,0.0,زرد,گوشواره,,,Img20260621-738.jpg
784,کار ساخته بازار,GD01013913 - عربی,2.64,750.0,3.0,7.0,0.0,0.0,0.0,0.0,زرد,گوشواره,,,Img20260617-13.jpg
785,کار ساخته بازار,GD01013906 - 311,3.26,750.0,4.5,7.0,0.0,0.0,0.0,0.0,سفید,النگو,0.5,,Img20260617-1308.jpg
786,کار ساخته بازار,GD01013905 - 609,6.64,750.0,3.7,7.0,0.0,0.0,0.0,0.0,زرد,النگو,2.0,,Img20260617-723.jpg
787,کار ساخته بازار,GD01013904 - 922,8.23,750.0,4.0,7.0,0.0,0.0,0.0,0.0,زرد,النگو,4.0,,Img20260617-240.jpg
788,کار ساخته بازار,GD01013902 - 219,5.55,750.0,4.5,7.0,0.0,0.0,0.0,0.0,زرد,النگو,2.0,,Img20260617-426.jpg
789,کار ساخته بازار,GD01013900 - 219,5.92,750.0,4.5,7.0,0.0,0.0,0.0,0.0,زرد,النگو,2.0,,Img20260617-281.jpg
790,کار ساخته بازار,GD01013899 - 219,5.72,750.0,4.5,7.0,0.0,0.0,0.0,0.0,زرد,النگو,2.0,,Img20260617-775.jpg
791,کار ساخته بازار,GD01013898 - 219,5.82,750.0,4.5,7.0,0.0,0.0,0.0,0.0,زرد,النگو,2.0,,Img20260617-90.jpg
792,کار ساخته بازار,GD01013897 - لیانا,2.19,750.0,8.0,9.0,0.0,0.0,0.0,0.0,زرد,گوشواره,,,Img20260617-213.jpg
793,کار ساخته بازار,GD01013895 - لیانا,2.17,750.0,8.0,9.0,0.0,0.0,0.0,0.0,زرد,گوشواره,,,Img20260617-300.jpg
794,کار ساخته بازار,GD01013891 - AS,2.27,750.0,6.5,8.0,0.0,0.0,0.0,0.0,دو رنگ,انگشتر,,,Img20260617-226.jpg
795,کار ساخته بازار,GD01013890 - مارپیچ,3.78,750.0,6.3,7.5,0.0,0.0,0.0,0.0,زرد,النگو,2.0,,Img20260617-550.jpg
796,کار ساخته بازار,GD01013889 - مارپیچ,3.9,750.0,6.3,7.5,0.0,0.0,0.0,0.0,زرد,النگو,2.0,,Img20260617-451.jpg
797,کار ساخته بازار,GD01013887 - مارپیچ,3.76,750.0,6.3,7.5,0.0,0.0,0.0,0.0,زرد,النگو,2.0,,Img20260617-23.jpg
798,کار ساخته بازار,GD01013886 - مارپیچ,4.11,750.0,6.3,7.5,0.0,0.0,0.0,0.0,زرد,النگو,2.0,,Img20260617-735.jpg
799,کار ساخته بازار,GD01013884 - مارپیچ,3.49,750.0,6.3,7.5,0.0,0.0,0.0,0.0,زرد,النگو,1.0,,Img20260617-800.jpg
800,کار ساخته بازار,GD01013883 - مارپیچ,3.66,750.0,6.3,7.5,0.0,0.0,0.0,0.0,زرد,النگو,1.0,,Img20260617-473.jpg
801,کار ساخته بازار,GD01013882 - مارپیچ,3.44,750.0,6.3,7.5,0.0,0.0,0.0,0.0,زرد,النگو,1.0,,Img20260617-195.jpg
802,کار ساخته بازار,GD01013879 - البرنادو,2.21,750.0,6.0,7.0,0.0,0.0,0.0,0.0,زرد,گوشواره,,,Img20260707-70.jpg
803,کار ساخته بازار,GD01013877 - هاتف,2.38,750.0,9.2,11.0,0.0,0.0,0.0,0.0,زرد,انگشتر,,,Img20260617-975.jpg
804,کار ساخته بازار,GD01013875 - دیاکو,4.9,750.0,3.8,7.0,0.0,0.0,0.0,0.0,زرد,تک پوش,1.0,,Img20260617-507.jpg
805,کار ساخته بازار,GD01013869 - 10037,5.36,750.0,2.8,7.0,0.0,0.0,0.0,0.0,زرد,النگو,1.0,,Img20260617-739.jpg
806,کار ساخته بازار,GD01013868 - 10037,5.36,750.0,2.8,7.0,0.0,0.0,0.0,0.0,زرد,النگو,1.0,,Img20260617-849.jpg
807,کار ساخته بازار,GD01013867 - 10037,5.61,750.0,2.8,7.0,0.0,0.0,0.0,0.0,زرد,النگو,2.0,,Img20260617-623.jpg
808,کار ساخته بازار,GD01013866 - 10037,5.66,750.0,2.8,7.0,0.0,0.0,0.0,0.0,زرد,النگو,2.0,,Img20260617-960.jpg
809,کار ساخته بازار,GD01013865 - 10037,5.6,750.0,2.8,7.0,0.0,0.0,0.0,0.0,زرد,النگو,2.0,,Img20260617-404.jpg
810,کار ساخته بازار,GD01013863 - 10037,5.64,750.0,2.8,7.0,0.0,0.0,0.0,0.0,زرد,النگو,2.0,,Img20260617-450.jpg
811,کار ساخته بازار,GD01013862 - 10037,5.96,750.0,2.8,7.0,0.0,0.0,0.0,0.0,زرد,النگو,2.0,,Img20260617-115.jpg
812,کار ساخته بازار,GD01013855 - تراش,5.43,750.0,4.0,7.0,0.0,0.0,0.0,0.0,زرد,تک پوش,2.0,,Img20260617-671.jpg
813,کار ساخته بازار,GD01013853 - تراش,5.36,750.0,4.0,7.0,0.0,0.0,0.0,0.0,زرد,تک پوش,1.0,,Img20260617-277.jpg
814,کار ساخته بازار,GD01013851 - ونیز,1.6,750.0,6.5,8.0,0.0,0.0,0.0,0.0,زرد,انگشتر,,,Img20260617-208.jpg
815,کار ساخته بازار,GD01013850 - تراش,1.09,750.0,6.5,8.0,0.0,0.0,0.0,0.0,زرد,انگشتر,,,Img20260617-908.jpg
816,کار ساخته بازار,GD01013841 - شانل,3.24,750.0,8.0,9.0,0.0,0.0,0.0,0.0,دو رنگ,گوشواره,,,Img20260617-612.jpg
817,کار ساخته بازار,GD01013838 - شانل,3.71,750.0,8.0,9.0,0.0,0.0,0.0,0.0,دو رنگ,گوشواره,,,Img20260617-804.jpg
818,کار ساخته بازار,GD01013834 - حلقه ای تراش,0.8,750.0,5.5,7.0,0.0,0.0,0.0,0.0,زرد,گوشواره,,,Img20260617-883.jpg
819,کار ساخته بازار,GD01013833 - حلقه ای تراش,0.77,750.0,5.5,7.0,0.0,0.0,0.0,0.0,زرد,گوشواره,,,Img20260617-319.jpg
820,کار ساخته بازار,GD01013832 - حلقه ای تراش,0.8,750.0,5.5,7.0,0.0,0.0,0.0,0.0,زرد,گوشواره,,,Img20260617-445.jpg
821,کار ساخته بازار,GD01013830 - حلقه ای تراش,1.2,750.0,5.5,7.0,0.0,0.0,0.0,0.0,زرد,گوشواره,,,Img20260617-825.jpg
822,کار ساخته بازار,GD01013829 - حلقه ای تراش,0.99,750.0,5.5,7.0,0.0,0.0,0.0,0.0,زرد,گوشواره,,,Img20260617-575.jpg
823,کار ساخته بازار,GD01013828 - حلقه ای تراش,0.79,750.0,5.5,7.0,0.0,0.0,0.0,0.0,زرد,گوشواره,,,Img20260617-256.jpg
824,کار ساخته بازار,GD01013827 - حلقه ای تراش,0.96,750.0,5.5,7.0,0.0,0.0,0.0,0.0,زرد,گوشواره,,,Img20260617-713.jpg
825,کار ساخته بازار,GD01013824 - حلقه ای تراش,0.95,750.0,5.5,7.0,0.0,0.0,0.0,0.0,زرد,گوشواره,,,Img20260617-500.jpg
826,کار ساخته بازار,GD01013823 - حلقه ای تراش,0.79,750.0,5.5,7.0,0.0,0.0,0.0,0.0,زرد,گوشواره,,,Img20260617-945.jpg
827,کار ساخته بازار,GD01013822 - حلقه ای تراش,1.17,750.0,5.5,7.0,0.0,0.0,0.0,0.0,زرد,گوشواره,,,Img20260617-512.jpg
828,کار ساخته بازار,GD01013821 - حلقه ای تراش,0.98,750.0,5.5,7.0,0.0,0.0,0.0,0.0,زرد,گوشواره,,,Img20260617-515.jpg
829,کار ساخته بازار,GD01013818 - حلقه ای تراش,1.2,750.0,5.5,7.0,0.0,0.0,0.0,0.0,زرد,گوشواره,,,Img20260617-862.jpg
830,کار ساخته بازار,GD01013817 - حلقه ای تراش,0.96,750.0,5.5,7.0,0.0,0.0,0.0,0.0,زرد,گوشواره,,,Img20260617-313.jpg
831,کار ساخته بازار,GD01013816 - حلقه ای تراش,0.99,750.0,5.5,7.0,0.0,0.0,0.0,0.0,زرد,گوشواره,,,Img20260617-568.jpg
832,کار ساخته بازار,GD01013812 - حلقه ای تراش,1.2,750.0,5.5,7.0,0.0,0.0,0.0,0.0,زرد,گوشواره,,,Img20260617-937.jpg
833,کار ساخته بازار,GD01013811 - حلقه ای تراش,0.98,750.0,5.5,7.0,0.0,0.0,0.0,0.0,زرد,گوشواره,,,Img20260617-15.jpg
834,کار ساخته بازار,GD01013808 - حلقه ای تراش,0.97,750.0,5.5,7.0,0.0,0.0,0.0,0.0,زرد,گوشواره,,,Img20260617-667.jpg
835,کار ساخته بازار,GD01013807 - حلقه ای تراش,1.16,750.0,5.5,7.0,0.0,0.0,0.0,0.0,زرد,گوشواره,,,Img20260617-1242.jpg
836,کار ساخته بازار,GD01013806,2.28,750.0,5.8,7.0,0.0,0.0,0.0,0.0,زرد,انگشتر,,,Img20260617-1481.jpg
837,کار ساخته بازار,GD01013805,2.06,750.0,5.8,7.0,0.0,0.0,0.0,0.0,زرد,انگشتر,,,Img20260617-1395.jpg
838,کار ساخته بازار,GD01013804,3.17,750.0,5.8,7.0,0.0,0.0,0.0,0.0,زرد,انگشتر,,,Img20260617-685.jpg
839,کار ساخته بازار,GD01013802,2.26,750.0,5.8,7.0,0.0,0.0,0.0,0.0,زرد,انگشتر,,,Img20260617-443.jpg
840,کار ساخته بازار,GD01013799,3.49,750.0,3.5,7.0,0.0,0.0,0.0,0.0,سفید,النگو,2.0,,Img20260617-442.jpg
841,کار ساخته بازار,GD01013798,3.09,750.0,3.5,7.0,0.0,0.0,0.0,0.0,سفید,النگو,2.0,,Img20260617-811.jpg
842,کار ساخته بازار,GD01013797,3.28,750.0,3.5,7.0,0.0,0.0,0.0,0.0,سفید,النگو,2.0,,Img20260617-613.jpg
843,کار ساخته بازار,GD01013796,3.41,750.0,3.5,7.0,0.0,0.0,0.0,0.0,سفید,النگو,2.0,,Img20260617-214.jpg
844,کار ساخته بازار,GD01013795,3.31,750.0,3.5,7.0,0.0,0.0,0.0,0.0,سفید,النگو,1.0,,Img20260617-477.jpg
845,کار ساخته بازار,GD01013794 - 1692,3.39,750.0,3.5,7.0,0.0,0.0,0.0,0.0,سفید,النگو,1.0,,Img20260617-299.jpg
846,کار ساخته بازار,GD01013790 - هندسی,2.13,750.0,4.5,7.0,0.0,0.0,0.0,0.0,زرد,انگشتر,,,Img20260617-182.jpg
847,کار ساخته بازار,GD01013789 - هندسی,2.79,750.0,4.5,7.0,0.0,0.0,0.0,0.0,زرد,انگشتر,,,Img20260617-522.jpg
848,کار ساخته بازار,GD01013788 - حلقه ای رینگ,1.54,750.0,3.5,7.0,0.0,0.0,0.0,0.0,زرد,انگشتر,,,Img20260617-137.jpg
849,کار ساخته بازار,GD01013787 - حلقه رینگی,1.49,750.0,3.5,7.0,0.0,0.0,0.0,0.0,زرد,انگشتر,,,Img20260617-808.jpg
850,کار ساخته بازار,GD01013786 - حلقه رینگی,1.72,750.0,3.5,7.0,0.0,0.0,0.0,0.0,زرد,انگشتر,,,Img20260705-514.jpg
851,کار ساخته بازار,GD01013785 - شانل,4.35,750.0,0.0,2.0,0.0,0.0,0.0,0.0,زرد,گردنبند,,,Img20260706-584.jpg
852,کار ساخته بازار,GD01013780 - شانل,1.55,750.0,0.0,2.0,0.0,0.0,0.0,0.0,زرد,گوشواره,,,Img20260621-693.jpg
853,کار ساخته بازار,GD01013776 - لوکس,3.72,750.0,0.0,2.0,0.0,0.0,0.0,0.0,زرد,گوشواره,,,Img20260707-674.jpg
854,کار ساخته بازار,GD01013766 - لوکس,1.09,750.0,0.0,2.0,0.0,0.0,0.0,0.0,زرد,انگشتر,,,Img20260617-829.jpg
855,کار ساخته بازار,GD01013764 - لوکس,2.23,750.0,0.0,2.0,0.0,0.0,0.0,0.0,زرد,انگشتر,,,Img20260614-875.jpg
856,کار ساخته بازار,GD01013761 - شرکت گلد,7.61,750.0,3.5,7.0,0.0,0.0,0.0,0.0,سفید,تک پوش,1.0,,Img20260614-269.jpg
857,کار ساخته بازار,GD01013760 - شرکت گلد,8.07,750.0,3.5,7.0,0.0,0.0,0.0,0.0,سفید,تک پوش,2.0,,Img20260614-477.jpg
858,کار ساخته بازار,GD01013757 - شرکت گلد,6.77,750.0,3.5,7.0,0.0,0.0,0.0,0.0,سفید,تک پوش,3.0,,Img20260614-300.jpg
859,کار ساخته بازار,GD01013756 - شرکت گلد,7.39,750.0,3.5,7.0,0.0,0.0,0.0,0.0,سفید,تک پوش,3.0,,Img20260614-819.jpg
860,کار ساخته بازار,GD01013755 - 1000,5.27,750.0,3.0,7.0,0.0,0.0,0.0,0.0,سفید,النگو,4.0,,Img20260614-632.jpg
861,کار ساخته بازار,GD01013754 - 1000,5.05,750.0,3.0,7.0,0.0,0.0,0.0,0.0,سفید,النگو,4.0,,Img20260614-685.jpg
862,کار ساخته بازار,GD01013753 - 1000,5.24,750.0,3.0,7.0,0.0,0.0,0.0,0.0,سفید,النگو,4.0,,Img20260614-427.jpg
863,کار ساخته بازار,GD01013752 - 1000,5.25,750.0,3.0,7.0,0.0,0.0,0.0,0.0,سفید,النگو,4.0,,Img20260614-356.jpg
864,کار ساخته بازار,GD01013751 - 1000,5.34,750.0,3.0,7.0,0.0,0.0,0.0,0.0,سفید,النگو,4.0,,Img20260614-569.jpg
865,کار ساخته بازار,GD01013750 - 1000,5.44,750.0,3.0,7.0,0.0,0.0,0.0,0.0,سفید,النگو,4.0,,Img20260617-886.jpg
866,کار ساخته بازار,GD01013744 - انگلیسی,1.63,750.0,0.0,2.0,0.0,0.0,0.0,0.0,زرد,گوشواره,,,Img20260706-87.jpg
867,کار ساخته بازار,GD01013743 - انگلیسی,2.92,750.0,0.0,2.0,0.0,0.0,0.0,0.0,زرد,گوشواره,,,Img20260706-425.jpg
868,کار ساخته بازار,GD01013741 - هرمی,3.02,750.0,0.0,2.0,0.0,0.0,0.0,0.0,زرد,گوشواره,,,Img20260704-389.jpg
869,کار ساخته بازار,GD01013737 - باران,2.02,750.0,0.0,2.0,0.0,0.0,0.0,0.0,زرد,گوشواره,,,Img20260617-833.jpg
870,کار ساخته بازار,GD01013726 - پروفیل,0.66,750.0,0.0,2.0,0.0,0.0,0.0,0.0,زرد,مدال,,,Img20260707-865.jpg
871,کار ساخته بازار,GD01013723 - آینه ای,1.64,750.0,0.0,2.0,0.0,0.0,0.0,0.0,زرد,النگو,1.0,,Img20260614-778.jpg
872,کار ساخته بازار,GD01013704 - لوکس,2.69,750.0,0.0,2.0,0.0,0.0,0.0,0.0,زرد,انگشتر,,,Img20260614-210.jpg
873,کار ساخته بازار,GD01013703 - لوکس,4.72,750.0,0.0,2.0,0.0,0.0,0.0,0.0,زرد,انگشتر,,,Img20260610-460.jpg
874,کار ساخته بازار,GD01013700 - شرشر ای,1.08,750.0,9.5,11.0,0.0,0.0,0.0,0.0,زرد,گوشواره,,,Img20260610-568.jpg
875,کار ساخته بازار,GD01013699 - شرشره ای,1.32,750.0,9.5,11.0,0.0,0.0,0.0,0.0,زرد,گردنبند,,,Img20260610-219.jpg
876,کار ساخته بازار,GD01013698 - شر شره ای,0.77,750.0,9.5,11.0,0.0,0.0,0.0,0.0,زرد,دستبند,,,Img20260610-908.jpg
877,کار ساخته بازار,GD01013697 - هرمی,2.18,750.0,7.5,9.0,0.0,0.0,0.0,0.0,زرد,مدال,,,Img20260610-614.jpg
878,کار ساخته بازار,GD01013696 - البرنادو,1.47,750.0,8.0,9.0,0.0,0.0,0.0,0.0,زرد,گوشواره,,,Img20260610-242.jpg
879,کار ساخته بازار,GD01013695 - البرنادو,2.51,750.0,8.0,9.0,0.0,0.0,0.0,0.0,زرد,گردنبند,,,Img20260610-676.jpg
880,کار ساخته بازار,GD01013694 - البرنادو,1.29,750.0,8.0,9.0,0.0,0.0,0.0,0.0,زرد,دستبند,,,Img20260610-652.jpg
881,کار ساخته بازار,GD01013693 - البرنادو,1.6,750.0,8.0,9.0,0.0,0.0,0.0,0.0,زرد,گوشواره,,,Img20260610-391.jpg
882,کار ساخته بازار,GD01013691 - AS,2.99,750.0,8.5,10.0,0.0,0.0,0.0,0.0,زرد,انگشتر,,,Img20260610-957.jpg
883,کار ساخته بازار,GD01013688,6.67,750.0,4.5,7.0,0.0,0.0,0.0,0.0,زرد,النگو,3.0,,Img20260610-276.jpg
884,کار ساخته بازار,GD01013687 - 0,6.62,750.0,4.5,7.0,0.0,0.0,0.0,0.0,زرد,النگو,3.0,,Img20260610-587.jpg
885,کار ساخته بازار,GD01013686,6.51,750.0,4.5,7.0,0.0,0.0,0.0,0.0,زرد,النگو,2.0,,Img20260610-736.jpg
886,کار ساخته بازار,GD01013685,6.36,750.0,4.5,7.0,0.0,0.0,0.0,0.0,زرد,النگو,2.0,,Img20260610-143.jpg
887,کار ساخته بازار,GD01013684,6.43,750.0,4.5,7.0,0.0,0.0,0.0,0.0,زرد,النگو,2.0,,Img20260610-880.jpg
888,کار ساخته بازار,GD01013683,6.3,750.0,4.5,7.0,0.0,0.0,0.0,0.0,زرد,النگو,2.0,,Img20260610-339.jpg
889,کار ساخته بازار,GD01013682,6.1,750.0,4.5,7.0,0.0,0.0,0.0,0.0,زرد,النگو,2.0,,Img20260610-759.jpg
890,کار ساخته بازار,GD01013671,6.07,750.0,6.0,7.0,0.0,0.0,0.0,0.0,زرد,النگو,,,Img20260610-118.jpg
891,کار ساخته بازار,GD01013669,5.42,750.0,6.0,7.0,0.0,0.0,0.0,0.0,زرد,النگو,4.0,,Img20260610-869.jpg
892,کار ساخته بازار,GD01013668,4.9,750.0,6.0,7.0,0.0,0.0,0.0,0.0,زرد,النگو,2.0,,Img20260610-893.jpg
893,کار ساخته بازار,GD01013666,4.76,750.0,6.0,7.0,0.0,0.0,0.0,0.0,زرد,النگو,2.0,,Img20260610-567.jpg
894,کار ساخته بازار,GD01013665,4.93,750.0,4.0,7.0,0.0,0.0,0.0,0.0,زرد,تک پوش,,,Img20260610-526.jpg
895,کار ساخته بازار,GD01013664,4.44,750.0,4.0,7.0,0.0,0.0,0.0,0.0,زرد,تک پوش,,,Img20260610-982.jpg
896,کار ساخته بازار,GD01013663,4.91,750.0,4.0,7.0,0.0,0.0,0.0,0.0,زرد,تک پوش,,,Img20260610-915.jpg
897,کار ساخته بازار,GD01013662 - 212,5.53,750.0,4.5,7.0,0.0,0.0,0.0,0.0,زرد,النگو,2.0,,Img20260610-830.jpg
898,کار ساخته بازار,GD01013661 - 212,5.68,750.0,4.5,7.0,0.0,0.0,0.0,0.0,زرد,النگو,2.0,,Img20260610-804.jpg
899,کار ساخته بازار,GD01013660 - 212,5.45,750.0,4.5,7.0,0.0,0.0,0.0,0.0,زرد,النگو,1.0,,Img20260610-692.jpg
900,کار ساخته بازار,GD01013658 - 212,5.17,750.0,4.5,7.0,0.0,0.0,0.0,0.0,زرد,النگو,1.0,,Img20260610-271.jpg
901,کار ساخته بازار,GD01013644 - پروفیل,0.65,750.0,5.5,8.0,0.0,0.0,0.0,0.0,زرد,گوشواره,,,Img20260610-370.jpg
902,کار ساخته بازار,GD01013643 - پروفیل,0.91,750.0,5.5,8.0,0.0,0.0,0.0,0.0,زرد,گوشواره,,,Img20260610-478.jpg
903,کار ساخته بازار,GD01013639 - 1692,2.94,750.0,4.0,7.0,0.0,0.0,0.0,0.0,دو رنگ,النگو,1.0,,Img20260610-693.jpg
904,کار ساخته بازار,GD01013638 - 1692,3.54,750.0,4.0,7.0,0.0,0.0,0.0,0.0,دو رنگ,النگو,1.0,,Img20260610-381.jpg
905,کار ساخته بازار,GD01013636 - 1692,2.96,750.0,4.0,7.0,0.0,0.0,0.0,0.0,دو رنگ,النگو,1.0,,Img20260610-429.jpg
906,کار ساخته بازار,GD01013635 - 1692,3.26,750.0,4.0,7.0,0.0,0.0,0.0,0.0,دو رنگ,النگو,1.0,,Img20260610-10.jpg
907,کار ساخته بازار,GD01013633 - 1692,3.45,750.0,4.0,7.0,0.0,0.0,0.0,0.0,دو رنگ,النگو,2.0,,Img20260610-211.jpg
908,کار ساخته بازار,GD01013630 - 1692,3.21,750.0,4.0,7.0,0.0,0.0,0.0,0.0,دو رنگ,النگو,2.0,,Img20260610-955.jpg
909,کار ساخته بازار,GD01013627 - 1692,3.33,750.0,4.0,7.0,0.0,0.0,0.0,0.0,دو رنگ,النگو,3.0,,Img20260610-853.jpg
910,کار ساخته بازار,GD01013626 - 1692,3.45,750.0,4.0,7.0,0.0,0.0,0.0,0.0,دو رنگ,النگو,3.0,,Img20260610-662.jpg
911,کار ساخته بازار,GD01013624 - 1692,3.41,750.0,4.0,7.0,0.0,0.0,0.0,0.0,دو رنگ,النگو,3.0,,Img20260610-434.jpg
912,کار ساخته بازار,GD01013623 - 00701,6.93,750.0,3.5,7.0,0.0,0.0,0.0,0.0,زرد,تک پوش,1.0,,Img20260610-159.jpg
913,کار ساخته بازار,GD01013622 - 00701,6.82,750.0,3.5,7.0,0.0,0.0,0.0,0.0,زرد,تک پوش,1.0,,Img20260610-1464.jpg
914,کار ساخته بازار,GD01013611,1.3,750.0,7.0,8.0,0.0,0.0,0.0,0.0,زرد,انگشتر,,,Img20260610-36.jpg
915,کار ساخته بازار,GD01013608,1.27,750.0,5.0,7.0,0.0,0.0,0.0,0.0,زرد,انگشتر,,,Img20260610-502.jpg
916,کار ساخته بازار,GD01013604,1.41,750.0,5.0,7.0,0.0,0.0,0.0,0.0,زرد,انگشتر,,,Img20260610-122.jpg
917,کار ساخته بازار,GD01013603,1.39,750.0,5.0,7.0,0.0,0.0,0.0,0.0,زرد,انگشتر,,,Img20260610-626.jpg
918,کار ساخته بازار,GD01013601,1.35,750.0,5.0,7.0,0.0,0.0,0.0,0.0,زرد,انگشتر,,,Img20260610-884.jpg
919,کار ساخته بازار,GD01013600,1.43,750.0,5.0,7.0,0.0,0.0,0.0,0.0,زرد,انگشتر,,,Img20260706-778.jpg
920,کار ساخته بازار,GD01013599,1.54,750.0,5.0,7.0,0.0,0.0,0.0,0.0,زرد,انگشتر,,,Img20260608-848.jpg
921,کار ساخته بازار,GD01013576 - تراش,1.1,750.0,6.5,8.0,0.0,0.0,0.0,0.0,زرد,انگشتر,,,Img20260608-466.jpg
922,کار ساخته بازار,GD01013574 - تراش,0.93,750.0,6.5,8.0,0.0,0.0,0.0,0.0,زرد,انگشتر,,,Img20260608-753.jpg
923,کار ساخته بازار,GD01013573 - تراش,1.01,750.0,6.5,8.0,0.0,0.0,0.0,0.0,زرد,انگشتر,,,Img20260608-170.jpg
924,کار ساخته بازار,GD01013571 - تراش,1.33,750.0,6.5,8.0,0.0,0.0,0.0,0.0,زرد,انگشتر,,,Img20260608-688.jpg
925,کار ساخته بازار,GD01013568 - تراش,1.5,750.0,6.5,8.0,0.0,0.0,0.0,0.0,زرد,انگشتر,,,Img20260608-595.jpg
926,کار ساخته بازار,GD01013567 - تراش,0.9,750.0,6.5,8.0,0.0,0.0,0.0,0.0,زرد,انگشتر,,,Img20260608-929.jpg
927,کار ساخته بازار,GD01013566 - تراش,1.11,750.0,6.5,8.0,0.0,0.0,0.0,0.0,زرد,انگشتر,,,Img20260608-118.jpg
928,کار ساخته بازار,GD01013565 - تراش,1.4,750.0,6.5,8.0,0.0,0.0,0.0,0.0,زرد,انگشتر,,,Img20260608-517.jpg
929,کار ساخته بازار,GD01013562 - تراش,1.42,750.0,6.5,8.0,0.0,0.0,0.0,0.0,زرد,انگشتر,,,Img20260608-780.jpg
930,کار ساخته بازار,GD01013560 - تراش,0.91,750.0,6.5,9.0,0.0,0.0,0.0,0.0,زرد,انگشتر,,,Img20260608-516.jpg
931,کار ساخته بازار,GD01013559 - تراش,0.96,750.0,6.5,8.0,0.0,0.0,0.0,0.0,زرد,انگشتر,,,Img20260608-281.jpg
932,کار ساخته بازار,GD01013557 - تراش,1.36,750.0,6.5,8.0,0.0,0.0,0.0,0.0,زرد,انگشتر,,,Img20260608-105.jpg
933,کار ساخته بازار,GD01013555 - تراش,0.86,750.0,6.5,8.0,0.0,0.0,0.0,0.0,زرد,انگشتر,,,Img20260608-893.jpg
934,کار ساخته بازار,GD01013554 - تراش,0.92,750.0,6.5,8.0,0.0,0.0,0.0,0.0,زرد,انگشتر,,,Img20260608-494.jpg
935,کار ساخته بازار,GD01013553 - تراش,1.11,750.0,6.5,8.0,0.0,0.0,0.0,0.0,زرد,انگشتر,,,Img20260608-183.jpg
936,کار ساخته بازار,GD01013549 - تراش,1.13,750.0,6.5,8.0,0.0,0.0,0.0,0.0,زرد,انگشتر,,,Img20260608-908.jpg
937,کار ساخته بازار,GD01013545 - تراش,1.33,750.0,6.5,8.0,0.0,0.0,0.0,0.0,زرد,انگشتر,,,Img20260608-24.jpg
938,کار ساخته بازار,GD01013544 - تراش,0.97,750.0,6.5,8.0,0.0,0.0,0.0,0.0,زرد,انگشتر,,,Img20260608-260.jpg
939,کار ساخته بازار,GD01013543 - تراش,1.05,750.0,6.5,8.0,0.0,0.0,0.0,0.0,زرد,انگشتر,,,Img20260608-681.jpg
940,کار ساخته بازار,GD01013540 - تراش,0.9,750.0,6.5,8.0,0.0,0.0,0.0,0.0,زرد,انگشتر,,,Img20260608-392.jpg
941,کار ساخته بازار,GD01013539 - تراش,0.97,750.0,6.5,8.0,0.0,0.0,0.0,0.0,زرد,انگشتر,,,Img20260608-529.jpg
942,کار ساخته بازار,GD01013538 - تراش,1.13,750.0,6.5,8.0,0.0,0.0,0.0,0.0,زرد,انگشتر,,,Img20260608-176.jpg
943,کار ساخته بازار,GD01013536 - عقیق,2.43,750.0,13.0,14.0,0.0,0.0,0.0,0.0,زرد,انگشتر,,,Img20260608-774.jpg
944,کار ساخته بازار,GD01013535 - عقیق,3.65,750.0,13.0,14.0,0.0,0.0,0.0,0.0,زرد,انگشتر,,,Img20260608-68.jpg
945,کار ساخته بازار,GD01013534 - عقیق,2.09,750.0,13.0,14.0,0.0,0.0,0.0,0.0,زرد,انگشتر,,,Img20260608-454.jpg
946,کار ساخته بازار,GD01013532 - عقیق,3.23,750.0,13.0,14.0,0.0,0.0,0.0,0.0,زرد,انگشتر,,,Img20260608-630.jpg
947,کار ساخته بازار,GD01013531 - عقیق,1.97,750.0,13.0,14.0,0.0,0.0,0.0,0.0,زرد,انگشتر,,,Img20260607-808.jpg
948,کار ساخته بازار,GD01013527 - فیوژن دوقاب,29.53,750.0,4.5,7.0,0.0,0.0,0.0,0.0,زرد,گردنبند,,,Img20260607-950.jpg
949,کار ساخته بازار,GD01013526 - ونیز,0.89,750.0,4.5,7.0,0.0,0.0,0.0,0.0,زرد,انگشتر,,,Img20260607-439.jpg
950,کار ساخته بازار,GD01013521 - ونیز,0.97,750.0,4.5,7.0,0.0,0.0,0.0,0.0,زرد,انگشتر,,,Img20260607-668.jpg
951,کار ساخته بازار,GD01013516 - ابریشمی,2.96,750.0,5.5,7.0,0.0,0.0,0.0,0.0,زرد,انگشتر,,,Img20260607-478.jpg
952,کار ساخته بازار,GD01013515 - ابریشمی,2.66,750.0,5.5,7.0,0.0,0.0,0.0,0.0,زرد,انگشتر,,,Img20260607-712.jpg
953,کار ساخته بازار,GD01013514 - ابریشمی,3.05,750.0,5.5,7.0,0.0,0.0,0.0,0.0,زرد,انگشتر,,,Img20260607-412.jpg
954,کار ساخته بازار,GD01013513 - ژاپنی,0.91,750.0,5.5,7.0,0.0,0.0,0.0,0.0,زرد,گوشواره,,,Img20260607-964.jpg
955,کار ساخته بازار,GD01013507 - لوتوس,2.3,750.0,6.8,8.0,0.0,0.0,0.0,0.0,زرد,انگشتر,,,Img20260607-659.jpg
956,کار ساخته بازار,GD01013506 - لوتوس,2.32,750.0,6.8,8.0,0.0,0.0,0.0,0.0,زرد,انگشتر,,,Img20260607-989.jpg
957,کار ساخته بازار,GD01013497 - باریک,1.46,750.0,2.0,7.0,0.0,0.0,0.0,0.0,زرد,النگو,1.0,,Img20260607-873.jpg
958,کار ساخته بازار,GD01013496 - باریک,1.86,750.0,2.0,7.0,0.0,0.0,0.0,0.0,زرد,النگو,1.0,,Img20260607-966.jpg
959,کار ساخته بازار,GD01013490 - لوکس,2.23,750.0,0.0,2.0,0.0,0.0,0.0,0.0,زرد,انگشتر,,,Img20260705-813.jpg
960,کار ساخته بازار,GD01013473 - پنج شیر,11.72,750.0,0.0,2.0,0.0,0.0,0.0,0.0,زرد,گردنبند,,,Img20260707-662.jpg
961,کار ساخته بازار,GD01013470,3.31,750.0,0.0,2.0,0.0,0.0,0.0,0.0,زرد,النگو,,,Img20260707-795.jpg
962,کار ساخته بازار,GD01013469,2.9,750.0,0.0,2.0,0.0,0.0,0.0,0.0,زرد,النگو,,,Img20260705-464.jpg
963,کار ساخته بازار,GD01013459,4.23,750.0,6.5,8.0,0.0,0.0,0.0,0.0,زرد,دستبند,,,Img20260603-891.jpg
964,کار ساخته بازار,GD01013444 - ونیز,1.68,750.0,0.0,2.0,0.0,0.0,0.0,0.0,زرد,زنجیر,,,Img20260706-201.jpg
965,کار ساخته بازار,GD01013441 - پنج شیر,3.62,750.0,0.0,7.0,0.0,0.0,0.0,0.0,زرد,گوشواره,,,Img20260708-403.jpg
966,کار ساخته بازار,GD01013440 - حروف A,0.26,750.0,0.0,2.0,0.0,0.0,0.0,0.0,زرد,دستبند,,,Img20260603-713.jpg
967,کار ساخته بازار,GD01013438 - فیوژن,5.37,750.0,7.0,8.0,0.0,0.0,0.0,0.0,دو رنگ,النگو,1.0,,Img20260603-689.jpg
968,کار ساخته بازار,GD01013437 - فیوژن,4.86,750.0,7.0,8.0,0.0,0.0,0.0,0.0,دو رنگ,النگو,1.0,,Img20260603-300.jpg
969,کار ساخته بازار,GD01013436 - فیوژن,5.06,750.0,7.0,8.0,0.0,0.0,0.0,0.0,دو رنگ,النگو,1.0,,Img20260603-992.jpg
970,کار ساخته بازار,GD01013435 - فیوژن,5.12,750.0,7.0,8.0,0.0,0.0,0.0,0.0,دو رنگ,النگو,1.0,,Img20260603-353.jpg
971,کار ساخته بازار,GD01013434 - فیوژن,4.74,750.0,7.0,8.0,0.0,0.0,0.0,0.0,دو رنگ,النگو,1.0,,Img20260603-775.jpg
972,کار ساخته بازار,GD01013433 - فیوژن,5.42,750.0,7.0,8.0,0.0,0.0,0.0,0.0,دو رنگ,النگو,1.0,,Img20260603-97.jpg
973,کار ساخته بازار,GD01013432 - هلن,7.12,750.0,5.0,7.0,0.0,0.0,0.0,0.0,زرد,النگو,3.0,,Img20260603-318.jpg
974,کار ساخته بازار,GD01013431 - 278,3.95,750.0,4.5,7.0,0.0,0.0,0.0,0.0,دو رنگ,النگو,3.0,,Img20260603-326.jpg
975,کار ساخته بازار,GD01013430 - 278,4.04,750.0,4.5,7.0,0.0,0.0,0.0,0.0,دو رنگ,النگو,3.0,,Img20260603-710.jpg
976,کار ساخته بازار,GD01013429 - 278,4.27,750.0,4.5,7.0,0.0,0.0,0.0,0.0,دو رنگ,النگو,3.0,,Img20260603-939.jpg
977,کار ساخته بازار,GD01013428 - 329,3.47,750.0,4.5,7.0,0.0,0.0,0.0,0.0,زرد,النگو,0.5,,Img20260603-871.jpg
978,کار ساخته بازار,GD01013427 - 329,3.63,750.0,4.5,7.0,0.0,0.0,0.0,0.0,زرد,النگو,0.5,,Img20260603-638.jpg
979,کار ساخته بازار,GD01013426 - 329,3.54,750.0,4.5,7.0,0.0,0.0,0.0,0.0,زرد,النگو,0.5,,Img20260603-210.jpg
980,کار ساخته بازار,GD01013425 - 311,2.7,750.0,4.5,7.0,0.0,0.0,0.0,0.0,سفید,النگو,0.3,,Img20260603-509.jpg
981,کار ساخته بازار,GD01013423 - 710,4.85,750.0,6.0,7.0,0.0,0.0,0.0,0.0,زرد,النگو,1.0,,Img20260603-49.jpg
982,کار ساخته بازار,GD01013422 - 710,4.86,750.0,6.0,7.0,0.0,0.0,0.0,0.0,زرد,النگو,1.0,,Img20260603-312.jpg
983,کار ساخته بازار,GD01013421 - 710,4.83,750.0,6.0,7.0,0.0,0.0,0.0,0.0,زرد,النگو,1.0,,Img20260603-430.jpg
984,کار ساخته بازار,GD01013420 - مهلا,6.83,750.0,6.0,7.0,0.0,0.0,0.0,0.0,زرد,النگو,1.0,,Img20260603-868.jpg
985,کار ساخته بازار,GD01013419 - مهلا,7.63,750.0,6.0,7.0,0.0,0.0,0.0,0.0,زرد,النگو,1.0,,Img20260603-241.jpg
986,کار ساخته بازار,GD01013418 - مهلا,6.77,750.0,6.0,7.0,0.0,0.0,0.0,0.0,زرد,النگو,1.0,,Img20260603-780.jpg
987,کار ساخته بازار,GD01013417 - پرش,5.81,750.0,4.0,7.0,0.0,0.0,0.0,0.0,زرد,النگو,2.0,,Img20260603-822.jpg
988,کار ساخته بازار,GD01013416 - پرش,5.89,750.0,4.0,7.0,0.0,0.0,0.0,0.0,زرد,النگو,2.0,,Img20260603-783.jpg
989,کار ساخته بازار,GD01013415 - 4090,4.75,750.0,4.0,7.0,0.0,0.0,0.0,0.0,سفید,النگو,3.0,,Img20260603-274.jpg
990,کار ساخته بازار,GD01013414 - 4090,4.71,750.0,4.0,7.0,0.0,0.0,0.0,0.0,سفید,النگو,3.0,,Img20260603-240.jpg
991,کار ساخته بازار,GD01013412 - فالکون,2.15,750.0,12.5,14.0,0.0,0.0,0.0,0.0,سفید,انگشتر,,,Img20260603-745.jpg
992,کار ساخته بازار,GD01013411 - فالکون,2.35,750.0,12.5,14.0,0.0,0.0,0.0,0.0,سفید,انگشتر,,,Img20260603-787.jpg
993,کار ساخته بازار,GD01013410 - 4090,4.95,750.0,6.3,8.0,0.0,0.0,0.0,0.0,سفید,النگو,2.0,,Img20260603-622.jpg
994,کار ساخته بازار,GD01013409 - 4090,4.73,750.0,6.3,8.0,0.0,0.0,0.0,0.0,سفید,النگو,2.0,,Img20260603-373.jpg
995,کار ساخته بازار,GD01013408 - 4090,4.93,750.0,6.3,8.0,0.0,0.0,0.0,0.0,سفید,النگو,2.0,,Img20260603-28.jpg
996,کار ساخته بازار,GD01013407 - 620,4.81,750.0,5.4,7.0,0.0,0.0,0.0,0.0,سفید,النگو,2.0,,Img20260603-950.jpg
997,کار ساخته بازار,GD01013406 - 620,4.76,750.0,5.4,7.0,0.0,0.0,0.0,0.0,سفید,النگو,2.0,,Img20260603-154.jpg
998,کار ساخته بازار,GD01013405 - 620,4.81,750.0,5.4,7.0,0.0,0.0,0.0,0.0,سفید,النگو,2.0,,Img20260603-21.jpg
999,کار ساخته بازار,GD01013398 - کارتیه,0.73,750.0,8.5,10.0,0.0,0.0,0.0,0.0,رزگلد,انگشتر,,,Img20260603-591.jpg
1000,کار ساخته بازار,GD01013397 - فالکون,5.68,750.0,8.0,10.0,0.0,0.0,0.0,0.0,دو رنگ,دستبند,,,Img20260603-24.jpg
1001,کار ساخته بازار,GD01013396 - جلوا,2.74,750.0,10.0,11.0,0.0,0.0,0.0,0.0,دو رنگ,انگشتر,,,Img20260603-449.jpg
1002,کار ساخته بازار,GD01013395 - جلوا,3.51,750.0,10.0,11.0,0.0,0.0,0.0,0.0,دو رنگ,انگشتر,,,Img20260603-864.jpg
1003,کار ساخته بازار,GD01013392 - تات,10.66,750.0,4.5,7.0,0.0,0.0,0.0,0.0,زرد,تک پوش,1.0,,Img20260602-188.jpg
1004,کار ساخته بازار,GD01013377 - ونیز,0.83,750.0,7.4,9.0,0.0,0.0,0.0,0.0,زرد,انگشتر,,,Img20260602-676.jpg
1005,کار ساخته بازار,GD01013376 - ونیز,0.68,750.0,7.4,9.0,0.0,0.0,0.0,0.0,زرد,انگشتر,,,Img20260602-271.jpg
1006,کار ساخته بازار,GD01013375 - ونیز,0.87,750.0,7.4,9.0,0.0,0.0,0.0,0.0,زرد,انگشتر,,,Img20260602-573.jpg
1007,کار ساخته بازار,GD01013370 - ونیز,0.73,750.0,7.4,9.0,0.0,0.0,0.0,0.0,زرد,انگشتر,,,Img20260602-176.jpg
1008,کار ساخته بازار,GD01013365 - هرمی,4.28,750.0,0.0,2.0,0.0,0.0,0.0,0.0,زرد,گوشواره,,,Img20260602-721.jpg
1009,کار ساخته بازار,GD01013357 - شانل,3.2,750.0,0.0,2.0,0.0,0.0,0.0,0.0,زرد,گوشواره,,,Img20260602-470.jpg
1010,کار ساخته بازار,GD01013353 - ستاره,1.21,750.0,5.5,8.0,0.0,0.0,0.0,0.0,زرد,گوشواره,,,Img20260602-609.jpg
1011,کار ساخته بازار,GD01013352 - دورسا,3.52,750.0,6.5,8.0,0.0,0.0,0.0,0.0,دو رنگ,گوشواره,,,Img20260602-731.jpg
1012,کار ساخته بازار,GD01013351 - دورسا,2.86,750.0,6.5,8.0,0.0,0.0,0.0,0.0,دو رنگ,گوشواره,,,Img20260602-652.jpg
1013,کار ساخته بازار,GD01013350 - دورسا,2.44,750.0,6.5,8.0,0.0,0.0,0.0,0.0,دو رنگ,گوشواره,,,Img20260602-745.jpg
1014,کار ساخته بازار,GD01013344,1.64,750.0,5.0,7.0,0.0,0.0,0.0,0.0,زرد,انگشتر,,,Img20260602-401.jpg
1015,کار ساخته بازار,GD01013342,1.49,750.0,5.0,7.0,0.0,0.0,0.0,0.0,زرد,انگشتر,,,Img20260602-392.jpg
1016,کار ساخته بازار,GD01013341,1.77,750.0,5.0,7.0,0.0,0.0,0.0,0.0,زرد,انگشتر,,,Img20260602-18.jpg
1017,کار ساخته بازار,GD01013340,1.51,750.0,5.0,7.0,0.0,0.0,0.0,0.0,زرد,انگشتر,,,Img20260602-992.jpg
1018,کار ساخته بازار,GD01013339,1.49,750.0,5.0,7.0,0.0,0.0,0.0,0.0,زرد,انگشتر,,,Img20260602-735.jpg
1019,کار ساخته بازار,GD01013337,1.55,750.0,5.0,7.0,0.0,0.0,0.0,0.0,زرد,انگشتر,,,Img20260704-875.jpg
1020,کار ساخته بازار,GD01013336 - شروین,6.05,750.0,0.0,2.0,0.0,0.0,0.0,0.0,زرد,تک پوش,,,Img20260704-346.jpg
1021,کار ساخته بازار,GD01013333 - فنری,7.3,750.0,0.0,2.0,0.0,0.0,0.0,0.0,زرد,تک پوش,,,Img20260602-854.jpg
1022,کار ساخته بازار,GD01013327 - پروانه,3.45,750.0,0.0,2.0,0.0,0.0,0.0,0.0,زرد,گوشواره,,,Img20260531-961.jpg
1023,کار ساخته بازار,GD01013313,5.88,750.0,6.5,8.0,0.0,0.0,0.0,0.0,زرد,النگو,2.0,,Img20260531-340.jpg
1024,کار ساخته بازار,GD01013312,5.33,750.0,6.5,8.0,0.0,0.0,0.0,0.0,زرد,النگو,1.0,,Img20260531-727.jpg
1025,کار ساخته بازار,GD01013311,5.27,750.0,6.5,8.0,0.0,0.0,0.0,0.0,زرد,النگو,1.0,,Img20260531-139.jpg
1026,کار ساخته بازار,GD01013310,5.5,750.0,6.5,8.0,0.0,0.0,0.0,0.0,زرد,النگو,1.0,,Img20260531-424.jpg
1027,کار ساخته بازار,GD01013309,5.33,750.0,6.5,8.0,0.0,0.0,0.0,0.0,زرد,النگو,1.0,,Img20260531-149.jpg
1028,کار ساخته بازار,GD01013308,5.51,750.0,6.5,8.0,0.0,0.0,0.0,0.0,زرد,النگو,1.0,,Img20260531-171.jpg
1029,کار ساخته بازار,GD01013307,5.4,750.0,6.5,8.0,0.0,0.0,0.0,0.0,زرد,النگو,1.0,,Img20260531-258.jpg
1030,کار ساخته بازار,GD01013303 - ونیز,0.95,750.0,3.5,7.0,0.0,0.0,0.0,0.0,زرد,انگشتر,,,Img20260531-387.jpg
1031,کار ساخته بازار,GD01013301 - ونیز,0.87,750.0,3.5,7.0,0.0,0.0,0.0,0.0,زرد,انگشتر,,,Img20260531-9.jpg
1032,کار ساخته بازار,GD01013293 - H,1.42,750.0,0.0,2.0,0.0,0.0,0.0,0.0,زرد,مدال,,,Img20260531-42.jpg
1033,کار ساخته بازار,GD01013291 - لوکس,2.27,750.0,0.0,2.0,0.0,0.0,0.0,0.0,زرد,انگشتر,,,Img20260602-15.jpg
1034,کار ساخته بازار,GD01013280 - البرنادو,1.38,750.0,0.0,2.0,0.0,0.0,0.0,0.0,زرد,گوشواره,,,Img20260531-482.jpg
1035,کار ساخته بازار,GD01013272 - گیوا,2.78,750.0,0.0,2.0,0.0,0.0,0.0,0.0,زرد,انگشتر,,,Img20260531-77.jpg
1036,کار ساخته بازار,GD01013262,1.52,750.0,6.9,8.0,0.0,0.0,0.0,0.0,زرد,گوشواره,,,Img20260531-868.jpg
1037,کار ساخته بازار,GD01013258 - 7852,8.83,750.0,3.5,7.0,0.0,0.0,0.0,0.0,زرد,تک پوش,3.0,,Img20260531-843.jpg
1038,کار ساخته بازار,GD01013257 - 7852,8.44,750.0,3.5,7.0,0.0,0.0,0.0,0.0,زرد,تک پوش,2.0,,Img20260531-944.jpg
1039,کار ساخته بازار,GD01013256 - 7852,8.62,750.0,3.5,7.0,0.0,0.0,0.0,0.0,زرد,تک پوش,1.0,,Img20260531-622.jpg
1040,کار ساخته بازار,GD01013254 - 00717,6.87,750.0,3.5,7.0,0.0,0.0,0.0,0.0,زرد,تک پوش,2.0,,Img20260531-546.jpg
1041,کار ساخته بازار,GD01013248 - عربی,4.6,750.0,4.5,7.0,0.0,0.0,0.0,0.0,زرد,گوشواره,,,Img20260531-813.jpg
1042,کار ساخته بازار,GD01013247 - عربی,5.28,750.0,4.5,7.0,0.0,0.0,0.0,0.0,زرد,گوشواره,,,Img20260531-799.jpg
1043,کار ساخته بازار,GD01013243 - چشم زخم,1.32,750.0,0.0,2.0,0.0,0.0,0.0,0.0,زرد,مدال,,,Img20260704-3.jpg
1044,کار ساخته بازار,GD01013232,2.35,750.0,0.0,2.0,0.0,0.0,0.0,0.0,زرد,زنجیر,,,Img20260525-60.jpg
1045,کار ساخته بازار,GD01013221,7.59,750.0,3.3,7.0,0.0,0.0,0.0,0.0,زرد,تک پوش,,,Img20260525-613.jpg
1046,کار ساخته بازار,GD01013217,6.65,750.0,4.5,7.0,0.0,0.0,0.0,0.0,زرد,النگو,3.0,,Img20260525-689.jpg
1047,کار ساخته بازار,GD01013216,6.49,750.0,4.5,7.0,0.0,0.0,0.0,0.0,زرد,النگو,3.0,,Img20260525-591.jpg
1048,کار ساخته بازار,GD01013208,5.37,750.0,4.5,7.0,0.0,0.0,0.0,0.0,زرد,النگو,1.0,,Img20260525-790.jpg
1049,کار ساخته بازار,GD01013207,6.16,750.0,4.5,7.0,0.0,0.0,0.0,0.0,زرد,النگو,1.0,,Img20260525-707.jpg
1050,کار ساخته بازار,GD01013205,6.67,750.0,4.5,7.0,0.0,0.0,0.0,0.0,زرد,النگو,1.0,,Img20260525-6.jpg
1051,کار ساخته بازار,GD01013204,6.09,750.0,4.5,7.0,0.0,0.0,0.0,0.0,زرد,النگو,1.0,,Img20260525-815.jpg
1052,کار ساخته بازار,GD01013202 - لوکس,2.24,750.0,0.0,2.0,0.0,0.0,0.0,0.0,زرد,انگشتر,,,Img20260525-341.jpg
1053,کار ساخته بازار,GD01013201 - حلقه ای,1.79,750.0,0.0,2.0,0.0,0.0,0.0,0.0,زرد,گوشواره,,,Img20260602-771.jpg
1054,کار ساخته بازار,GD01013196 - شقایق,10.3,750.0,0.0,2.0,0.0,0.0,0.0,0.0,زرد,گردنبند,,,Img20260706-560.jpg
1055,کار ساخته بازار,GD01013192 - شانل,1.88,750.0,3.5,7.0,0.0,0.0,0.0,0.0,زرد,گوشواره,,,Img20260705-304.jpg
1056,کار ساخته بازار,GD01013190 - گندمی,8.94,750.0,3.5,7.0,0.0,0.0,0.0,0.0,زرد,گردنبند,,,Img20260704-176.jpg
1057,کار ساخته بازار,GD01013189 - توپک,0.49,750.0,4.0,7.0,0.0,0.0,0.0,0.0,زرد,مدال,,,Img20260704-866.jpg
1058,کار ساخته بازار,GD01013188 - توپک,0.47,750.0,4.0,7.0,0.0,0.0,0.0,0.0,زرد,مدال,,,Img20260704-225.jpg
1059,کار ساخته بازار,GD01013187 - توپک,0.84,750.0,4.0,7.0,0.0,0.0,0.0,0.0,زرد,مدال,,,Img20260704-600.jpg
1060,کار ساخته بازار,GD01013186 - توپک,1.04,750.0,4.0,7.0,0.0,0.0,0.0,0.0,زرد,مدال,,,Img20260705-669.jpg
1061,کار ساخته بازار,GD01013181 - پنج شیر,11.01,750.0,2.0,7.0,0.0,0.0,0.0,0.0,زرد,گردنبند,,,Img20260706-930.jpg
1062,کار ساخته بازار,GD01013172 - بخیه,0.56,750.0,0.0,2.0,0.0,0.0,0.0,0.0,زرد,گوشواره,,,Img20260521-859.jpg
1063,کار ساخته بازار,GD01013151 - 40,5.23,750.0,5.5,7.0,0.0,0.0,0.0,0.0,زرد,النگو,2.0,,Img20260521-149.jpg
1064,کار ساخته بازار,GD01013150 - 40,5.15,750.0,5.5,7.0,0.0,0.0,0.0,0.0,زرد,النگو,3.0,,Img20260521-845.jpg
1065,کار ساخته بازار,GD01013149 - 40,4.96,750.0,5.5,7.0,0.0,0.0,0.0,0.0,زرد,النگو,1.0,,Img20260521-936.jpg
1066,کار ساخته بازار,GD01013148 - 40,5.11,750.0,5.5,7.0,0.0,0.0,0.0,0.0,زرد,النگو,2.0,,Img20260521-723.jpg
1067,کار ساخته بازار,GD01013147 - 40,4.74,750.0,5.5,7.0,0.0,0.0,0.0,0.0,زرد,النگو,1.0,,Img20260521-747.jpg
1068,کار ساخته بازار,GD01013146 - 40,5.05,750.0,5.5,7.0,0.0,0.0,0.0,0.0,زرد,النگو,3.0,,Img20260521-592.jpg
1069,کار ساخته بازار,GD01013145 - 40,5.25,750.0,5.5,7.0,0.0,0.0,0.0,0.0,زرد,النگو,3.0,,Img20260521-421.jpg
1070,کار ساخته بازار,GD01013144 - 40,5.27,750.0,5.5,7.0,0.0,0.0,0.0,0.0,زرد,النگو,3.0,,Img20260521-804.jpg
1071,کار ساخته بازار,GD01013143 - 40,5.17,750.0,5.5,7.0,0.0,0.0,0.0,0.0,زرد,النگو,2.0,,Img20260521-875.jpg
1072,کار ساخته بازار,GD01013142 - 40,5.2,750.0,5.5,7.0,0.0,0.0,0.0,0.0,زرد,النگو,2.0,,Img20260521-442.jpg
1073,کار ساخته بازار,GD01013141 - 40,5.16,750.0,5.5,7.0,0.0,0.0,0.0,0.0,زرد,النگو,3.0,,Img20260521-910.jpg
1074,کار ساخته بازار,GD01013140 - 40,5.25,750.0,5.5,7.0,0.0,0.0,0.0,0.0,زرد,النگو,2.0,,Img20260521-499.jpg
1075,کار ساخته بازار,GD01013139 - 40,5.28,750.0,5.5,7.0,0.0,0.0,0.0,0.0,زرد,النگو,2.0,,Img20260521-33.jpg
1076,کار ساخته بازار,GD01013138 - 40,5.3,750.0,5.5,7.0,0.0,0.0,0.0,0.0,زرد,النگو,2.0,,Img20260521-40.jpg
1077,کار ساخته بازار,GD01013137 - 40,4.75,750.0,5.5,7.0,0.0,0.0,0.0,0.0,زرد,النگو,1.0,,Img20260521-311.jpg
1078,کار ساخته بازار,GD01013135 - 40,4.94,750.0,5.5,7.0,0.0,0.0,0.0,0.0,زرد,النگو,1.0,,Img20260521-61.jpg
1079,کار ساخته بازار,GD01013134 - 40,4.9,750.0,5.5,7.0,0.0,0.0,0.0,0.0,زرد,النگو,1.0,,Img20260521-233.jpg
1080,کار ساخته بازار,GD01013133 - 1706,5.09,750.0,5.5,7.0,0.0,0.0,0.0,0.0,زرد,النگو,2.0,,Img20260521-119.jpg
1081,کار ساخته بازار,GD01013132 - 1706,4.47,750.0,5.5,7.0,0.0,0.0,0.0,0.0,زرد,النگو,2.0,,Img20260521-86.jpg
1082,کار ساخته بازار,GD01013130 - 1706,5.94,750.0,5.5,7.0,0.0,0.0,0.0,0.0,زرد,النگو,4.0,,Img20260521-377.jpg
1083,کار ساخته بازار,GD01013129 - 1706,5.92,750.0,5.5,7.0,0.0,0.0,0.0,0.0,زرد,النگو,4.0,,Img20260521-1422.jpg
1084,کار ساخته بازار,GD01013128 - 1706,5.88,750.0,5.5,7.0,0.0,0.0,0.0,0.0,زرد,النگو,4.0,,Img20260521-1487.jpg
1085,کار ساخته بازار,GD01013127 - 1706,5.9,750.0,5.5,7.0,0.0,0.0,0.0,0.0,زرد,النگو,4.0,,Img20260521-290.jpg
1086,کار ساخته بازار,GD01013126 - 1706,5.95,750.0,5.5,7.0,0.0,0.0,0.0,0.0,زرد,النگو,4.0,,Img20260521-88.jpg
1087,کار ساخته بازار,GD01013125 - 1706,5.3,750.0,5.5,7.0,0.0,0.0,0.0,0.0,زرد,النگو,3.0,,Img20260521-457.jpg
1088,کار ساخته بازار,GD01013123 - 1706,5.74,750.0,5.5,7.0,0.0,0.0,0.0,0.0,زرد,النگو,3.0,,Img20260521-9.jpg
1089,کار ساخته بازار,GD01013122 - 1706,5.5,750.0,5.5,7.0,0.0,0.0,0.0,0.0,زرد,النگو,3.0,,Img20260521-909.jpg
1090,کار ساخته بازار,GD01013121 - 1706,4.57,750.0,5.5,7.0,0.0,0.0,0.0,0.0,زرد,النگو,1.0,,Img20260521-721.jpg
1091,کار ساخته بازار,GD01013120 - 1706,4.92,750.0,5.5,7.0,0.0,0.0,0.0,0.0,زرد,النگو,1.0,,Img20260521-812.jpg
1092,کار ساخته بازار,GD01013119 - 1706,4.72,750.0,5.5,7.0,0.0,0.0,0.0,0.0,زرد,النگو,1.0,,Img20260521-778.jpg
1093,کار ساخته بازار,GD01013111 - 1706,5.55,750.0,5.5,7.0,0.0,0.0,0.0,0.0,زرد,النگو,3.0,,Img20260521-60.jpg
1094,کار ساخته بازار,GD01013109 - 1706,6.08,750.0,5.5,7.0,0.0,0.0,0.0,0.0,زرد,النگو,3.0,,Img20260520-381.jpg
1095,کار ساخته بازار,GD01013103 - 1706,5.1,750.0,5.5,7.0,0.0,0.0,0.0,0.0,زرد,النگو,1.0,,Img20260520-869.jpg
1096,کار ساخته بازار,GD01013102 - 1706,4.84,750.0,5.5,7.0,0.0,0.0,0.0,0.0,زرد,النگو,1.0,,Img20260520-149.jpg
1097,کار ساخته بازار,GD01013101 - 1706,4.98,750.0,5.5,7.0,0.0,0.0,0.0,0.0,زرد,النگو,1.0,,Img20260520-908.jpg
1098,کار ساخته بازار,GD01013099 - 1706,4.83,750.0,5.5,7.0,0.0,0.0,0.0,0.0,زرد,النگو,1.0,,Img20260521-199.jpg
1099,کار ساخته بازار,GD01013096,11.9,750.0,5.5,7.0,0.0,0.0,0.0,0.0,زرد,تک پوش,3.0,,Img20260521-7.jpg
1100,کار ساخته بازار,GD01013095,11.55,750.0,5.5,7.0,0.0,0.0,0.0,0.0,زرد,تک پوش,3.0,,Img20260521-697.jpg
1101,کار ساخته بازار,GD01013093,10.73,750.0,5.5,7.0,0.0,0.0,0.0,0.0,زرد,تک پوش,2.0,,Img20260521-108.jpg
1102,کار ساخته بازار,GD01013092,10.4,750.0,5.5,7.0,0.0,0.0,0.0,0.0,زرد,تک پوش,1.0,,Img20260521-225.jpg
1103,کار ساخته بازار,GD01013091,9.99,750.0,5.5,7.0,0.0,0.0,0.0,0.0,زرد,تک پوش,1.0,,Img20260520-359.jpg
1104,کار ساخته بازار,GD01013084 - 715,3.99,750.0,5.5,7.0,0.0,0.0,0.0,0.0,زرد,النگو,3.0,,Img20260520-924.jpg
1105,کار ساخته بازار,GD01013081,3.95,750.0,5.5,7.0,0.0,0.0,0.0,0.0,زرد,النگو,2.0,,Img20260520-985.jpg
1106,کار ساخته بازار,GD01013075 - 715,3.56,750.0,5.5,7.0,0.0,0.0,0.0,0.0,زرد,النگو,1.0,,Img20260520-595.jpg
1107,کار ساخته بازار,GD01013074 - 715,3.47,750.0,5.5,7.0,0.0,0.0,0.0,0.0,زرد,النگو,1.0,,Img20260520-279.jpg
1108,کار ساخته بازار,GD01013071 - 715,3.55,750.0,5.5,7.0,0.0,0.0,0.0,0.0,زرد,النگو,1.0,,Img20260520-23.jpg
1109,کار ساخته بازار,GD01013066,4.35,750.0,5.5,7.0,0.0,0.0,0.0,0.0,زرد,النگو,4.0,,Img20260520-500.jpg
1110,کار ساخته بازار,GD01013065,4.44,750.0,5.5,7.0,0.0,0.0,0.0,0.0,زرد,النگو,4.0,,Img20260520-741.jpg
1111,کار ساخته بازار,GD01013064,4.4,750.0,5.5,7.0,0.0,0.0,0.0,0.0,زرد,النگو,4.0,,Img20260520-954.jpg
1112,کار ساخته بازار,GD01013063,4.33,750.0,5.5,7.0,0.0,0.0,0.0,0.0,زرد,النگو,4.0,,Img20260520-718.jpg
1113,کار ساخته بازار,GD01013062,4.02,750.0,5.5,7.0,0.0,0.0,0.0,0.0,زرد,النگو,4.0,,Img20260520-404.jpg
1114,کار ساخته بازار,GD01013061,4.05,750.0,5.5,7.0,0.0,0.0,0.0,0.0,زرد,النگو,4.0,,Img20260520-28.jpg
1115,کار ساخته بازار,GD01013060,3.9,750.0,5.5,7.0,0.0,0.0,0.0,0.0,زرد,النگو,3.0,,Img20260520-981.jpg
1116,کار ساخته بازار,GD01013059,3.85,750.0,5.5,7.0,0.0,0.0,0.0,0.0,زرد,النگو,3.0,,Img20260520-886.jpg
1117,کار ساخته بازار,GD01013058,3.97,750.0,5.5,7.0,0.0,0.0,0.0,0.0,زرد,النگو,3.0,,Img20260520-755.jpg
1118,کار ساخته بازار,GD01013057,3.86,750.0,5.5,7.0,0.0,0.0,0.0,0.0,زرد,النگو,3.0,,Img20260520-976.jpg
1119,کار ساخته بازار,GD01013056,3.79,750.0,5.5,7.0,0.0,0.0,0.0,0.0,زرد,النگو,3.0,,Img20260520-139.jpg
1120,کار ساخته بازار,GD01013049,3.68,750.0,5.5,7.0,0.0,0.0,0.0,0.0,زرد,النگو,2.0,,Img20260520-628.jpg
1121,کار ساخته بازار,GD01013048,3.41,750.0,5.5,7.0,0.0,0.0,0.0,0.0,زرد,النگو,1.0,,Img20260520-231.jpg
1122,کار ساخته بازار,GD01013047,4.01,750.0,5.5,7.0,0.0,0.0,0.0,0.0,زرد,النگو,1.0,,Img20260520-1828.jpg
1123,کار ساخته بازار,GD01013046,3.44,750.0,5.5,7.0,0.0,0.0,0.0,0.0,زرد,النگو,1.0,,Img20260520-692.jpg
1124,کار ساخته بازار,GD01013045,3.44,750.0,5.5,7.0,0.0,0.0,0.0,0.0,زرد,النگو,1.0,,Img20260520-895.jpg
1125,کار ساخته بازار,GD01013044,3.85,750.0,5.5,7.0,0.0,0.0,0.0,0.0,زرد,النگو,1.0,,Img20260520-237.jpg
1126,کار ساخته بازار,GD01013043,3.47,750.0,5.5,7.0,0.0,0.0,0.0,0.0,زرد,النگو,1.0,,Img20260520-725.jpg
1127,کار ساخته بازار,GD01013041 - 593,5.45,750.0,5.5,7.0,0.0,0.0,0.0,0.0,زرد,النگو,,,Img20260520-456.jpg
1128,کار ساخته بازار,GD01013040 - 1232,2.75,750.0,4.0,7.0,0.0,0.0,0.0,0.0,زرد,النگو,1.0,,Img20260520-122.jpg
1129,کار ساخته بازار,GD01013039 - 1232,2.49,750.0,4.0,7.0,0.0,0.0,0.0,0.0,زرد,النگو,1.0,,Img20260520-391.jpg
1130,کار ساخته بازار,GD01013038 - 1232,2.6,750.0,4.0,7.0,0.0,0.0,0.0,0.0,زرد,النگو,1.0,,Img20260520-393.jpg
1131,کار ساخته بازار,GD01013037 - 1232,2.73,750.0,4.0,7.0,0.0,0.0,0.0,0.0,زرد,النگو,1.0,,Img20260520-61.jpg
1132,کار ساخته بازار,GD01013036 - 1232,2.74,750.0,4.0,7.0,0.0,0.0,0.0,0.0,زرد,النگو,1.0,,Img20260520-652.jpg
1133,کار ساخته بازار,GD01013035 - 1232,2.87,750.0,4.0,7.0,0.0,0.0,0.0,0.0,زرد,النگو,1.0,,Img20260520-64.jpg
1134,کار ساخته بازار,GD01013034 - 1232,3.24,750.0,4.0,7.0,0.0,0.0,0.0,0.0,زرد,النگو,2.0,,Img20260520-553.jpg
1135,کار ساخته بازار,GD01013033 - 1232,2.94,750.0,4.0,7.0,0.0,0.0,0.0,0.0,زرد,النگو,2.0,,Img20260520-1468.jpg
1136,کار ساخته بازار,GD01013032 - 1232,3.26,750.0,4.0,7.0,0.0,0.0,0.0,0.0,زرد,النگو,2.0,,Img20260520-979.jpg
1137,کار ساخته بازار,GD01013031 - 1232,3.16,750.0,4.0,7.0,0.0,0.0,0.0,0.0,زرد,النگو,2.0,,Img20260520-197.jpg
1138,کار ساخته بازار,GD01013030 - 1232,3.27,750.0,4.0,7.0,0.0,0.0,0.0,0.0,زرد,النگو,2.0,,Img20260520-318.jpg
1139,کار ساخته بازار,GD01013029 - 1232,2.97,750.0,4.0,7.0,0.0,0.0,0.0,0.0,زرد,النگو,2.0,,Img20260520-963.jpg
1140,کار ساخته بازار,GD01013028 - 593,5.06,750.0,5.5,7.0,0.0,0.0,0.0,0.0,سفید,النگو,2.0,,Img20260520-624.jpg
1141,کار ساخته بازار,GD01013027 - 710,5.09,750.0,5.5,7.0,0.0,0.0,0.0,0.0,زرد,النگو,3.0,,Img20260520-829.jpg
1142,کار ساخته بازار,GD01013026 - 710,5.0,750.0,5.5,7.0,0.0,0.0,0.0,0.0,زرد,النگو,3.0,,Img20260520-930.jpg
1143,کار ساخته بازار,GD01013025 - 710,5.09,750.0,5.5,7.0,0.0,0.0,0.0,0.0,زرد,النگو,3.0,,Img20260520-807.jpg
1144,کار ساخته بازار,GD01013023 - میرایی,10.01,750.0,5.5,7.0,0.0,0.0,0.0,0.0,زرد,النگو,4.0,,Img20260520-464.jpg
1145,کار ساخته بازار,GD01013022 - میرایی,10.14,750.0,5.5,7.0,0.0,0.0,0.0,0.0,زرد,النگو,4.0,,Img20260520-779.jpg
1146,کار ساخته بازار,GD01013021 - میرایی,10.09,750.0,5.5,7.0,0.0,0.0,0.0,0.0,زرد,النگو,4.0,,Img20260520-252.jpg
1147,کار ساخته بازار,GD01013020 - میرایی,10.02,750.0,5.5,7.0,0.0,0.0,0.0,0.0,زرد,النگو,4.0,,Img20260520-855.jpg
1148,کار ساخته بازار,GD01013019 - 922,8.34,750.0,4.0,7.0,0.0,0.0,0.0,0.0,زرد,النگو,4.0,,Img20260520-675.jpg
1149,کار ساخته بازار,GD01013018 - 922,8.21,750.0,4.0,7.0,0.0,0.0,0.0,0.0,زرد,النگو,4.0,,Img20260520-25.jpg
1150,کار ساخته بازار,GD01013017 - 922,8.29,750.0,4.0,7.0,0.0,0.0,0.0,0.0,زرد,النگو,4.0,,Img20260520-851.jpg
1151,کار ساخته بازار,GD01013016 - 922,8.31,750.0,4.0,7.0,0.0,0.0,0.0,0.0,زرد,النگو,4.0,,Img20260520-316.jpg
1152,کار ساخته بازار,GD01013012 - 311,4.09,750.0,7.5,9.0,0.0,0.0,0.0,0.0,سفید,النگو,3.0,,Img20260520-352.jpg
1153,کار ساخته بازار,GD01013011 - 311,4.14,750.0,7.5,9.0,0.0,0.0,0.0,0.0,سفید,النگو,3.0,,Img20260520-276.jpg
1154,کار ساخته بازار,GD01013010 - 1416,2.77,750.0,6.5,8.0,0.0,0.0,0.0,0.0,سفید,النگو,1.0,,Img20260520-262.jpg
1155,کار ساخته بازار,GD01013009 - 1416,2.7,750.0,6.5,8.0,0.0,0.0,0.0,0.0,سفید,النگو,1.0,,Img20260520-283.jpg
1156,کار ساخته بازار,GD01013008 - 1416,2.8,750.0,6.5,8.0,0.0,0.0,0.0,0.0,سفید,النگو,1.0,,Img20260520-558.jpg
1157,کار ساخته بازار,GD01013006 - وان یکاد,0.92,750.0,6.0,8.0,0.0,0.0,0.0,0.0,زرد,مدال,,,Img20260520-766.jpg
1158,کار ساخته بازار,GD01013005 - وان یکاد,0.73,750.0,6.0,8.0,0.0,0.0,0.0,0.0,زرد,مدال,,,Img20260704-264.jpg
1159,کار ساخته بازار,GD01013003 - وان یکاد,0.77,750.0,6.0,8.0,0.0,0.0,0.0,0.0,زرد,مدال,,,Img20260520-522.jpg
1160,کار ساخته بازار,GD01013001 - وان یکاد,0.71,750.0,6.0,8.0,0.0,0.0,0.0,0.0,زرد,مدال,,,Img20260520-331.jpg
1161,کار ساخته بازار,GD01012994 - مارپیچ,4.06,750.0,6.3,8.0,0.0,0.0,0.0,0.0,زرد,النگو,2.0,,Img20260520-288.jpg
1162,کار ساخته بازار,GD01012989 - بهار,14.41,750.0,8.5,10.0,0.0,0.0,0.0,0.0,دو رنگ,تک پوش,3.0,,Img20260520-49.jpg
1163,کار ساخته بازار,GD01012988 - پیچ,3.36,750.0,5.2,7.0,0.0,0.0,0.0,0.0,زرد,النگو,1.0,,Img20260520-998.jpg
1164,کار ساخته بازار,GD01012987 - پیچ,3.36,750.0,5.2,7.0,0.0,0.0,0.0,0.0,زرد,النگو,1.0,,Img20260520-267.jpg
1165,کار ساخته بازار,GD01012986 - پیچ,3.24,750.0,5.2,7.0,0.0,0.0,0.0,0.0,زرد,النگو,1.0,,Img20260520-342.jpg
1166,کار ساخته بازار,GD01012985 - پیچ,3.6,750.0,5.2,7.0,0.0,0.0,0.0,0.0,زرد,النگو,1.0,,Img20260520-421.jpg
1167,کار ساخته بازار,GD01012984 - پیچ,3.26,750.0,5.2,7.0,0.0,0.0,0.0,0.0,زرد,النگو,1.0,,Img20260520-363.jpg
1168,کار ساخته بازار,GD01012983 - پیچ,3.2,750.0,5.2,7.0,0.0,0.0,0.0,0.0,زرد,النگو,1.0,,Img20260520-367.jpg
1169,کار ساخته بازار,GD01012981 - پیچ,3.68,750.0,5.2,7.0,0.0,0.0,0.0,0.0,زرد,النگو,2.0,,Img20260520-672.jpg
1170,کار ساخته بازار,GD01012980 - پیچ,3.51,750.0,5.2,7.0,0.0,0.0,0.0,0.0,زرد,النگو,2.0,,Img20260520-870.jpg
1171,کار ساخته بازار,GD01012979 - پیچ,3.71,750.0,5.2,7.0,0.0,0.0,0.0,0.0,زرد,النگو,2.0,,Img20260520-317.jpg
1172,کار ساخته بازار,GD01012978 - پیچ,3.5,750.0,5.2,7.0,0.0,0.0,0.0,0.0,زرد,النگو,2.0,,Img20260520-507.jpg
1173,کار ساخته بازار,GD01012977 - پیچ,3.58,750.0,5.2,7.0,0.0,0.0,0.0,0.0,زرد,النگو,2.0,,Img20260520-905.jpg
1174,کار ساخته بازار,GD01012976 - پیچ,3.9,750.0,5.2,7.0,0.0,0.0,0.0,0.0,زرد,النگو,3.0,,Img20260520-447.jpg
1175,کار ساخته بازار,GD01012975 - پیچ,3.98,750.0,5.2,7.0,0.0,0.0,0.0,0.0,زرد,النگو,3.0,,Img20260520-253.jpg
1176,کار ساخته بازار,GD01012974 - پیچ,3.98,750.0,5.2,7.0,0.0,0.0,0.0,0.0,زرد,النگو,3.0,,Img20260520-982.jpg
1177,کار ساخته بازار,GD01012973 - پیچ,3.88,750.0,5.2,7.0,0.0,0.0,0.0,0.0,زرد,النگو,3.0,,Img20260520-659.jpg
1178,کار ساخته بازار,GD01012972 - پیچ,4.08,750.0,5.2,7.0,0.0,0.0,0.0,0.0,زرد,النگو,3.0,,Img20260520-784.jpg
1179,کار ساخته بازار,GD01012971 - پیچ,3.81,750.0,5.2,7.0,0.0,0.0,0.0,0.0,زرد,النگو,3.0,,Img20260525-846.jpg
1180,کار ساخته بازار,GD01012966 - تافته,1.63,750.0,0.0,2.0,0.0,0.0,0.0,0.0,زرد,گوشواره,,,Img20260704-50.jpg
1181,کار ساخته بازار,GD01012959,9.59,750.0,0.0,2.0,0.0,0.0,0.0,0.0,زرد,زنجیر,,,Img20260518-213.jpg
1182,کار ساخته بازار,GD01012946 - یزد زر,2.98,750.0,0.0,2.0,0.0,0.0,0.0,0.0,زرد,النگو,1.0,,Img20260518-511.jpg
1183,کار ساخته بازار,GD01012945 - یزد زر,2.58,750.0,0.0,2.0,0.0,0.0,0.0,0.0,زرد,النگو,1.0,,Img20260518-96.jpg
1184,کار ساخته بازار,GD01012944 - یزد زر,2.88,750.0,0.0,2.0,0.0,0.0,0.0,0.0,زرد,النگو,1.0,,Img20260518-273.jpg
1185,کار ساخته بازار,GD01012943 - یزد زر,3.3,750.0,0.0,2.0,0.0,0.0,0.0,0.0,زرد,النگو,2.0,,Img20251213-699.jpg
1186,کار ساخته بازار,GD01010052 - البرنادو,5.73,750.0,8.5,10.0,0.0,0.0,0.0,0.0,رزگلد,گردنبند,,,Img20251213-782.jpg
1187,کار ساخته بازار,GD01010051 - البرنادو,1.81,750.0,8.5,10.0,0.0,0.0,0.0,0.0,رزگلد,گوشواره,,,Img20260518-216.jpg
1188,کار ساخته بازار,GD01012936 - گیوا شنی,2.06,750.0,0.0,2.0,0.0,0.0,0.0,0.0,زرد,انگشتر,,,Img20260602-416.jpg
1189,کار ساخته بازار,GD01012909 - پنج شیر,8.92,750.0,2.0,7.0,0.0,0.0,0.0,0.0,زرد,گردنبند,,,Img20260518-742.jpg
1190,کار ساخته بازار,GD01012905 - دایان,5.51,750.0,0.0,2.0,0.0,0.0,0.0,0.0,زرد,گردنبند,,,Img20260708-438.jpg
1191,کار ساخته بازار,GD01012904 - ونیز,1.35,750.0,0.0,2.0,0.0,0.0,0.0,0.0,زرد,زنجیر,,,Img20260706-348.jpg
1192,کار ساخته بازار,GD01012900 - ستاره,7.69,750.0,0.0,2.0,0.0,0.0,0.0,0.0,زرد,گوشواره,,,Img20260516-3.jpg
1193,کار ساخته بازار,GD01012881,4.01,750.0,10.5,12.0,0.0,0.0,0.0,0.0,زرد,گوشواره,,,Img20260516-956.jpg
1194,کار ساخته بازار,GD01012880,2.32,750.0,10.5,12.0,0.0,0.0,0.0,0.0,زرد,مدال,,,Img20260516-419.jpg
1195,کار ساخته بازار,GD01012879,2.31,750.0,10.5,12.0,0.0,0.0,0.0,0.0,زرد,انگشتر,,,Img20260516-816.jpg
1196,کار ساخته بازار,GD01012877,1.26,750.0,7.0,9.0,0.0,0.0,0.0,0.0,زرد,انگشتر,,,Img20260516-273.jpg
1197,کار ساخته بازار,GD01012875,2.0,750.0,6.5,8.0,0.0,0.0,0.0,0.0,زرد,گوشواره,,,Img20260706-282.jpg
1198,کار ساخته بازار,GD01012870,2.73,750.0,0.0,7.0,0.0,0.0,0.0,0.0,,گوشواره,,,Img20260512-848.jpg
1199,کار ساخته بازار,GD01012867 - کارتیه,3.87,750.0,9.0,11.0,0.0,0.0,0.0,0.0,دو رنگ,انگشتر,,,Img20260512-796.jpg
1200,کار ساخته بازار,GD01012864 - الهام+,2.4,750.0,4.0,7.0,0.0,0.0,0.0,0.0,رزگلد,النگو,2.0,,Img20260512-52.jpg
1201,کار ساخته بازار,GD01012863 - الهام+,2.67,750.0,4.0,7.0,0.0,0.0,0.0,0.0,رزگلد,النگو,2.0,,Img20260512-681.jpg
1202,کار ساخته بازار,GD01012861 - الهام+,2.52,750.0,4.0,7.0,0.0,0.0,0.0,0.0,رزگلد,النگو,1.0,,Img20260512-785.jpg
1203,کار ساخته بازار,GD01012856 - الهام+,2.73,750.0,4.0,7.0,0.0,0.0,0.0,0.0,رزگلد,النگو,1.0,,Img20260512-482.jpg
1204,کار ساخته بازار,GD01012854 - البرنادو,0.73,750.0,5.5,7.0,0.0,0.0,0.0,0.0,دو رنگ,گوشواره,,,Img20260512-46.jpg
1205,کار ساخته بازار,GD01012853 - البرنادو,0.73,750.0,5.5,7.0,0.0,0.0,0.0,0.0,دو رنگ,گوشواره,,,Img20260512-58.jpg
1206,کار ساخته بازار,GD01012852 - البرنادو,0.73,750.0,5.5,7.0,0.0,0.0,0.0,0.0,دو رنگ,گوشواره,,,Img20260512-180.jpg
1207,کار ساخته بازار,GD01012849 - البرنائو,0.73,750.0,5.5,7.0,0.0,0.0,0.0,0.0,دو رنگ,گوشواره,,,Img20260512-704.jpg
1208,کار ساخته بازار,GD01012846 - اپل,3.77,750.0,6.5,8.5,0.0,0.0,0.0,0.0,دو رنگ,النگو,1.0,,Img20260512-485.jpg
1209,کار ساخته بازار,GD01012845 - اپل,3.81,750.0,6.5,8.5,0.0,0.0,0.0,0.0,دو رنگ,النگو,1.0,,Img20260512-709.jpg
1210,کار ساخته بازار,GD01012838 - اپل,3.6,750.0,6.5,8.5,0.0,0.0,0.0,0.0,دو رنگ,النگو,3.0,,Img20260512-914.jpg
1211,کار ساخته بازار,GD01012837 - اپل,4.3,750.0,6.5,8.5,0.0,0.0,0.0,0.0,دو رنگ,النگو,3.0,,Img20260512-365.jpg
1212,کار ساخته بازار,GD01012836 - اپل,3.41,750.0,6.5,8.5,0.0,0.0,0.0,0.0,دو رنگ,النگو,3.0,,Img20260512-532.jpg
1213,کار ساخته بازار,GD01012833 - اپل,4.14,750.0,6.5,8.5,0.0,0.0,0.0,0.0,دو رنگ,النگو,4.0,,Img20260512-426.jpg
1214,کار ساخته بازار,GD01012832 - اپل,4.06,750.0,6.5,7.5,0.0,0.0,0.0,0.0,دو رنگ,النگو,4.0,,Img20260512-577.jpg
1215,کار ساخته بازار,GD01012830 - اپل,4.4,750.0,6.5,8.5,0.0,0.0,0.0,0.0,دو رنگ,النگو,4.0,,Img20260512-78.jpg
1216,کار ساخته بازار,GD01012829 - اپل,4.13,750.0,6.5,8.5,0.0,0.0,0.0,0.0,دو رنگ,النگو,4.0,,Img20260512-154.jpg
1217,کار ساخته بازار,GD01012828 - اپل,3.3,750.0,6.5,8.5,0.0,0.0,0.0,0.0,دو رنگ,النگو,2.0,,Img20260512-892.jpg
1218,کار ساخته بازار,GD01012827 - اپل,3.49,750.0,6.5,8.5,0.0,0.0,0.0,0.0,دو رنگ,النگو,2.0,,Img20260512-189.jpg
1219,کار ساخته بازار,GD01012826 - اپل,3.47,750.0,6.5,8.5,0.0,0.0,0.0,0.0,دو رنگ,النگو,2.0,,Img20260512-37.jpg
1220,کار ساخته بازار,GD01012825 - اپل,4.16,750.0,6.5,8.5,0.0,0.0,0.0,0.0,دو رنگ,النگو,2.0,,Img20260512-321.jpg
1221,کار ساخته بازار,GD01012824 - اپل,4.24,750.0,6.5,8.5,0.0,0.0,0.0,0.0,دو رنگ,النگو,2.0,,Img20260512-15.jpg
1222,کار ساخته بازار,GD01012823 - اپل,3.48,750.0,6.5,8.5,0.0,0.0,0.0,0.0,دو رنگ,النگو,2.0,,Img20260511-516.jpg
1223,کار ساخته بازار,GD01012801 - 1000,4.95,750.0,3.0,7.0,0.0,0.0,0.0,0.0,دو رنگ,النگو,3.0,,Img20260511-359.jpg
1224,کار ساخته بازار,GD01012798 - 1000,6.55,750.0,3.0,7.0,0.0,0.0,0.0,0.0,دو رنگ,النگو,4.0,,Img20260511-315.jpg
1225,کار ساخته بازار,GD01012797 - 1000,5.37,750.0,3.0,7.0,0.0,0.0,0.0,0.0,دو رنگ,النگو,3.0,,Img20260511-906.jpg
1226,کار ساخته بازار,GD01012796 - 1000,4.89,750.0,3.0,7.0,0.0,0.0,0.0,0.0,دو رنگ,النگو,3.0,,Img20260511-48.jpg
1227,کار ساخته بازار,GD01012795 - 1000,4.75,750.0,3.0,7.0,0.0,0.0,0.0,0.0,دو رنگ,النگو,3.0,,Img20260511-622.jpg
1228,کار ساخته بازار,GD01012794 - 1000,4.74,750.0,3.0,7.0,0.0,0.0,0.0,0.0,دو رنگ,النگو,3.0,,Img20260511-317.jpg
1229,کار ساخته بازار,GD01012793 - 1000,5.31,750.0,3.0,7.0,0.0,0.0,0.0,0.0,دو رنگ,النگو,3.0,,Img20260510-832.jpg
1230,کار ساخته بازار,GD01012774 - 4910,5.47,750.0,1.4,7.0,0.0,0.0,0.0,0.0,زرد,النگو,4.0,,Img20250731-493.jpg
1231,کار ساخته بازار,GD01005510 - 1115,10.4,750.0,3.5,7.0,0.0,0.0,0.0,0.0,سفید,تک پوش,1.0,,Img20260506-587.jpg
1232,کار ساخته بازار,GD01012714 - افتخار,9.94,750.0,4.8,7.0,0.0,0.0,0.0,0.0,زرد,تک پوش,1.0,,Img20260506-784.jpg
1233,کار ساخته بازار,GD01012712 - افتخار,10.28,750.0,4.8,7.0,0.0,0.0,0.0,0.0,زرد,تک پوش,3.0,,Img20260506-743.jpg
1234,کار ساخته بازار,GD01012709 - افتخار,7.46,750.0,4.8,7.0,0.0,0.0,0.0,0.0,زرد,تک پوش,3.0,,Img20260506-667.jpg
1235,کار ساخته بازار,GD01012707 - دیاکو,8.93,750.0,5.2,7.0,0.0,0.0,0.0,0.0,زرد,تک پوش,1.0,,Img20260506-101.jpg
1236,کار ساخته بازار,GD01012704 - گلشن,12.0,750.0,5.7,7.0,0.0,0.0,0.0,0.0,زرد,تک پوش,3.0,,Img20260506-536.jpg
1237,کار ساخته بازار,GD01012703 - گلشن,10.24,750.0,5.7,7.0,0.0,0.0,0.0,0.0,زرد,تک پوش,1.0,,Img20260506-446.jpg
1238,کار ساخته بازار,GD01012702 - مروارید,1.58,750.0,7.0,8.0,0.0,0.0,0.0,0.0,دو رنگ,گوشواره,,,Img20260506-461.jpg
1239,کار ساخته بازار,GD01012701 - مروارید,1.05,750.0,7.0,8.0,0.0,0.0,0.0,0.0,دو رنگ,دستبند,,,Img20260506-443.jpg
1240,کار ساخته بازار,GD01012700 - مروارید,2.07,750.0,7.0,8.0,0.0,0.0,0.0,0.0,دو رنگ,گردنبند,,,Img20260506-568.jpg
1241,کار ساخته بازار,GD01012699 - صدف,1.04,750.0,7.8,9.0,0.0,0.0,0.0,0.0,دو رنگ,گوشواره,,,Img20260506-180.jpg
1242,کار ساخته بازار,GD01012698 - پاپیون,0.84,750.0,7.8,9.0,0.0,0.0,0.0,0.0,دو رنگ,گوشواره,,,Img20260506-631.jpg
1243,کار ساخته بازار,GD01012695 - قلب,1.12,750.0,7.8,9.0,0.0,0.0,0.0,0.0,دو رنگ,گوشواره,,,Img20260506-736.jpg
1244,کار ساخته بازار,GD01012693 - قلب,1.09,750.0,7.8,9.0,0.0,0.0,0.0,0.0,دو رنگ,گوشواره,,,Img20260506-860.jpg
1245,کار ساخته بازار,GD01012692 - قلب,1.09,750.0,7.8,9.0,0.0,0.0,0.0,0.0,دو رنگ,گوشواره,,,Img20260506-570.jpg
1246,کار ساخته بازار,GD01012691 - شقایق,1.14,750.0,7.8,9.0,0.0,0.0,0.0,0.0,دو رنگ,گوشواره,,,Img20260506-782.jpg
1247,کار ساخته بازار,GD01012689 - قلب,1.15,750.0,7.8,9.0,0.0,0.0,0.0,0.0,دو رنگ,گوشواره,,,Img20260506-296.jpg
1248,کار ساخته بازار,GD01012687 - شقایق,0.69,750.0,7.8,9.0,0.0,0.0,0.0,0.0,دو رنگ,گوشواره,,,Img20260506-224.jpg
1249,کار ساخته بازار,GD01012683 - صدف,0.99,750.0,7.8,9.0,0.0,0.0,0.0,0.0,دو رنگ,گوشواره,,,Img20260506-775.jpg
1250,کار ساخته بازار,GD01012682 - قلب,1.17,750.0,7.8,9.0,0.0,0.0,0.0,0.0,دو رنگ,گوشواره,,,Img20260506-248.jpg
1251,کار ساخته بازار,GD01012680 - قلب,1.09,750.0,7.8,9.0,0.0,0.0,0.0,0.0,دو رنگ,گوشواره,,,Img20260506-944.jpg
1252,کار ساخته بازار,GD01012678 - صدف,1.21,750.0,7.8,9.0,0.0,0.0,0.0,0.0,دو رنگ,گوشواره,,,Img20260506-652.jpg
1253,کار ساخته بازار,GD01012677 - صبرگ,1.36,750.0,7.8,9.0,0.0,0.0,0.0,0.0,دو رنگ,گوشواره,,,Img20260506-92.jpg
1254,کار ساخته بازار,GD01012675 - صدف,1.02,750.0,7.8,9.0,0.0,0.0,0.0,0.0,دو رنگ,گوشواره,,,Img20260506-235.jpg
1255,کار ساخته بازار,GD01012674 - صدف,1.19,750.0,7.8,9.0,0.0,0.0,0.0,0.0,دو رنگ,گوشواره,,,Img20260506-500.jpg
1256,کار ساخته بازار,GD01012670 - قلب,1.08,750.0,7.8,9.0,0.0,0.0,0.0,0.0,دو رنگ,گوشواره,,,Img20260506-715.jpg
1257,کار ساخته بازار,GD01012669 - شقایق,1.14,750.0,7.8,9.0,0.0,0.0,0.0,0.0,دو رنگ,گوشواره,,,Img20260506-123.jpg
1258,کار ساخته بازار,GD01012668 - گندمی,2.68,750.0,7.5,9.0,0.0,0.0,0.0,0.0,زرد,گوشواره,,,Img20260506-429.jpg
1259,کار ساخته بازار,GD01012665 - هلیا,3.77,750.0,6.0,8.0,0.0,0.0,0.0,0.0,زرد,گوشواره,,,Img20260506-753.jpg
1260,کار ساخته بازار,GD01012663 - پارمیس,2.03,750.0,7.5,9.0,0.0,0.0,0.0,0.0,زرد,انگشتر,,,Img20260505-861.jpg
1261,کار ساخته بازار,GD01012650 - 3m,3.37,750.0,1.8,7.0,0.0,0.0,0.0,0.0,زرد,النگو,3.0,,Img20260505-966.jpg
1262,کار ساخته بازار,GD01012648 - 3m,3.36,750.0,1.8,7.0,0.0,0.0,0.0,0.0,زرد,النگو,3.0,,Img20260504-123.jpg
1263,کار ساخته بازار,GD01012645 - عربی,4.4,750.0,5.0,7.0,0.0,0.0,0.0,0.0,زرد,گوشواره,,,Img20260504-327.jpg
1264,کار ساخته بازار,GD01012644 - عربی,5.16,750.0,5.0,7.0,0.0,0.0,0.0,0.0,زرد,گوشواره,,,Img20260504-44.jpg
1265,کار ساخته بازار,GD01012643 - عربی,3.73,750.0,5.0,7.0,0.0,0.0,0.0,0.0,زرد,گوشواره,,,Img20260504-35.jpg
1266,کار ساخته بازار,GD01012642 - عربی,4.83,750.0,5.0,7.0,0.0,0.0,0.0,0.0,زرد,گوشواره,,,Img20260504-445.jpg
1267,کار ساخته بازار,GD01012635 - 1m,1.69,750.0,1.8,7.0,0.0,0.0,0.0,0.0,زرد,النگو,2.0,,Img20260504-440.jpg
1268,کار ساخته بازار,GD01012627 - 1m,1.63,750.0,1.8,7.0,0.0,0.0,0.0,0.0,زرد,النگو,1.0,,Img20260504-304.jpg
1269,کار ساخته بازار,GD01012626 - پیچ,3.71,750.0,2.5,7.0,0.0,0.0,0.0,0.0,زرد,النگو,1.0,,Img20260504-215.jpg
1270,کار ساخته بازار,GD01012625 - پیچ,3.14,750.0,2.5,7.0,0.0,0.0,0.0,0.0,زرد,النگو,1.0,,Img20260504-710.jpg
1271,کار ساخته بازار,GD01012624 - پیچ,3.12,750.0,2.5,7.0,0.0,0.0,0.0,0.0,زرد,النگو,1.0,,Img20260504-573.jpg
1272,کار ساخته بازار,GD01012623 - آینه ای,3.17,750.0,2.5,7.0,0.0,0.0,0.0,0.0,زرد,النگو,1.0,,Img20260503-407.jpg
1273,کار ساخته بازار,GD01012622 - تراش,3.31,750.0,3.5,7.0,0.0,0.0,0.0,0.0,زرد,گوشواره,,,Img20260503-1.jpg
1274,کار ساخته بازار,GD01012618 - دیپلمات,4.15,750.0,3.0,10.0,0.0,0.0,0.0,0.0,زرد,زنجیر,,,Img20260503-298.jpg
1275,کار ساخته بازار,GD01012617 - کارتیه,4.9,750.0,3.0,10.0,0.0,0.0,0.0,0.0,زرد,زنجیر,,,Img20260503-863.jpg
1276,کار ساخته بازار,GD01012605 - 2014,3.76,750.0,3.5,7.0,0.0,0.0,0.0,0.0,زرد,النگو,2.0,,Img20260503-519.jpg
1277,کار ساخته بازار,GD01012604 - 2014,3.59,750.0,3.5,7.0,0.0,0.0,0.0,0.0,زرد,النگو,2.0,,Img20260503-781.jpg
1278,کار ساخته بازار,GD01012603 - 2014,3.79,750.0,3.5,7.0,0.0,0.0,0.0,0.0,زرد,النگو,2.0,,Img20260503-163.jpg
1279,کار ساخته بازار,GD01012602 - 2014,3.55,750.0,3.5,7.0,0.0,0.0,0.0,0.0,زرد,النگو,2.0,,Img20260503-729.jpg
1280,کار ساخته بازار,GD01012601 - 2014,3.43,750.0,3.5,7.0,0.0,0.0,0.0,0.0,زرد,النگو,2.0,,Img20260503-522.jpg
1281,کار ساخته بازار,GD01012600 - 2014,3.67,750.0,3.5,7.0,0.0,0.0,0.0,0.0,زرد,النگو,2.0,,Img20260503-193.jpg
1282,کار ساخته بازار,GD01012599 - 2014,3.62,750.0,3.5,7.0,0.0,0.0,0.0,0.0,زرد,النگو,1.0,,Img20260503-177.jpg
1283,کار ساخته بازار,GD01012598 - 2014,3.51,750.0,3.5,7.0,0.0,0.0,0.0,0.0,زرد,النگو,1.0,,Img20260503-989.jpg
1284,کار ساخته بازار,GD01012597 - 2014,3.48,750.0,3.5,7.0,0.0,0.0,0.0,0.0,زرد,النگو,1.0,,Img20260503-667.jpg
1285,کار ساخته بازار,GD01012596 - 2014,3.69,750.0,3.5,7.0,0.0,0.0,0.0,0.0,زرد,النگو,1.0,,Img20260503-556.jpg
1286,کار ساخته بازار,GD01012595 - 2014,3.62,750.0,3.5,7.0,0.0,0.0,0.0,0.0,زرد,النگو,1.0,,Img20260503-156.jpg
1287,کار ساخته بازار,GD01012593 - 2014,3.93,750.0,3.5,7.0,0.0,0.0,0.0,0.0,زرد,النگو,3.0,,Img20260503-652.jpg
1288,کار ساخته بازار,GD01012592 - 2014,3.95,750.0,3.5,7.0,0.0,0.0,0.0,0.0,زرد,النگو,3.0,,Img20260503-19.jpg
1289,کار ساخته بازار,GD01012591 - 2014,3.92,750.0,3.5,7.0,0.0,0.0,0.0,0.0,زرد,النگو,3.0,,Img20260503-60.jpg
1290,کار ساخته بازار,GD01012590 - 2014,3.88,750.0,3.5,7.0,0.0,0.0,0.0,0.0,زرد,النگو,3.0,,Img20260503-15.jpg
1291,کار ساخته بازار,GD01012589 - 2014,3.5,750.0,3.5,7.0,0.0,0.0,0.0,0.0,زرد,النگو,3.0,,Img20260503-0.jpg
1292,کار ساخته بازار,GD01012588 - 2014,3.95,750.0,3.5,7.0,0.0,0.0,0.0,0.0,زرد,النگو,3.0,,Img20260503-201.jpg
1293,کار ساخته بازار,GD01012587 - 1m,1.52,750.0,2.0,7.0,0.0,0.0,0.0,0.0,زرد,النگو,2.0,,Img20260503-586.jpg
1294,کار ساخته بازار,GD01012585 - 1m,1.24,750.0,2.0,7.0,0.0,0.0,0.0,0.0,زرد,النگو,2.0,,Img20260503-771.jpg
1295,کار ساخته بازار,GD01012584 - 1m,1.68,750.0,2.0,7.0,0.0,0.0,0.0,0.0,زرد,النگو,2.0,,Img20260503-881.jpg
1296,کار ساخته بازار,GD01012582 - 1m,1.2,750.0,2.0,7.0,0.0,0.0,0.0,0.0,زرد,النگو,2.0,,Img20260503-202.jpg
1297,کار ساخته بازار,GD01012581 - میرو,1.92,750.0,10.0,12.0,0.0,0.0,0.0,0.0,زرد,زنجیر,,,Img20260503-640.jpg
1298,کار ساخته بازار,GD01012579 - میرو,2.45,750.0,10.0,12.0,0.0,0.0,0.0,0.0,زرد,زنجیر,,,Img20260503-627.jpg
1299,کار ساخته بازار,GD01012578 - میرو,2.13,750.0,10.0,12.0,0.0,0.0,0.0,0.0,زرد,زنجیر,,,Img20260503-837.jpg
1300,کار ساخته بازار,GD01012577 - میرو,1.96,750.0,10.0,12.0,0.0,0.0,0.0,0.0,زرد,زنجیر,,,Img20260503-745.jpg
1301,کار ساخته بازار,GD01012576 - طنابی,3.25,750.0,8.3,11.0,0.0,0.0,0.0,0.0,زرد,زنجیر,,,Img20260503-448.jpg
1302,کار ساخته بازار,GD01012575 - طنابی,3.28,750.0,8.3,11.0,0.0,0.0,0.0,0.0,زرد,زنجیر,,,Img20260704-139.jpg
1303,کار ساخته بازار,GD01012574 - طنابی,4.03,750.0,8.3,11.0,0.0,0.0,0.0,0.0,زرد,زنجیر,,,Img20260504-647.jpg
1304,کار ساخته بازار,GD01012572 - آیینه ای,8.43,750.0,0.0,2.0,0.0,0.0,0.0,0.0,زرد,دستبند,,,Img20260518-474.jpg
1305,کار ساخته بازار,GD01012527 - شقایق,4.74,750.0,0.0,2.0,0.0,0.0,0.0,0.0,زرد,مدال,,,Img20250703-420.jpg
1306,کار ساخته بازار,GD01004834 - 922,7.57,750.0,7.0,8.0,0.0,0.0,0.0,0.0,زرد,النگو,3.0,,Img20250703-980.jpg
1307,کار ساخته بازار,GD01004789 - 922,7.7,750.0,5.5,7.0,0.0,0.0,0.0,0.0,زرد,النگو,3.0,,Img20250716-954.jpg
1308,کار ساخته بازار,GD01005274 - 922,7.75,750.0,5.5,7.0,0.0,0.0,0.0,0.0,زرد,النگو,2.0,,Img20250703-700.jpg
1309,کار ساخته بازار,GD01004832 - 922,7.86,750.0,7.0,8.0,0.0,0.0,0.0,0.0,زرد,النگو,3.0,,Img20260518-993.jpg
1310,کار ساخته بازار,GD01012505 - لوکس,2.84,750.0,0.0,2.0,0.0,0.0,0.0,0.0,زرد,گوشواره,,,Img20260430-391.jpg
1311,کار ساخته بازار,GD01012485 - ثنا,12.06,750.0,3.5,7.0,0.0,0.0,0.0,0.0,زرد,تک پوش,3.0,,Img20260430-57.jpg
1312,کار ساخته بازار,GD01012484 - ثنا,11.08,750.0,3.5,7.0,0.0,0.0,0.0,0.0,زرد,تک پوش,2.0,,Img20260430-651.jpg
1313,کار ساخته بازار,GD01012478 - ثنا,12.52,750.0,3.5,7.0,0.0,0.0,0.0,0.0,زرد,تک پوش,3.0,,Img20260429-13.jpg
1314,کار ساخته بازار,GD01012437 - هرمس.,2.81,750.0,8.0,9.0,0.0,0.0,0.0,0.0,دو رنگ,گوشواره,,,Img20260429-223.jpg
1315,کار ساخته بازار,GD01012436 - هرمس,4.35,750.0,8.0,9.0,0.0,0.0,0.0,0.0,دو رنگ,مدال,,,Img20260429-814.jpg
1316,کار ساخته بازار,GD01012428 - قلب,0.78,750.0,6.5,8.0,0.0,0.0,0.0,0.0,زرد,مدال,,,Img20260429-383.jpg
1317,کار ساخته بازار,GD01012427,2.61,750.0,6.5,8.0,0.0,0.0,0.0,0.0,دو رنگ,انگشتر,,,Img20260429-788.jpg
1318,کار ساخته بازار,GD01012422,1.85,750.0,7.5,9.0,0.0,0.0,0.0,0.0,زرد,انگشتر,,,Img20260429-427.jpg
1319,کار ساخته بازار,GD01012421,1.87,750.0,7.5,9.0,0.0,0.0,0.0,0.0,زرد,انگشتر,,,Img20260512-567.jpg
1320,کار ساخته بازار,GD01012411 - لوکس,3.26,750.0,0.0,2.0,0.0,0.0,0.0,0.0,زرد,گوشواره,,,Img20260429-903.jpg
1321,کار ساخته بازار,GD01012400 - البرنادو,1.15,750.0,5.5,8.0,0.0,0.0,0.0,0.0,دو رنگ,گوشواره,,,Img20260429-971.jpg
1322,کار ساخته بازار,GD01012399 - البرنادو,0.88,750.0,5.5,8.0,0.0,0.0,0.0,0.0,دو رنگ,گوشواره,,,Img20260429-838.jpg
1323,کار ساخته بازار,GD01012397 - البرنادو,1.11,750.0,5.5,8.0,0.0,0.0,0.0,0.0,دو رنگ,گوشواره,,,Img20260429-244.jpg
1324,کار ساخته بازار,GD01012396 - البرنادو,0.91,750.0,5.5,8.0,0.0,0.0,0.0,0.0,دو رنگ,گوشواره,,,Img20260429-211.jpg
1325,کار ساخته بازار,GD01012392 - البرنادو,0.92,750.0,5.5,8.0,0.0,0.0,0.0,0.0,دو رنگ,گوشواره,,,Img20260429-492.jpg
1326,کار ساخته بازار,GD01012390 - البرنادو,1.12,750.0,5.5,8.0,0.0,0.0,0.0,0.0,دو رنگ,گوشواره,,,Img20260429-347.jpg
1327,کار ساخته بازار,GD01012386 - البرنادو,0.89,750.0,5.5,8.0,0.0,0.0,0.0,0.0,دو رنگ,گوشواره,,,Img20260429-186.jpg
1328,کار ساخته بازار,GD01012385 - البرنادو,3.66,750.0,6.5,9.0,0.0,0.0,0.0,0.0,دو رنگ,دستبند,,,Img20260429-70.jpg
1329,کار ساخته بازار,GD01012384 - .,9.87,750.0,4.5,7.0,0.0,0.0,0.0,0.0,زرد,تک پوش,4.0,,Img20260429-464.jpg
1330,کار ساخته بازار,GD01012382 - 0,8.67,750.0,4.5,7.0,0.0,0.0,0.0,0.0,زرد,تک پوش,3.0,,Img20260429-809.jpg
1331,کار ساخته بازار,GD01012381 - 1525,3.3,750.0,4.0,6.5,0.0,0.0,0.0,0.0,زرد,النگو,1.0,,Img20260429-158.jpg
1332,کار ساخته بازار,GD01012380 - 1525,2.9,750.0,4.0,6.5,0.0,0.0,0.0,0.0,زرد,النگو,1.0,,Img20260429-993.jpg
1333,کار ساخته بازار,GD01012379 - 1525,2.98,750.0,4.0,6.5,0.0,0.0,0.0,0.0,زرد,النگو,1.0,,Img20260429-448.jpg
1334,کار ساخته بازار,GD01012378 - 1525,3.09,750.0,4.0,6.5,0.0,0.0,0.0,0.0,زرد,النگو,1.0,,Img20260429-889.jpg
1335,کار ساخته بازار,GD01012373 - 1525,3.17,750.0,4.0,6.5,0.0,0.0,0.0,0.0,زرد,النگو,2.0,,Img20260428-946.jpg
1336,کار ساخته بازار,GD01012354,6.08,750.0,2.0,7.0,0.0,0.0,0.0,0.0,زرد,تک پوش,2.0,,Img20260428-702.jpg
1337,کار ساخته بازار,GD01012347,1.95,750.0,5.5,7.0,0.0,0.0,0.0,0.0,زرد,انگشتر,,,Img20260428-129.jpg
1338,کار ساخته بازار,GD01012339 - ست,1.13,750.0,5.0,7.0,0.0,0.0,0.0,0.0,زرد,انگشتر,,,Img20260428-244.jpg
1339,کار ساخته بازار,GD01012337,2.42,750.0,2.5,7.0,0.0,0.0,0.0,0.0,زرد,انگشتر,,,Img20260428-518.jpg
1340,کار ساخته بازار,GD01012336,2.69,750.0,2.5,7.0,0.0,0.0,0.0,0.0,زرد,انگشتر,,,Img20260428-7.jpg
1341,کار ساخته بازار,GD01012335,2.61,750.0,2.5,7.0,0.0,0.0,0.0,0.0,زرد,انگشتر,,,Img20260428-387.jpg
1342,کار ساخته بازار,GD01012334,2.59,750.0,2.5,7.0,0.0,0.0,0.0,0.0,زرد,انگشتر,,,Img20260428-744.jpg
1343,کار ساخته بازار,GD01012332,2.22,750.0,2.5,7.0,0.0,0.0,0.0,0.0,زرد,انگشتر,,,Img20260428-985.jpg
1344,کار ساخته بازار,GD01012329 - 554,1.91,750.0,2.0,7.0,0.0,0.0,0.0,0.0,سفید,النگو,2.0,,Img20260428-582.jpg
1345,کار ساخته بازار,GD01012326 - 554,2.05,750.0,2.0,7.0,0.0,0.0,0.0,0.0,سفید,النگو,2.0,,Img20260428-18.jpg
1346,کار ساخته بازار,GD01012325 - 554,1.96,750.0,2.0,7.0,0.0,0.0,0.0,0.0,سفید,النگو,2.0,,Img20260428-988.jpg
1347,کار ساخته بازار,GD01012324 - 554,2.12,750.0,2.0,7.0,0.0,0.0,0.0,0.0,سفید,النگو,2.0,,Img20260428-397.jpg
1348,کار ساخته بازار,GD01012311 - 200,3.11,750.0,3.0,7.0,0.0,0.0,0.0,0.0,سفید,النگو,1.0,,Img20260428-46.jpg
1349,کار ساخته بازار,GD01012310 - 200,3.14,750.0,3.0,7.0,0.0,0.0,0.0,0.0,سفید,النگو,1.0,,Img20260428-250.jpg
1350,کار ساخته بازار,GD01012305,2.81,750.0,2.0,7.0,0.0,0.0,0.0,0.0,زرد,النگو,3.0,,Img20260428-251.jpg
1351,کار ساخته بازار,GD01012304,3.57,750.0,2.0,7.0,0.0,0.0,0.0,0.0,زرد,النگو,3.0,,Img20260428-624.jpg
1352,کار ساخته بازار,GD01012303,2.97,750.0,2.0,7.0,0.0,0.0,0.0,0.0,زرد,النگو,3.0,,Img20260428-618.jpg
1353,کار ساخته بازار,GD01012302,3.47,750.0,2.0,7.0,0.0,0.0,0.0,0.0,زرد,النگو,3.0,,Img20260428-184.jpg
1354,کار ساخته بازار,GD01012301,3.51,750.0,2.0,7.0,0.0,0.0,0.0,0.0,زرد,النگو,3.0,,Img20260428-335.jpg
1355,کار ساخته بازار,GD01012300,3.45,750.0,2.0,7.0,0.0,0.0,0.0,0.0,زرد,النگو,3.0,,Img20260428-784.jpg
1356,کار ساخته بازار,GD01012299,3.08,750.0,2.0,7.0,0.0,0.0,0.0,0.0,زرد,النگو,2.0,,Img20260428-993.jpg
1357,کار ساخته بازار,GD01012298,3.27,750.0,2.0,7.0,0.0,0.0,0.0,0.0,زرد,النگو,2.0,,Img20260428-342.jpg
1358,کار ساخته بازار,GD01012297,3.0,750.0,2.0,7.0,0.0,0.0,0.0,0.0,زرد,النگو,2.0,,Img20260428-503.jpg
1359,کار ساخته بازار,GD01012296,2.88,750.0,2.0,7.0,0.0,0.0,0.0,0.0,زرد,النگو,2.0,,Img20260428-384.jpg
1360,کار ساخته بازار,GD01012295,3.02,750.0,2.0,7.0,0.0,0.0,0.0,0.0,زرد,النگو,2.0,,Img20260428-737.jpg
1361,کار ساخته بازار,GD01012294,3.03,750.0,2.0,7.0,0.0,0.0,0.0,0.0,زرد,النگو,2.0,,Img20260428-30.jpg
1362,کار ساخته بازار,GD01012293,2.95,750.0,2.0,7.0,0.0,0.0,0.0,0.0,زرد,النگو,1.0,,Img20260428-82.jpg
1363,کار ساخته بازار,GD01012292,2.87,750.0,2.0,7.0,0.0,0.0,0.0,0.0,زرد,النگو,1.0,,Img20260428-801.jpg
1364,کار ساخته بازار,GD01012291,3.14,750.0,2.0,7.0,0.0,0.0,0.0,0.0,زرد,النگو,1.0,,Img20260428-577.jpg
1365,کار ساخته بازار,GD01012290,3.03,750.0,2.0,7.0,0.0,0.0,0.0,0.0,زرد,النگو,1.0,,Img20260428-267.jpg
1366,کار ساخته بازار,GD01012289,2.99,750.0,2.0,7.0,0.0,0.0,0.0,0.0,زرد,النگو,1.0,,Img20260428-97.jpg
1367,کار ساخته بازار,GD01012288,2.71,750.0,2.0,7.0,0.0,0.0,0.0,0.0,زرد,النگو,1.0,,Img20260428-385.jpg
1368,کار ساخته بازار,GD01012280 - 4065,4.92,750.0,1.8,7.0,0.0,0.0,0.0,0.0,زرد,النگو,2.0,,Img20260428-29.jpg
1369,کار ساخته بازار,GD01012278,5.23,750.0,1.8,7.0,0.0,0.0,0.0,0.0,زرد,النگو,2.0,,Img20260428-258.jpg
1370,کار ساخته بازار,GD01012276 - 4065,5.25,750.0,1.8,7.0,0.0,0.0,0.0,0.0,زرد,النگو,2.0,,Img20260428-467.jpg
1371,کار ساخته بازار,GD01012267 - 1M,1.56,750.0,1.8,7.0,0.0,0.0,0.0,0.0,زرد,النگو,2.0,,Img20260428-560.jpg
1372,کار ساخته بازار,GD01012265 - 1M,1.55,750.0,1.8,7.0,0.0,0.0,0.0,0.0,زرد,النگو,2.0,,Img20260428-452.jpg
1373,کار ساخته بازار,GD01012264 - پیچ,3.62,750.0,2.5,7.0,0.0,0.0,0.0,0.0,زرد,النگو,1.0,,Img20260428-345.jpg
1374,کار ساخته بازار,GD01012263 - پیچ,3.63,750.0,2.5,7.0,0.0,0.0,0.0,0.0,زرد,النگو,1.0,,Img20260704-433.jpg
1375,کار ساخته بازار,GD01012250 - تک پوش,5.31,750.0,0.0,2.0,0.0,0.0,0.0,0.0,زرد,تک پوش,,,Img20260426-141.jpg
1376,کار ساخته بازار,GD01012242 - شکوفه,1.11,750.0,0.0,2.0,0.0,0.0,0.0,0.0,زرد,مدال,,,Img20260426-226.jpg
1377,کار ساخته بازار,GD01012235,3.03,750.0,7.0,9.0,0.0,0.0,0.0,0.0,زرد,گردنبند,,,Img20260426-699.jpg
1378,کار ساخته بازار,GD01012233,1.36,750.0,6.5,8.0,0.0,0.0,0.0,0.0,زرد,مدال,,,Img20260426-642.jpg
1379,کار ساخته بازار,GD01012225,2.78,750.0,4.3,7.0,0.0,0.0,0.0,0.0,زرد,گوشواره,,,Img20260426-983.jpg
1380,کار ساخته بازار,GD01012224,2.78,750.0,4.3,7.0,0.0,0.0,0.0,0.0,زرد,گوشواره,,,Img20260706-820.jpg
1381,کار ساخته بازار,GD01012215 - لویز,4.68,750.0,0.0,2.0,0.0,0.0,0.0,0.0,زرد,گوشواره,,,Img20260423-492.jpg
1382,کار ساخته بازار,GD01012206 - گوی,1.18,750.0,9.0,11.0,0.0,0.0,0.0,0.0,زرد,گوشواره,,,Img20260518-447.jpg
1383,کار ساخته بازار,GD01012202 - تافته,4.25,750.0,0.0,2.0,0.0,0.0,0.0,0.0,زرد,گردنبند,,,Img20260423-967.jpg
1384,کار ساخته بازار,GD01012193,1.49,750.0,7.0,9.0,0.0,0.0,0.0,0.0,زرد,گوشواره,,,Img20260423-582.jpg
1385,کار ساخته بازار,GD01012192 - .,1.54,750.0,7.0,9.0,0.0,0.0,0.0,0.0,زرد,گوشواره,,,Img20260423-730.jpg
1386,کار ساخته بازار,GD01012190 - ستاره,0.33,750.0,7.0,9.0,0.0,0.0,0.0,0.0,زرد,گوشواره,,,Img20260423-218.jpg
1387,کار ساخته بازار,GD01012187 - شقایق,0.33,750.0,7.0,9.0,0.0,0.0,0.0,0.0,زرد,گوشواره,,,Img20260423-898.jpg
1388,کار ساخته بازار,GD01012183 - کلاف,1.89,750.0,12.5,14.0,0.0,0.0,0.0,0.0,دو رنگ,زنجیر,,,Img20260423-435.jpg
1389,کار ساخته بازار,GD01012182 - کلاف,2.3,750.0,12.5,14.0,0.0,0.0,0.0,0.0,دو رنگ,زنجیر,,,Img20260423-3820.jpg
1390,کار ساخته بازار,GD01012181 - کلاف,2.03,750.0,12.5,14.0,0.0,0.0,0.0,0.0,دو رنگ,زنجیر,,,Img20260423-610.jpg
1391,کار ساخته بازار,GD01012178 - تراش,7.47,750.0,5.5,7.0,0.0,0.0,0.0,0.0,زرد,تک پوش,2.0,,Img20260423-826.jpg
1392,کار ساخته بازار,GD01012169 - AS,2.9,750.0,10.5,12.0,0.0,0.0,0.0,0.0,دو رنگ,انگشتر,,,Img20260423-69.jpg
1393,کار ساخته بازار,GD01012165 - گوی,1.55,750.0,8.5,10.0,0.0,0.0,0.0,0.0,دو رنگ,گوشواره,,,Img20260423-799.jpg
1394,کار ساخته بازار,GD01012163 - گوی,1.4,750.0,8.5,10.0,0.0,0.0,0.0,0.0,دو رنگ,گوشواره,,,Img20260423-626.jpg
1395,کار ساخته بازار,GD01012162 - گلبهار,3.71,750.0,6.5,8.0,0.0,0.0,0.0,0.0,سفید,النگو,3.0,,Img20260423-266.jpg
1396,کار ساخته بازار,GD01012161 - 219,5.81,750.0,7.5,9.0,0.0,0.0,0.0,0.0,دو رنگ,النگو,3.0,,Img20260423-567.jpg
1397,کار ساخته بازار,GD01012160 - 219,5.91,750.0,7.5,9.0,0.0,0.0,0.0,0.0,دو رنگ,النگو,3.0,,Img20260423-212.jpg
1398,کار ساخته بازار,GD01012159 - 311,3.66,750.0,7.5,9.0,0.0,0.0,0.0,0.0,سفید,النگو,1.0,,Img20260423-650.jpg
1399,کار ساخته بازار,GD01012158 - 311,3.6,750.0,7.5,9.0,0.0,0.0,0.0,0.0,سفید,النگو,1.0,,Img20260423-149.jpg
1400,کار ساخته بازار,GD01012157 - میرایی,8.87,750.0,7.0,8.0,0.0,0.0,0.0,0.0,زرد,النگو,2.0,,Img20260423-288.jpg
1401,کار ساخته بازار,GD01012156 - میرایی,10.77,750.0,7.0,8.0,0.0,0.0,0.0,0.0,زرد,النگو,4.0,,Img20260423-209.jpg
1402,کار ساخته بازار,GD01012155 - هلن,5.46,750.0,5.0,7.0,0.0,0.0,0.0,0.0,زرد,النگو,1.0,,Img20260423-244.jpg
1403,کار ساخته بازار,GD01012154 - هلن,6.39,750.0,5.0,7.0,0.0,0.0,0.0,0.0,زرد,النگو,1.0,,Img20260423-75.jpg
1404,کار ساخته بازار,GD01012143 - 593,5.34,750.0,6.3,8.0,0.0,0.0,0.0,0.0,سفید,النگو,1.0,,Img20260423-261.jpg
1405,کار ساخته بازار,GD01012142 - 593,4.82,750.0,6.3,8.0,0.0,0.0,0.0,0.0,سفید,النگو,1.0,,Img20260423-220.jpg
1406,کار ساخته بازار,GD01012141 - 593,5.24,750.0,6.3,8.0,0.0,0.0,0.0,0.0,سفید,النگو,1.0,,Img20260423-607.jpg
1407,کار ساخته بازار,GD01012140 - 593,5.02,750.0,6.3,8.0,0.0,0.0,0.0,0.0,سفید,النگو,1.0,,Img20260423-910.jpg
1408,کار ساخته بازار,GD01012139 - 710,5.14,750.0,6.0,7.0,0.0,0.0,0.0,0.0,زرد,النگو,3.0,,Img20260423-432.jpg
1409,کار ساخته بازار,GD01012138 - 710,5.05,750.0,6.0,7.0,0.0,0.0,0.0,0.0,زرد,النگو,3.0,,Img20260423-438.jpg
1410,کار ساخته بازار,GD01012137 - 710,5.11,750.0,6.0,7.0,0.0,0.0,0.0,0.0,زرد,النگو,3.0,,Img20260423-225.jpg
1411,کار ساخته بازار,GD01012135 - 620,5.26,750.0,6.0,7.0,0.0,0.0,0.0,0.0,سفید,النگو,3.0,,Img20260423-152.jpg
1412,کار ساخته بازار,GD01012134 - 620,5.2,750.0,6.0,7.0,0.0,0.0,0.0,0.0,سفید,النگو,3.0,,Img20260423-823.jpg
1413,کار ساخته بازار,GD01012133 - 620,5.17,750.0,6.0,7.0,0.0,0.0,0.0,0.0,سفید,النگو,3.0,,Img20260423-323.jpg
1414,کار ساخته بازار,GD01012132 - 620,5.19,750.0,6.0,7.0,0.0,0.0,0.0,0.0,سفید,النگو,3.0,,Img20260423-913.jpg
1415,کار ساخته بازار,GD01012131 - 630,4.86,750.0,6.0,7.0,0.0,0.0,0.0,0.0,زرد,النگو,2.0,,Img20260423-343.jpg
1416,کار ساخته بازار,GD01012130 - 630,4.86,750.0,6.0,7.0,0.0,0.0,0.0,0.0,زرد,النگو,2.0,,Img20260423-23.jpg
1417,کار ساخته بازار,GD01012129 - 630,4.73,750.0,6.0,7.0,0.0,0.0,0.0,0.0,زرد,النگو,2.0,,Img20260423-2.jpg
1418,کار ساخته بازار,GD01012128 - 630,4.69,750.0,6.0,7.0,0.0,0.0,0.0,0.0,زرد,النگو,2.0,,Img20260423-734.jpg
1419,کار ساخته بازار,GD01012123 - 324,2.74,750.0,4.5,7.0,0.0,0.0,0.0,0.0,زرد,النگو,1.0,,Img20260423-789.jpg
1420,کار ساخته بازار,GD01012121 - 324,2.53,750.0,4.5,7.0,0.0,0.0,0.0,0.0,زرد,النگو,1.0,,Img20260423-728.jpg
1421,کار ساخته بازار,GD01012119,3.13,750.0,6.5,8.0,0.0,0.0,0.0,0.0,زرد,گوشواره,,,Img20260423-226.jpg
1422,کار ساخته بازار,GD01012118 - 324,2.7,750.0,4.5,7.0,0.0,0.0,0.0,0.0,زرد,النگو,1.0,,Img20260423-465.jpg
1423,کار ساخته بازار,GD01012117,9.05,750.0,6.5,8.0,0.0,0.0,0.0,0.0,زرد,گردنبند,,,Img20260423-619.jpg
1424,کار ساخته بازار,GD01012116 - 324,2.97,750.0,4.5,7.0,0.0,0.0,0.0,0.0,زرد,النگو,3.0,,Img20260423-998.jpg
1425,کار ساخته بازار,GD01012114 - 329,2.6,750.0,5.5,7.0,0.0,0.0,0.0,0.0,زرد,النگو,,,Img20260423-441.jpg
1426,کار ساخته بازار,GD01012113 - 324,2.98,750.0,4.5,7.0,0.0,0.0,0.0,0.0,زرد,النگو,3.0,,Img20260423-888.jpg
1427,کار ساخته بازار,GD01012112 - تراش,7.8,750.0,8.0,10.0,0.0,0.0,0.0,0.0,رزگلد,تک پوش,2.0,,Img20260423-850.jpg
1428,کار ساخته بازار,GD01012111,1.85,750.0,10.0,11.0,0.0,0.0,0.0,0.0,زرد,انگشتر,,,Img20260423-9.jpg
1429,کار ساخته بازار,GD01012110,1.73,750.0,10.0,11.0,0.0,0.0,0.0,0.0,دو رنگ,انگشتر,,,Img20260423-957.jpg
1430,کار ساخته بازار,GD01012109 - 402,2.89,750.0,3.5,7.0,0.0,0.0,0.0,0.0,دو رنگ,النگو,3.0,,Img20260423-725.jpg
1431,کار ساخته بازار,GD01012108 - 402,2.9,750.0,3.5,7.0,0.0,0.0,0.0,0.0,دو رنگ,النگو,3.0,,Img20260423-262.jpg
1432,کار ساخته بازار,GD01012107 - 402,2.98,750.0,3.5,7.0,0.0,0.0,0.0,0.0,دو رنگ,النگو,3.0,,Img20260423-208.jpg
1433,کار ساخته بازار,GD01012105 - 402,2.91,750.0,3.5,7.0,0.0,0.0,0.0,0.0,دو رنگ,النگو,3.0,,Img20260423-155.jpg
1434,کار ساخته بازار,GD01012104 - 402,2.95,750.0,3.5,7.0,0.0,0.0,0.0,0.0,دو رنگ,النگو,3.0,,Img20260423-842.jpg
1435,کار ساخته بازار,GD01012103 - 402,2.94,750.0,3.5,7.0,0.0,0.0,0.0,0.0,دو رنگ,النگو,3.0,,Img20260423-553.jpg
1436,کار ساخته بازار,GD01012099,4.0,750.0,10.0,11.0,0.0,0.0,0.0,0.0,دو رنگ,گوشواره,,,Img20260423-620.jpg
1437,کار ساخته بازار,GD01012097,2.31,750.0,10.0,11.0,0.0,0.0,0.0,0.0,دو رنگ,مدال,,,Img20260423-300.jpg
1438,کار ساخته بازار,GD01012086 - بچه گانه,0.99,750.0,6.0,8.0,0.0,0.0,0.0,0.0,زرد,گوشواره,,,Img20260423-930.jpg
1439,کار ساخته بازار,GD01012082 - لوکس,1.4,750.0,11.0,13.0,0.0,0.0,0.0,0.0,زرد,انگشتر,,,Img20260423-483.jpg
1440,کار ساخته بازار,GD01012075,0.72,750.0,7.5,9.0,0.0,0.0,0.0,0.0,زرد,مدال,,,Img20260423-476.jpg
1441,کار ساخته بازار,GD01012074,0.67,750.0,7.5,9.0,0.0,0.0,0.0,0.0,زرد,مدال,,,Img20260423-153.jpg
1442,کار ساخته بازار,GD01012073,0.63,750.0,7.5,9.0,0.0,0.0,0.0,0.0,زرد,مدال,,,Img20260423-428.jpg
1443,کار ساخته بازار,GD01012071,0.72,750.0,7.5,9.0,0.0,0.0,0.0,0.0,زرد,مدال,,,Img20260423-221.jpg
1444,کار ساخته بازار,GD01012070,0.64,750.0,7.5,9.0,0.0,0.0,0.0,0.0,زرد,مدال,,,Img20260423-771.jpg
1445,کار ساخته بازار,GD01012067,0.72,750.0,7.5,9.0,0.0,0.0,0.0,0.0,زرد,مدال,,,Img20260423-885.jpg
1446,کار ساخته بازار,GD01012062,2.13,750.0,4.5,7.0,0.0,0.0,0.0,0.0,زرد,انگشتر,,,Img20260512-347.jpg
1447,کار ساخته بازار,GD01012059 - شانل,1.86,750.0,0.0,2.0,0.0,0.0,0.0,0.0,زرد,گوشواره,,,Img20260706-524.jpg
1448,کار ساخته بازار,GD01012058 - پنج شیر,5.94,750.0,0.0,2.0,0.0,0.0,0.0,0.0,زرد,گوشواره,,,Img20260423-751.jpg
1449,کار ساخته بازار,GD01012033 - شانل,2.39,750.0,3.8,7.0,0.0,0.0,0.0,0.0,دو رنگ,گوشواره,,,Img20260423-590.jpg
1450,کار ساخته بازار,GD01012031 - شانل,2.16,750.0,3.8,7.0,0.0,0.0,0.0,0.0,دو رنگ,گوشواره,,,Img20260512-772.jpg
1451,کار ساخته بازار,GD01011983 - لیزری,1.67,750.0,0.0,2.0,0.0,0.0,0.0,0.0,زرد,گوشواره,,,Img20260418-840.jpg
1452,کار ساخته بازار,GD01011971 - صدف,1.22,750.0,6.5,8.0,0.0,0.0,0.0,0.0,زرد,گوشواره,,,Img20260418-786.jpg
1453,کار ساخته بازار,GD01011942 - تراش,7.76,750.0,4.0,7.0,0.0,0.0,0.0,0.0,زرد,تک پوش,2.0,,Img20260418-425.jpg
1454,کار ساخته بازار,GD01011941 - تراش,8.4,750.0,4.0,7.0,0.0,0.0,0.0,0.0,زرد,تک پوش,1.0,,Img20260418-558.jpg
1455,کار ساخته بازار,GD01011935 - 10037,5.26,750.0,2.8,7.0,0.0,0.0,0.0,0.0,زرد,النگو,1.0,,Img20260418-611.jpg
1456,کار ساخته بازار,GD01011933 - 10037,5.4,750.0,2.8,7.0,0.0,0.0,0.0,0.0,زرد,النگو,1.0,,Img20260416-992.jpg
1457,کار ساخته بازار,GD01011927 - هرمی,2.93,750.0,3.5,7.0,0.0,0.0,0.0,0.0,زرد,گوشواره,,,Img20260416-952.jpg
1458,کار ساخته بازار,GD01011918 - توخالی,2.17,750.0,3.6,7.0,0.0,0.0,0.0,0.0,زرد,گوشواره,,,Img20260416-581.jpg
1459,کار ساخته بازار,GD01011909 - ونیز,1.0,750.0,3.5,7.0,0.0,0.0,0.0,0.0,زرد,انگشتر,,,Img20260704-579.jpg
1460,کار ساخته بازار,GD01011857 - آذر,4.1,750.0,0.0,2.0,0.0,0.0,0.0,0.0,زرد,مدال,,,Img20260412-121.jpg
1461,کار ساخته بازار,GD01011844 - لویی ویتون,1.99,750.0,7.0,9.0,0.0,0.0,0.0,0.0,دو رنگ,انگشتر,,,Img20260412-113.jpg
1462,کار ساخته بازار,GD01011843 - لویی ویتون,1.83,750.0,7.0,9.0,0.0,0.0,0.0,0.0,دو رنگ,انگشتر,,,Img20260412-407.jpg
1463,کار ساخته بازار,GD01011842 - ونکلیف,1.57,750.0,7.0,9.0,0.0,0.0,0.0,0.0,دو رنگ,انگشتر,,,Img20260412-718.jpg
1464,کار ساخته بازار,GD01011841 - لویی,1.76,750.0,7.0,9.0,0.0,0.0,0.0,0.0,دو رنگ,انگشتر,,,Img20260412-395.jpg
1465,کار ساخته بازار,GD01011840 - لویی,1.94,750.0,7.0,9.0,0.0,0.0,0.0,0.0,دو رنگ,انگشتر,,,Img20260412-135.jpg
1466,کار ساخته بازار,GD01011839 - لویی,1.78,750.0,7.0,9.0,0.0,0.0,0.0,0.0,دو رنگ,انگشتر,,,Img20260518-1663.jpg
1467,کار ساخته بازار,GD01011832 - کبوتر,1.74,750.0,0.0,2.0,0.0,0.0,0.0,0.0,زرد,گوشواره,,,Img20260408-665.jpg
1468,کار ساخته بازار,GD01011789 - شقایق,1.04,750.0,6.0,8.0,0.0,0.0,0.0,0.0,زرد,گوشواره,,,Img20260408-913.jpg
1469,کار ساخته بازار,GD01011788 - گل,1.02,750.0,6.0,8.0,0.0,0.0,0.0,0.0,زرد,گوشواره,,,Img20260408-494.jpg
1470,کار ساخته بازار,GD01011785 - تراش,1.02,750.0,7.5,9.0,0.0,0.0,0.0,0.0,زرد,گوشواره,,,Img20260408-106.jpg
1471,کار ساخته بازار,GD01011774 - توخالی,6.82,750.0,7.5,9.0,0.0,0.0,0.0,0.0,زرد,گردنبند,,,Img20260408-227.jpg
1472,کار ساخته بازار,GD01011772 - تراش,7.7,750.0,6.1,8.0,0.0,0.0,0.0,0.0,سفید,تک پوش,1.0,,Img20260408-54.jpg
1473,کار ساخته بازار,GD01011751 - 1521,4.51,750.0,2.9,7.0,0.0,0.0,0.0,0.0,زرد,النگو,2.0,,Img20260408-408.jpg
1474,کار ساخته بازار,GD01011749 - 1521,4.4,750.0,2.9,7.0,0.0,0.0,0.0,0.0,زرد,النگو,2.0,,Img20260407-759.jpg
1475,کار ساخته بازار,GD01011733 - پنج شیر,3.15,750.0,0.0,2.0,0.0,0.0,0.0,0.0,زرد,گوشواره,,,Img20260407-998.jpg
1476,کار ساخته بازار,GD01011724 - تراش,1.15,750.0,7.5,9.0,0.0,0.0,0.0,0.0,زرد,دستبند,,,Img20260407-767.jpg
1477,کار ساخته بازار,GD01011723 - البرنادو,2.15,750.0,8.5,10.0,0.0,0.0,0.0,0.0,زرد,گردنبند,,,Img20260407-781.jpg
1478,کار ساخته بازار,GD01011722 - star,0.86,750.0,7.5,9.0,0.0,0.0,0.0,0.0,زرد,انگشتر,,,Img20260407-190.jpg
1479,کار ساخته بازار,GD01011721 - پروانه,0.95,750.0,7.5,9.0,0.0,0.0,0.0,0.0,زرد,انگشتر,,,Img20260407-18.jpg
1480,کار ساخته بازار,GD01011720 - ونکلیف,0.86,750.0,7.5,9.0,0.0,0.0,0.0,0.0,زرد,انگشتر,,,Img20260405-706.jpg
1481,کار ساخته بازار,GD01011704 - تافته,4.32,750.0,0.0,2.0,0.0,0.0,0.0,0.0,زرد,گوشواره,,,Img20260405-854.jpg
1482,کار ساخته بازار,GD01011700 - شرشره,5.77,750.0,0.0,2.0,0.0,0.0,0.0,0.0,زرد,گوشواره,,,Img20260405-276.jpg
1483,کار ساخته بازار,GD01011667 - تکنیکال,6.75,750.0,3.5,7.0,0.0,0.0,0.0,0.0,زرد,تک پوش,2.0,,Img20260705-195.jpg
1484,کار ساخته بازار,GD01011665 - sorbaf gold,6.36,750.0,4.0,7.0,0.0,0.0,0.0,0.0,دو رنگ,تک پوش,1.0,,Img20260405-878.jpg
1485,کار ساخته بازار,GD01011662 - sorbaf gold,6.71,750.0,4.0,7.0,0.0,0.0,0.0,0.0,دو رنگ,تک پوش,2.0,,Img20260405-484.jpg
1486,کار ساخته بازار,GD01011661 - sorbaf gold,6.3,750.0,4.0,7.0,0.0,0.0,0.0,0.0,دو رنگ,تک پوش,1.0,,Img20260405-220.jpg
1487,کار ساخته بازار,GD01011660 - 710,4.53,750.0,4.5,7.0,0.0,0.0,0.0,0.0,دو رنگ,النگو,2.0,,Img20250612-524.jpg
1488,کار ساخته بازار,GD01004129 - تکپوش شرکت گلد,10.68,750.0,7.0,8.0,0.0,0.0,0.0,0.0,زرد,تک پوش,1.0,,Img20260416-255.jpg
1489,کار ساخته بازار,GD01011641,1.72,750.0,0.0,2.0,0.0,0.0,0.0,0.0,زرد,انگشتر,,,Img20260405-454.jpg
1490,کار ساخته بازار,GD01011619 - لوکس,1.98,750.0,0.0,2.0,0.0,0.0,0.0,0.0,زرد,انگشتر,,,Img20260708-903.jpg
1491,کار ساخته بازار,GD01011607 - F,0.33,750.0,0.0,2.0,0.0,0.0,0.0,0.0,زرد,دستبند,,,Img20260708-986.jpg
1492,کار ساخته بازار,GD01011569 - آیینه ای,1.86,750.0,0.0,2.0,0.0,0.0,0.0,0.0,زرد,النگو,,,Img20260407-303.jpg
1493,کار ساخته بازار,GD01011559 - H,1.11,750.0,0.0,2.0,0.0,0.0,0.0,0.0,زرد,مدال,,,Img20260325-279.jpg
1494,کار ساخته بازار,GD01011555 - گل گوش,0.83,750.0,8.0,9.0,0.0,0.0,0.0,0.0,زرد,گوشواره,,,Img20260325-310.jpg
1495,کار ساخته بازار,GD01011554 - ستاره,0.81,750.0,8.0,9.0,0.0,0.0,0.0,0.0,زرد,گوشواره,,,Img20260706-832.jpg
1496,کار ساخته بازار,GD01011550 - پاپیون,1.02,750.0,8.0,9.0,0.0,0.0,0.0,0.0,زرد,گوشواره,,,Img20260325-147.jpg
1497,کار ساخته بازار,GD01011548 - پرسی,1.19,750.0,8.0,9.0,0.0,0.0,0.0,0.0,زرد,گوشواره,,,Img20260325-32.jpg
1498,کار ساخته بازار,GD01011547 - پرسی,1.03,750.0,8.0,9.0,0.0,0.0,0.0,0.0,زرد,گوشواره,,,Img20260325-160.jpg
1499,کار ساخته بازار,GD01011544 - پرسی,1.18,750.0,8.0,9.0,0.0,0.0,0.0,0.0,زرد,گوشواره,,,Img20260325-939.jpg
1500,کار ساخته بازار,GD01011542 - پرسی,1.17,750.0,8.0,9.0,0.0,0.0,0.0,0.0,زرد,گوشواره,,,Img20260704-42.jpg
1501,کار ساخته بازار,GD01010779,8.34,750.0,4.5,7.0,0.0,0.0,0.0,0.0,سفید,تک پوش,2.0,,Img20251105-272.jpg
1502,کار ساخته بازار,GD01008766 - 1528,2.54,750.0,4.0,7.0,0.0,0.0,0.0,0.0,زرد,النگو,2.0,,Img20260225-202.jpg
1503,کار ساخته بازار,GD01011405 - 620,5.3,750.0,3.0,7.0,0.0,0.0,0.0,0.0,سفید,النگو,3.0,,Img20260225-452.jpg
1504,کار ساخته بازار,GD01011404 - 620,5.33,750.0,3.0,7.0,0.0,0.0,0.0,0.0,سفید,النگو,3.0,,Img20260225-741.jpg
1505,کار ساخته بازار,GD01011403 - 620,5.34,750.0,3.0,7.0,0.0,0.0,0.0,0.0,سفید,النگو,3.0,,Img20260225-255.jpg
1506,کار ساخته بازار,GD01011401 - 620,5.86,750.0,3.0,7.0,0.0,0.0,0.0,0.0,سفید,النگو,4.0,,Img20260518-224.jpg
1507,کار ساخته بازار,GD01011376 - توپی,2.44,750.0,0.0,2.0,0.0,0.0,0.0,0.0,زرد,گوشواره,,,Img20260707-200.jpg
1508,کار ساخته بازار,GD01011339,3.56,750.0,5.5,8.0,0.0,0.0,0.0,0.0,دو رنگ,انگشتر,,,Img20260218-258.jpg
1509,کار ساخته بازار,GD01011317 - 4090,4.99,750.0,6.5,8.0,0.0,0.0,0.0,0.0,سفید,النگو,2.0,,Img20260218-484.jpg
1510,کار ساخته بازار,GD01011316 - 4090,4.71,750.0,6.5,8.0,0.0,0.0,0.0,0.0,سفید,النگو,2.0,,Img20260705-551.jpg
1511,کار ساخته بازار,GD01011311 - حلقه تراش,1.56,750.0,0.0,0.0,0.0,0.0,0.0,0.0,زرد,انگشتر,,,Img20260216-109.jpg
1512,کار ساخته بازار,GD01011297 - توخالی,1.29,750.0,7.0,9.0,0.0,0.0,0.0,0.0,زرد,انگشتر,,,Img20260207-352.jpg
1513,کار ساخته بازار,GD01011183 - وان یکاد لیزری,0.71,750.0,6.0,8.0,0.0,0.0,0.0,0.0,زرد,مدال,,,Img20260207-199.jpg
1514,کار ساخته بازار,GD01011180 - وان یکاد لیزری,0.68,750.0,6.0,8.0,0.0,0.0,0.0,0.0,زرد,مدال,,,Img20260207-1409.jpg
1515,کار ساخته بازار,GD01011177 - سنگ,0.67,750.0,7.5,10.0,0.0,0.0,0.0,0.0,سفید,مدال,,,Img20260207-194.jpg
1516,کار ساخته بازار,GD01011176 - سنگ,1.25,750.0,7.5,10.0,0.0,0.0,0.0,0.0,سفید,گوشواره,,,Img20260207-602.jpg
1517,کار ساخته بازار,GD01011148 - 6010,2.77,750.0,2.5,7.0,0.0,0.0,0.0,0.0,زرد,النگو,1.0,,Img20260207-504.jpg
1518,کار ساخته بازار,GD01011140 - 6010,3.04,750.0,2.5,7.0,0.0,0.0,0.0,0.0,زرد,النگو,3.0,,Img20260207-952.jpg
1519,کار ساخته بازار,GD01011139 - 6010,3.06,750.0,2.5,7.0,0.0,0.0,0.0,0.0,زرد,النگو,3.0,,Img20260207-204.jpg
1520,کار ساخته بازار,GD01011138 - 6010,3.11,750.0,2.5,7.0,0.0,0.0,0.0,0.0,زرد,النگو,3.0,,Img20260207-326.jpg
1521,کار ساخته بازار,GD01011137 - 6010,3.1,750.0,2.5,7.0,0.0,0.0,0.0,0.0,زرد,النگو,3.0,,Img20260207-972.jpg
1522,کار ساخته بازار,GD01011129 - 6003,2.84,750.0,2.5,7.0,0.0,0.0,0.0,0.0,زرد,النگو,3.0,,Img20260207-1148.jpg
1523,کار ساخته بازار,GD01011128 - 6003,2.92,750.0,2.5,7.0,0.0,0.0,0.0,0.0,زرد,النگو,3.0,,Img20260207-65.jpg
1524,کار ساخته بازار,GD01011127 - 6003,2.89,750.0,2.5,7.0,0.0,0.0,0.0,0.0,زرد,النگو,3.0,,Img20260207-464.jpg
1525,کار ساخته بازار,GD01011125 - 6003,3.1,750.0,2.5,7.0,0.0,0.0,0.0,0.0,زرد,النگو,3.0,,Img20260207-227.jpg
1526,کار ساخته بازار,GD01011124 - 6003,3.05,750.0,2.5,7.0,0.0,0.0,0.0,0.0,زرد,النگو,3.0,,Img20260207-893.jpg
1527,کار ساخته بازار,GD01011123 - 6003,2.97,750.0,2.5,7.0,0.0,0.0,0.0,0.0,زرد,النگو,1.0,,Img20260207-1606.jpg
1528,کار ساخته بازار,GD01011117 - 6003,3.05,750.0,2.5,7.0,0.0,0.0,0.0,0.0,زرد,النگو,1.0,,Img20260128-71.jpg
1529,کار ساخته بازار,GD01011071 - سونیا,4.16,750.0,7.5,9.0,0.0,0.0,0.0,0.0,سفید,النگو,0.2,,Img20260128-663.jpg
1530,کار ساخته بازار,GD01011070 - سونیا,4.08,750.0,7.5,9.0,0.0,0.0,0.0,0.0,سفید,النگو,0.2,,Img20260128-971.jpg
1531,کار ساخته بازار,GD01011069 - سونیا,3.99,750.0,7.5,9.0,0.0,0.0,0.0,0.0,سفید,النگو,0.2,,Img20260128-571.jpg
1532,کار ساخته بازار,GD01011068 - سونیا,3.84,750.0,7.5,9.0,0.0,0.0,0.0,0.0,سفید,النگو,0.2,,Img20260128-216.jpg
1533,کار ساخته بازار,GD01011067 - سونیا,4.25,750.0,7.5,9.0,0.0,0.0,0.0,0.0,سفید,النگو,0.4,,Img20260128-418.jpg
1534,کار ساخته بازار,GD01011066 - سونیا,3.98,750.0,7.5,9.0,0.0,0.0,0.0,0.0,سفید,النگو,0.4,,Img20260128-568.jpg
1535,کار ساخته بازار,GD01011065 - بنیمی,4.86,750.0,6.0,7.0,0.0,0.0,0.0,0.0,دو رنگ,النگو,1.0,,Img20260128-951.jpg
1536,کار ساخته بازار,GD01011064 - بنیمی,5.58,750.0,6.0,7.0,0.0,0.0,0.0,0.0,دو رنگ,النگو,1.0,,Img20260128-496.jpg
1537,کار ساخته بازار,GD01011063 - مارپیچ,3.68,750.0,6.3,8.0,0.0,0.0,0.0,0.0,زرد,النگو,3.0,,Img20260128-638.jpg
1538,کار ساخته بازار,GD01011062 - زرسان,3.83,750.0,6.3,8.0,0.0,0.0,0.0,0.0,زرد,النگو,3.0,,Img20260128-109.jpg
1539,کار ساخته بازار,GD01011059 - ست فالکن,2.62,750.0,13.0,15.0,0.0,0.0,0.0,0.0,سفید,انگشتر,,,Img20260128-936.jpg
1540,کار ساخته بازار,GD01011054 - کارتیه,2.57,750.0,7.0,8.0,0.0,0.0,0.0,0.0,زرد,انگشتر,,,Img20260128-684.jpg
1541,کار ساخته بازار,GD01011053 - کارتیه,2.86,750.0,7.0,8.0,0.0,0.0,0.0,0.0,زرد,انگشتر,,,Img20260128-13.jpg
1542,کار ساخته بازار,GD01011048 - حلقه ا ی,0.88,750.0,6.5,9.0,0.0,0.0,0.0,0.0,دو رنگ,گوشواره,,,Img20260128-799.jpg
1543,کار ساخته بازار,GD01011040,1.08,750.0,6.5,9.0,0.0,0.0,0.0,0.0,دو رنگ,گوشواره,,,Img20260128-834.jpg
1544,کار ساخته بازار,GD01011037 - حلقه ا ی,0.7,750.0,6.5,9.0,0.0,0.0,0.0,0.0,دو رنگ,گوشواره,,,Img20260128-525.jpg
1545,کار ساخته بازار,GD01011035 - حلقه ا ی,0.72,750.0,6.5,9.0,0.0,0.0,0.0,0.0,دو رنگ,گوشواره,,,Img20260128-132.jpg
1546,کار ساخته بازار,GD01011028 - حلقه ا ی,0.7,750.0,6.5,9.0,0.0,0.0,0.0,0.0,دو رنگ,گوشواره,,,Img20260128-850.jpg
1547,کار ساخته بازار,GD01011023 - حلقه ا ی,0.91,750.0,6.5,9.0,0.0,0.0,0.0,0.0,دو رنگ,گوشواره,,,Img20260704-63.jpg
1548,کار ساخته بازار,GD01010999 - کلاف,2.2,750.0,0.0,2.0,0.0,0.0,0.0,0.0,سفید,زنجیر,,,Img20260707-818.jpg
1549,کار ساخته بازار,GD01010939 - سونیا,3.95,750.0,0.0,2.0,0.0,0.0,0.0,0.0,زرد,النگو,0.2,,Img20260704-424.jpg
1550,کار ساخته بازار,GD01010926 - ونیز,1.57,750.0,0.0,2.0,0.0,0.0,0.0,0.0,زرد,زنجیر,,,Img20260107-106.jpg
1551,کار ساخته بازار,GD01010898 - 609,6.77,750.0,5.3,6.4,0.0,0.0,0.0,0.0,زرد,النگو,3.0,,Img20260107-7.jpg
1552,کار ساخته بازار,GD01010897 - 609,6.71,750.0,5.3,6.4,0.0,0.0,0.0,0.0,زرد,النگو,3.0,,Img20260107-263.jpg
1553,کار ساخته بازار,GD01010896 - 609,6.65,750.0,5.3,6.4,0.0,0.0,0.0,0.0,زرد,النگو,3.0,,Img20260107-709.jpg
1554,کار ساخته بازار,GD01010895 - 609,6.73,750.0,5.3,6.4,0.0,0.0,0.0,0.0,زرد,النگو,3.0,,Img20260107-211.jpg
1555,کار ساخته بازار,GD01010894 - 609,6.77,750.0,5.3,6.4,0.0,0.0,0.0,0.0,زرد,النگو,3.0,,Img20260107-567.jpg
1556,کار ساخته بازار,GD01010892 - 311,3.5,750.0,6.5,8.0,0.0,0.0,0.0,0.0,سفید,النگو,1.0,,Img20260707-980.jpg
1557,کار ساخته بازار,GD01010891 - 329,2.73,750.0,6.5,8.0,0.0,0.0,0.0,0.0,سفید,النگو,0.2,,Img20260107-761.jpg
1558,کار ساخته بازار,GD01010888 - 4090,5.28,750.0,5.5,7.0,0.0,0.0,0.0,0.0,سفید,النگو,3.0,,Img20260107-189.jpg
1559,کار ساخته بازار,GD01010881,1.39,750.0,7.5,9.0,0.0,0.0,0.0,0.0,زرد,انگشتر,,,Img20260107-594.jpg
1560,کار ساخته بازار,GD01010867,0.73,750.0,6.0,9.0,0.0,0.0,0.0,0.0,زرد,مدال,,,Img20260101-840.jpg
1561,کار ساخته بازار,GD01010782,11.42,750.0,4.5,7.0,0.0,0.0,0.0,0.0,سفید,تک پوش,3.0,,Img20260704-134.jpg
1562,کار ساخته بازار,GD01010778,10.33,750.0,4.5,7.0,0.0,0.0,0.0,0.0,سفید,تک پوش,1.0,,Img20260707-1322.jpg
1563,کار ساخته بازار,GD01010767,5.34,750.0,2.8,7.0,0.0,0.0,0.0,0.0,زرد,النگو,1.0,,Img20260101-659.jpg
1564,کار ساخته بازار,GD01010754 - 848,5.2,750.0,2.5,7.0,0.0,0.0,0.0,0.0,زرد,النگو,3.0,,Img20260707-735.jpg
1565,کار ساخته بازار,GD01010461,7.43,750.0,5.5,7.0,0.0,0.0,0.0,0.0,زرد,النگو,,,Img20260706-764.jpg
1566,کار ساخته بازار,GD01010667 - فیروزه,2.74,750.0,15.0,17.0,0.0,0.0,0.0,0.0,زرد,انگشتر,,,Img20251230-702.jpg
1567,کار ساخته بازار,GD01010646 - آینه ای,5.97,750.0,5.0,7.0,0.0,0.0,0.0,0.0,زرد,النگو,2.0,,Img20251230-679.jpg
1568,کار ساخته بازار,GD01010560 - Z,0.41,750.0,8.0,12.0,0.0,0.0,0.0,0.0,زرد,دستبند,,,Img20251230-18.jpg
1569,کار ساخته بازار,GD01010558 - Z,0.41,750.0,8.0,12.0,0.0,0.0,0.0,0.0,زرد,دستبند,,,Img20251230-900.jpg
1570,کار ساخته بازار,GD01010557 - A,0.34,750.0,8.0,12.0,0.0,0.0,0.0,0.0,زرد,دستبند,,,Img20251230-973.jpg
1571,کار ساخته بازار,GD01010556 - M,0.62,750.0,8.0,12.0,0.0,0.0,0.0,0.0,زرد,دستبند,,,Img20251230-228.jpg
1572,کار ساخته بازار,GD01010555 - A,0.35,750.0,8.0,12.0,0.0,0.0,0.0,0.0,زرد,دستبند,,,Img20251230-665.jpg
1573,کار ساخته بازار,GD01010554 - Z,0.41,750.0,8.0,12.0,0.0,0.0,0.0,0.0,زرد,دستبند,,,Img20251230-8.jpg
1574,کار ساخته بازار,GD01010553 - M,0.61,750.0,8.0,12.0,0.0,0.0,0.0,0.0,زرد,دستبند,,,Img20251230-337.jpg
1575,کار ساخته بازار,GD01010552 - C,0.33,750.0,8.0,12.0,0.0,0.0,0.0,0.0,زرد,دستبند,,,Img20251230-615.jpg
1576,کار ساخته بازار,GD01010551 - M,0.59,750.0,8.0,12.0,0.0,0.0,0.0,0.0,زرد,دستبند,,,Img20251230-371.jpg
1577,کار ساخته بازار,GD01010550 - C,0.33,750.0,8.0,12.0,0.0,0.0,0.0,0.0,زرد,دستبند,,,Img20251230-180.jpg
1578,کار ساخته بازار,GD01010549 - c,0.34,750.0,8.0,12.0,0.0,0.0,0.0,0.0,زرد,دستبند,,,Img20251230-466.jpg
1579,کار ساخته بازار,GD01010546 - انار,0.1,750.0,0.0,2.0,0.0,0.0,0.0,0.0,قرمز,دستبند,,,Img20260107-304.jpg
1580,کار ساخته بازار,GD01010529 - لیزری,2.27,750.0,0.0,2.0,0.0,0.0,0.0,0.0,زرد,گوشواره,,,Img20251227-566.jpg
1581,کار ساخته بازار,GD01010510 - sun gold,2.3,750.0,10.5,12.0,0.0,0.0,0.0,0.0,زرد,انگشتر,,,Img20251227-164.jpg
1582,کار ساخته بازار,GD01010509 - آینه ای,2.4,750.0,10.5,12.0,0.0,0.0,0.0,0.0,زرد,انگشتر,,,Img20251224-980.jpg
1583,کار ساخته بازار,GD01010462 - آرین,5.85,750.0,5.5,7.0,0.0,0.0,0.0,0.0,زرد,النگو,3.0,,Img20251224-810.jpg
1584,کار ساخته بازار,GD01010460 - تراش,0.69,750.0,6.5,9.0,0.0,0.0,0.0,0.0,زرد,گوشواره,,,Img20251224-320.jpg
1585,کار ساخته بازار,GD01010457 - تراش,0.7,750.0,6.5,9.0,0.0,0.0,0.0,0.0,زرد,گوشواره,,,Img20251224-265.jpg
1586,کار ساخته بازار,GD01010453 - 2150,2.62,750.0,4.0,7.0,0.0,0.0,0.0,0.0,زرد,النگو,2.0,,Img20251224-399.jpg
1587,کار ساخته بازار,GD01010452 - 2150,2.48,750.0,4.0,7.0,0.0,0.0,0.0,0.0,زرد,النگو,2.0,,Img20251224-200.jpg
1588,کار ساخته بازار,GD01010450 - 2150,3.19,750.0,4.0,7.0,0.0,0.0,0.0,0.0,زرد,النگو,3.0,,Img20251224-492.jpg
1589,کار ساخته بازار,GD01010444 - 2150,3.14,750.0,4.0,7.0,0.0,0.0,0.0,0.0,زرد,النگو,3.0,,Img20251224-582.jpg
1590,کار ساخته بازار,GD01010443 - 2150,3.09,750.0,4.0,7.0,0.0,0.0,0.0,0.0,زرد,النگو,3.0,,Img20251224-388.jpg
1591,کار ساخته بازار,GD01010442 - 2150,3.03,750.0,4.0,7.0,0.0,0.0,0.0,0.0,زرد,النگو,3.0,,Img20251224-262.jpg
1592,کار ساخته بازار,GD01010439 - تراش,14.1,750.0,4.5,7.0,0.0,0.0,0.0,0.0,زرد,تک پوش,3.0,,Img20260707-552.jpg
1593,کار ساخته بازار,GD01010421,1.88,750.0,17.0,17.0,0.0,0.0,0.0,0.0,سفید,انگشتر,,,Img20251222-516.jpg
1594,کار ساخته بازار,GD01010406 - پروفیل,2.38,750.0,5.8,7.0,0.0,0.0,0.0,0.0,زرد,انگشتر,,,Img20251222-923.jpg
1595,کار ساخته بازار,GD01010405 - پروفیل,3.42,750.0,5.8,7.0,0.0,0.0,0.0,0.0,زرد,انگشتر,,,Img20251222-34.jpg
1596,کار ساخته بازار,GD01010404 - پروفیل,2.24,750.0,5.8,7.0,0.0,0.0,0.0,0.0,زرد,انگشتر,,,Img20251222-746.jpg
1597,کار ساخته بازار,GD01010401 - پروفیل,2.59,750.0,5.8,7.0,0.0,0.0,0.0,0.0,زرد,انگشتر,,,Img20251222-984.jpg
1598,کار ساخته بازار,GD01010399 - آینه ای,3.24,750.0,5.8,7.0,0.0,0.0,0.0,0.0,زرد,انگشتر,,,Img20251222-92.jpg
1599,کار ساخته بازار,GD01010398 - آینه ای,2.79,750.0,5.8,7.0,0.0,0.0,0.0,0.0,زرد,انگشتر,,,Img20251222-915.jpg
1600,کار ساخته بازار,GD01010397 - آینه ای,2.72,750.0,5.8,7.0,0.0,0.0,0.0,0.0,زرد,انگشتر,,,Img20251222-488.jpg
1601,کار ساخته بازار,GD01010395 - آینه ای,2.67,750.0,5.8,7.0,0.0,0.0,0.0,0.0,زرد,انگشتر,,,Img20251222-338.jpg
1602,کار ساخته بازار,GD01010358 - ژاپنی,1.22,750.0,7.8,9.0,0.0,0.0,0.0,0.0,دو رنگ,گوشواره,,,Img20251222-845.jpg
1603,کار ساخته بازار,GD01010357 - ژاپنی,0.87,750.0,7.8,9.0,0.0,0.0,0.0,0.0,دو رنگ,گوشواره,,,Img20251222-514.jpg
1604,کار ساخته بازار,GD01010351 - ژاپنی,1.09,750.0,7.8,9.0,0.0,0.0,0.0,0.0,دو رنگ,گوشواره,,,Img20251222-492.jpg
1605,کار ساخته بازار,GD01010349 - ژاپنی,1.1,750.0,7.8,9.0,0.0,0.0,0.0,0.0,دو رنگ,گوشواره,,,Img20260705-411.jpg
1606,کار ساخته بازار,GD01010318 - پروفیل,5.52,750.0,8.5,10.0,0.0,0.0,0.0,0.0,دو رنگ,گردنبند,,,Img20260707-27.jpg
1607,کار ساخته بازار,GD01010315 - پیچ,3.69,750.0,6.3,7.3,0.0,0.0,0.0,0.0,زرد,النگو,1.0,,Img20251217-767.jpg
1608,کار ساخته بازار,GD01010308 - 101,5.0,750.0,4.0,7.0,0.0,0.0,0.0,0.0,دو رنگ,النگو,3.0,,Img20251217-100.jpg
1609,کار ساخته بازار,GD01010307 - 101,5.09,750.0,4.0,7.0,0.0,0.0,0.0,0.0,دو رنگ,النگو,3.0,,Img20251217-153.jpg
1610,کار ساخته بازار,GD01010306 - 101,4.52,750.0,4.0,7.0,0.0,0.0,0.0,0.0,دو رنگ,النگو,3.0,,Img20251217-372.jpg
1611,کار ساخته بازار,GD01010305 - 101,4.67,750.0,4.0,7.0,0.0,0.0,0.0,0.0,دو رنگ,النگو,3.0,,Img20251217-150.jpg
1612,کار ساخته بازار,GD01010304 - 101,4.26,750.0,4.0,7.0,0.0,0.0,0.0,0.0,دو رنگ,النگو,1.0,,Img20251217-936.jpg
1613,کار ساخته بازار,GD01010303 - 101,4.11,750.0,4.0,7.0,0.0,0.0,0.0,0.0,دو رنگ,النگو,1.0,,Img20251217-211.jpg
1614,کار ساخته بازار,GD01010300 - 101,4.65,750.0,4.0,7.0,0.0,0.0,0.0,0.0,دو رنگ,النگو,1.0,,Img20251217-969.jpg
1615,کار ساخته بازار,GD01010299 - 101,4.53,750.0,4.0,7.0,0.0,0.0,0.0,0.0,دو رنگ,النگو,2.0,,Img20251217-214.jpg
1616,کار ساخته بازار,GD01010297 - 101,4.18,750.0,4.0,7.0,0.0,0.0,0.0,0.0,دو رنگ,النگو,2.0,,Img20251217-542.jpg
1617,کار ساخته بازار,GD01010281 - سام,2.44,750.0,7.0,8.0,0.0,0.0,0.0,0.0,زرد,انگشتر,,,Img20251217-496.jpg
1618,کار ساخته بازار,GD01010279 - سام,2.83,750.0,7.0,8.0,0.0,0.0,0.0,0.0,زرد,انگشتر,,,Img20251216-1210.jpg
1619,کار ساخته بازار,GD01010219 - 200,3.53,750.0,3.0,7.0,0.0,0.0,0.0,0.0,سفید,النگو,4.0,,Img20251216-183.jpg
1620,کار ساخته بازار,GD01010214 - 200,3.36,750.0,3.0,7.0,0.0,0.0,0.0,0.0,سفید,النگو,3.0,,Img20251216-196.jpg
1621,کار ساخته بازار,GD01010213 - 200,3.41,750.0,3.0,7.0,0.0,0.0,0.0,0.0,سفید,النگو,3.0,,Img20251216-550.jpg
1622,کار ساخته بازار,GD01010212 - 200,3.44,750.0,3.0,7.0,0.0,0.0,0.0,0.0,سفید,النگو,3.0,,Img20251216-285.jpg
1623,کار ساخته بازار,GD01010211 - 200,3.51,750.0,3.0,7.0,0.0,0.0,0.0,0.0,سفید,النگو,3.0,,Img20251216-403.jpg
1624,کار ساخته بازار,GD01010210 - 200,3.47,750.0,3.0,7.0,0.0,0.0,0.0,0.0,سفید,النگو,3.0,,Img20251216-827.jpg
1625,کار ساخته بازار,GD01010209 - 200,3.46,750.0,3.0,7.0,0.0,0.0,0.0,0.0,سفید,النگو,3.0,,Img20251216-1485.jpg
1626,کار ساخته بازار,GD01010197 - 8200,11.44,750.0,2.0,7.0,0.0,0.0,0.0,0.0,زرد,تک پوش,1.0,,Img20251216-434.jpg
1627,کار ساخته بازار,GD01010174 - 561,4.17,750.0,2.0,7.0,0.0,0.0,0.0,0.0,زرد,النگو,3.0,,Img20251216-291.jpg
1628,کار ساخته بازار,GD01010171 - 561,4.36,750.0,2.0,7.0,0.0,0.0,0.0,0.0,زرد,النگو,3.0,,Img20251216-843.jpg
1629,کار ساخته بازار,GD01010164 - توخالی,2.38,750.0,3.5,7.0,0.0,0.0,0.0,0.0,زرد,گوشواره,,,Img20251216-625.jpg
1630,کار ساخته بازار,GD01010163 - توخالی,3.34,750.0,3.5,7.0,0.0,0.0,0.0,0.0,زرد,دستبند,,,Img20251216-995.jpg
1631,کار ساخته بازار,GD01010162 - توخالی,7.72,750.0,3.5,7.0,0.0,0.0,0.0,0.0,زرد,گردنبند,,,Img20260705-610.jpg
1632,کار ساخته بازار,GD01010139,8.6,750.0,0.0,2.0,0.0,0.0,0.0,0.0,زرد,گردنبند,,,Img20260705-163.jpg
1633,کار ساخته بازار,GD01010134 - پلاک ورساچ,11.34,750.0,0.0,2.0,0.0,0.0,0.0,0.0,زرد,مدال,,,Img20260705-772.jpg
1634,کار ساخته بازار,GD01010130 - دستبند شقایق,3.11,750.0,0.0,2.0,0.0,0.0,0.0,0.0,زرد,دستبند,,,Img20260216-304.jpg
1635,کار ساخته بازار,GD01010128 - دستبند ورساچی,13.2,750.0,0.0,10.0,0.0,0.0,0.0,0.0,زرد,دستبند,,,Img20260107-364.jpg
1636,کار ساخته بازار,GD01010125 - گوشواره نرمال,1.52,750.0,0.0,2.0,0.0,0.0,0.0,0.0,زرد,گوشواره,,,Img20260107-582.jpg
1637,کار ساخته بازار,GD01010117 - گوشواره فیوژن,2.49,750.0,0.0,2.0,0.0,0.0,0.0,0.0,زرد,گوشواره,,,Img20260706-114.jpg
1638,کار ساخته بازار,GD01010113 - گوشواره شقایق,2.29,750.0,0.0,2.0,0.0,0.0,0.0,0.0,زرد,گوشواره,,,Img20250702-425.jpg
1639,کار ساخته بازار,GD01004023 - دستبند حروف,0.28,750.0,0.0,0.0,3000000.0,3000000.0,1500000.0,1500000.0,زرد,دستبند,,,Img20251216-817.jpg
1640,کار ساخته بازار,GD01010109 - نرگس,4.98,750.0,8.0,10.0,0.0,0.0,0.0,0.0,دو رنگ,النگو,1.0,,Img20251216-589.jpg
1641,کار ساخته بازار,GD01010107 - نرگس,5.05,750.0,8.0,10.0,0.0,0.0,0.0,0.0,دو رنگ,النگو,1.0,,Img20251211-515.jpg
1642,کار ساخته بازار,GD01010054 - دو قاب,20.86,750.0,4.5,7.0,0.0,0.0,0.0,0.0,زرد,گردنبند,,,Img20251213-600.jpg
1643,کار ساخته بازار,GD01010053 - البرنادو,1.92,750.0,8.5,10.0,0.0,0.0,0.0,0.0,رزگلد,دستبند,,,Img20251210-824.jpg
1644,کار ساخته بازار,GD01010029 - 212,5.9,750.0,6.5,8.0,0.0,0.0,0.0,0.0,زرد,النگو,2.0,,Img20251210-126.jpg
1645,کار ساخته بازار,GD01010028 - 212,5.88,750.0,6.5,8.0,0.0,0.0,0.0,0.0,زرد,النگو,2.0,,Img20251210-932.jpg
1646,کار ساخته بازار,GD01010027 - 212,5.19,750.0,6.5,8.0,0.0,0.0,0.0,0.0,زرد,النگو,2.0,,Img20251210-907.jpg
1647,کار ساخته بازار,GD01010026 - 311,3.11,750.0,6.5,8.0,0.0,0.0,0.0,0.0,سفید,النگو,0.4,,Img20251210-994.jpg
1648,کار ساخته بازار,GD01010025 - 219,5.32,750.0,6.5,8.0,0.0,0.0,0.0,0.0,زرد,النگو,1.0,,Img20251210-731.jpg
1649,کار ساخته بازار,GD01010024 - 219,5.16,750.0,6.5,8.0,0.0,0.0,0.0,0.0,زرد,النگو,1.0,,Img20251210-501.jpg
1650,کار ساخته بازار,GD01010023 - 219,5.52,750.0,6.5,8.0,0.0,0.0,0.0,0.0,زرد,النگو,1.0,,Img20251210-531.jpg
1651,کار ساخته بازار,GD01010022 - 219,5.36,750.0,6.5,8.0,0.0,0.0,0.0,0.0,زرد,النگو,1.0,,Img20251210-96.jpg
1652,کار ساخته بازار,GD01010021 - 219,5.3,750.0,6.5,8.0,0.0,0.0,0.0,0.0,زرد,النگو,1.0,,Img20251210-237.jpg
1653,کار ساخته بازار,GD01010020 - 219,5.17,750.0,6.5,8.0,0.0,0.0,0.0,0.0,زرد,النگو,1.0,,Img20251210-75.jpg
1654,کار ساخته بازار,GD01010012 - مارپیچ,7.31,750.0,7.5,9.0,0.0,0.0,0.0,0.0,زرد,النگو,1.0,,Img20251210-758.jpg
1655,کار ساخته بازار,GD01010010 - مارپیچ,8.17,750.0,7.5,9.0,0.0,0.0,0.0,0.0,زرد,النگو,1.0,,Img20260704-757.jpg
1656,کار ساخته بازار,GD01010001 - خرگوش,0.63,750.0,8.5,10.0,0.0,0.0,0.0,0.0,زرد,مدال,,,Img20251209-79.jpg
1657,کار ساخته بازار,GD01009989 - طنابی,4.7,750.0,6.5,8.0,0.0,0.0,0.0,0.0,زرد,دستبند,,,Img20251209-441.jpg
1658,کار ساخته بازار,GD01009973 - دوقاب,5.87,750.0,4.5,7.0,0.0,0.0,0.0,0.0,زرد,گوشواره,,,Img20251209-201.jpg
1659,کار ساخته بازار,GD01009972 - دو قاب,5.7,750.0,4.5,7.0,0.0,0.0,0.0,0.0,زرد,گوشواره,,,Img20251209-575.jpg
1660,کار ساخته بازار,GD01009971 - وان یکاد,0.71,750.0,7.0,8.0,0.0,0.0,0.0,0.0,زرد,مدال,,,Img20251207-290.jpg
1661,کار ساخته بازار,GD01009841,1.56,750.0,2.0,7.0,0.0,0.0,0.0,0.0,زرد,النگو,,,Img20251230-697.jpg
1662,کار ساخته بازار,GD01009803,2.45,750.0,0.0,2.0,0.0,0.0,0.0,0.0,سفید,انگشتر,,,Img20250607-493.jpg
1663,کار ساخته بازار,GD01002233,2.19,750.0,10.5,13.0,0.0,0.0,0.0,0.0,دو رنگ,انگشتر,,,Img20251230-648.jpg
1664,کار ساخته بازار,GD01009768 - فالکون,2.49,750.0,0.0,3.0,0.0,0.0,0.0,0.0,زرد,انگشتر,,,Img20251206-386.jpg
1665,کار ساخته بازار,GD01009749 - ترنج,2.89,750.0,10.0,11.0,0.0,0.0,0.0,0.0,دو رنگ,انگشتر,,,Img20251206-409.jpg
1666,کار ساخته بازار,GD01009745 - میخ,5.14,750.0,8.5,10.0,0.0,0.0,0.0,0.0,زرد,دستبند,,,Img20251206-359.jpg
1667,کار ساخته بازار,GD01009742 - شانل,17.9,750.0,7.5,9.0,0.0,0.0,0.0,0.0,دو رنگ,گردنبند,,,Img20251206-580.jpg
1668,کار ساخته بازار,GD01009741 - شانل,4.24,750.0,7.5,9.0,0.0,0.0,0.0,0.0,دو رنگ,گوشواره,,,Img20251206-760.jpg
1669,کار ساخته بازار,GD01009692 - ونیز,0.97,750.0,7.5,9.0,0.0,0.0,0.0,0.0,زرد,انگشتر,,,Img20251206-640.jpg
1670,کار ساخته بازار,GD01009691 - ونیز,1.07,750.0,7.5,9.0,0.0,0.0,0.0,0.0,زرد,انگشتر,,,Img20251206-506.jpg
1671,کار ساخته بازار,GD01009684 - تراش,1.71,750.0,10.5,12.0,0.0,0.0,0.0,0.0,زرد,انگشتر,,,Img20251204-299.jpg
1672,کار ساخته بازار,GD01009663 - ٍتراش.,1.83,750.0,6.5,8.0,0.0,0.0,0.0,0.0,زرد,گردنبند,,,Img20260707-634.jpg
1673,کار ساخته بازار,GD01009661 - 613,6.22,750.0,5.3,7.0,0.0,0.0,0.0,0.0,سفید,النگو,2.0,,Img20260707-658.jpg
1674,کار ساخته بازار,GD01009659 - 613,6.21,750.0,5.3,7.0,0.0,0.0,0.0,0.0,سفید,النگو,2.0,,Img20251204-330.jpg
1675,کار ساخته بازار,GD01009658 - نگین,0.96,750.0,6.0,7.0,0.0,0.0,0.0,0.0,زرد,انگشتر,,,Img20251204-298.jpg
1676,کار ساخته بازار,GD01009656 - تراش,1.96,750.0,8.5,10.0,0.0,0.0,0.0,0.0,زرد,انگشتر,,,Img20251204-486.jpg
1677,کار ساخته بازار,GD01009652 - تراش,1.99,750.0,7.0,8.0,0.0,0.0,0.0,0.0,دو رنگ,انگشتر,,,Img20251203-258.jpg
1678,کار ساخته بازار,GD01009647,1.82,750.0,10.0,11.0,0.0,0.0,0.0,0.0,زرد,انگشتر,,,Img20251203-489.jpg
1679,کار ساخته بازار,GD01009646,1.84,750.0,10.0,11.0,0.0,0.0,0.0,0.0,زرد,انگشتر,,,Img20251203-450.jpg
1680,کار ساخته بازار,GD01009644,1.74,750.0,10.0,11.0,0.0,0.0,0.0,0.0,زرد,انگشتر,,,Img20251204-825.jpg
1681,کار ساخته بازار,GD01009634,3.08,750.0,9.5,10.5,0.0,0.0,0.0,0.0,زرد,گوشواره,,,Img20250608-235.jpg
1682,کار ساخته بازار,GD01002889 - طرح 21,2.89,750.0,5.0,7.0,0.0,0.0,0.0,0.0,زرد,گوشواره,,,Img20251203-959.jpg
1683,کار ساخته بازار,GD01009624 - روبرتو,5.5,750.0,12.0,13.0,0.0,0.0,0.0,0.0,دو رنگ,گوشواره,,,Img20251203-129.jpg
1684,کار ساخته بازار,GD01009623 - الیزابت,2.93,750.0,9.5,11.0,0.0,0.0,0.0,0.0,زرد,گردنبند,,,Img20251203-386.jpg
1685,کار ساخته بازار,GD01009621 - الیزلبت,2.44,750.0,9.5,11.0,0.0,0.0,0.0,0.0,زرد,گوشواره,,,Img20251203-81.jpg
1686,کار ساخته بازار,GD01009620 - مارلیک,2.6,750.0,9.5,11.0,0.0,0.0,0.0,0.0,زرد,دستبند,,,Img20251203-147.jpg
1687,کار ساخته بازار,GD01009618 - کودک,1.22,750.0,6.0,7.0,0.0,0.0,0.0,0.0,زرد,گوشواره,,,Img20251202-580.jpg
1688,کار ساخته بازار,GD01009583,1.41,750.0,4.0,7.0,0.0,0.0,0.0,0.0,زرد,انگشتر,,,Img20251202-322.jpg
1689,کار ساخته بازار,GD01009576,1.51,750.0,4.0,7.0,0.0,0.0,0.0,0.0,زرد,انگشتر,,,Img20251202-634.jpg
1690,کار ساخته بازار,GD01009552,1.98,750.0,2.0,7.0,0.0,0.0,0.0,0.0,زرد,النگو,3.0,,Img20251202-781.jpg
1691,کار ساخته بازار,GD01009550,1.99,750.0,2.0,7.0,0.0,0.0,0.0,0.0,زرد,النگو,3.0,,Img20251202-386.jpg
1692,کار ساخته بازار,GD01009549,1.92,750.0,2.0,7.0,0.0,0.0,0.0,0.0,زرد,النگو,3.0,,Img20251202-78.jpg
1693,کار ساخته بازار,GD01009548,1.86,750.0,2.0,7.0,0.0,0.0,0.0,0.0,زرد,النگو,3.0,,Img20251202-680.jpg
1694,کار ساخته بازار,GD01009542,1.74,750.0,2.0,7.0,0.0,0.0,0.0,0.0,زرد,النگو,2.0,,Img20260705-654.jpg
1695,کار ساخته بازار,GD01009473,0.9,750.0,0.0,2.0,0.0,0.0,0.0,0.0,زرد,انگشتر,,,Img20260706-340.jpg
1696,کار ساخته بازار,GD01009461 - عربی,9.8,750.0,0.0,2.0,0.0,0.0,0.0,0.0,زرد,گوشواره,,,Img20251130-223.jpg
1697,کار ساخته بازار,GD01009441 - 603,2.96,750.0,2.0,7.0,0.0,0.0,0.0,0.0,زرد,النگو,3.0,,Img20251129-371.jpg
1698,کار ساخته بازار,GD01009436 - 603,2.72,750.0,2.5,7.0,0.0,0.0,0.0,0.0,سفید,النگو,1.0,,Img20251129-695.jpg
1699,کار ساخته بازار,GD01009425 - النگو,2.91,750.0,2.5,7.0,0.0,0.0,0.0,0.0,سفید,النگو,3.0,,Img20251129-160.jpg
1700,کار ساخته بازار,GD01009424 - 600,2.96,750.0,2.5,7.0,0.0,0.0,0.0,0.0,سفید,النگو,3.0,,Img20251129-684.jpg
1701,کار ساخته بازار,GD01009415 - 600,2.95,750.0,2.5,7.0,0.0,0.0,0.0,0.0,سفید,النگو,3.0,,Img20260705-884.jpg
1702,کار ساخته بازار,GD01009393,2.41,750.0,0.0,2.0,0.0,0.0,0.0,0.0,,دستبند,,,Img20251126-636.jpg
1703,کار ساخته بازار,GD01009357 - 609,6.71,750.0,5.3,7.0,0.0,0.0,0.0,0.0,زرد,النگو,1.0,,Img20251126-786.jpg
1704,کار ساخته بازار,GD01009356 - 687,3.38,750.0,6.0,7.0,0.0,0.0,0.0,0.0,رزگلد,النگو,2.0,,Img20251126-57.jpg
1705,کار ساخته بازار,GD01009353 - سور باف,5.11,750.0,5.9,7.0,0.0,0.0,0.0,0.0,سفید,تک پوش,0.4,,Img20251126-374.jpg
1706,کار ساخته بازار,GD01009350 - تراش,10.93,750.0,4.0,7.0,0.0,0.0,0.0,0.0,زرد,تک پوش,3.0,,Img20251126-984.jpg
1707,کار ساخته بازار,GD01009349 - تراش,9.83,750.0,4.0,7.0,0.0,0.0,0.0,0.0,زرد,تک پوش,1.0,,Img20260124-500.jpg
1708,کار ساخته بازار,GD01009347 - برفی,1.29,750.0,0.0,3.0,0.0,0.0,0.0,0.0,سفید,مدال,,,Img20260704-126.jpg
1709,کار ساخته بازار,GD01009346 - ونیز,1.66,750.0,0.0,3.0,0.0,0.0,0.0,0.0,سفید,زنجیر,,,Img20251008-728.jpg
1710,کار ساخته بازار,GD01008048 - سورباف,5.07,750.0,5.9,7.0,0.0,0.0,0.0,0.0,زرد,تک پوش,0.4,,Img20250716-491.jpg
1711,کار ساخته بازار,GD01005269 - پرنسس,3.9,750.0,10.5,11.5,0.0,0.0,0.0,0.0,زرد,انگشتر,,,Img20251122-960.jpg
1712,کار ساخته بازار,GD01009291 - پروانه,0.65,750.0,9.3,11.0,0.0,0.0,0.0,0.0,زرد,مدال,,,Img20251122-426.jpg
1713,کار ساخته بازار,GD01009290 - نقش,0.6,750.0,9.3,11.0,0.0,0.0,0.0,0.0,زرد,مدال,,,Img20251122-969.jpg
1714,کار ساخته بازار,GD01009265 - آوا,2.13,750.0,8.8,10.0,0.0,0.0,0.0,0.0,سفید,مدال,,,Img20251122-983.jpg
1715,کار ساخته بازار,GD01009263 - آوا,2.28,750.0,8.8,10.0,0.0,0.0,0.0,0.0,سفید,انگشتر,,,Img20251122-369.jpg
1716,کار ساخته بازار,GD01009262 - آوا,3.91,750.0,8.8,10.0,0.0,0.0,0.0,0.0,سفید,گوشواره,,,Img20251122-678.jpg
1717,کار ساخته بازار,GD01009260 - شانل,2.1,750.0,6.8,8.0,0.0,0.0,0.0,0.0,زرد,گوشواره,,,Img20251122-198.jpg
1718,کار ساخته بازار,GD01009259 - شانل,2.45,750.0,6.8,8.0,0.0,0.0,0.0,0.0,زرد,گوشواره,,,Img20251119-102.jpg
1719,کار ساخته بازار,GD01009254 - البرنادو,5.18,750.0,8.5,10.0,0.0,0.0,0.0,0.0,زرد,گوشواره,,,Img20251119-469.jpg
1720,کار ساخته بازار,GD01009252 - آذر,2.75,750.0,7.5,9.0,0.0,0.0,0.0,0.0,زرد,گوشواره,,,Img20251119-444.jpg
1721,کار ساخته بازار,GD01009251 - شهرزاد,1.75,750.0,5.5,7.0,0.0,0.0,0.0,0.0,زرد,گوشواره,,,Img20251119-325.jpg
1722,کار ساخته بازار,GD01009236 - تراش,11.63,750.0,4.7,7.0,0.0,0.0,0.0,0.0,سفید,تک پوش,1.0,,Img20251119-724.jpg
1723,کار ساخته بازار,GD01009235 - زرناز,5.28,750.0,8.5,9.5,0.0,0.0,0.0,0.0,دو رنگ,النگو,1.0,,Img20251119-705.jpg
1724,کار ساخته بازار,GD01009232 - زرناز,5.19,750.0,8.5,9.5,0.0,0.0,0.0,0.0,دو رنگ,النگو,1.0,,Img20251119-821.jpg
1725,کار ساخته بازار,GD01009230 - زرناز,5.21,750.0,8.5,9.5,0.0,0.0,0.0,0.0,دو رنگ,النگو,1.0,,Img20251119-516.jpg
1726,کار ساخته بازار,GD01009224,8.94,750.0,7.2,8.0,0.0,0.0,0.0,0.0,زرد,النگو,2.0,,Img20251119-256.jpg
1727,کار ساخته بازار,GD01009223,9.35,750.0,7.2,8.0,0.0,0.0,0.0,0.0,زرد,النگو,2.0,,Img20251119-610.jpg
1728,کار ساخته بازار,GD01009222 - تسمه ای,9.66,750.0,5.0,7.0,0.0,0.0,0.0,0.0,زرد,تک پوش,2.0,,Img20251119-168.jpg
1729,کار ساخته بازار,GD01009218 - 609,6.52,750.0,5.3,7.0,0.0,0.0,0.0,0.0,زرد,النگو,1.0,,Img20251119-713.jpg
1730,کار ساخته بازار,GD01009217 - 609,6.41,750.0,5.3,7.0,0.0,0.0,0.0,0.0,زرد,النگو,1.0,,Img20251119-951.jpg
1731,کار ساخته بازار,GD01009201 - سه بعدی,3.1,750.0,8.5,10.0,0.0,0.0,0.0,0.0,زرد,گوشواره,,,Img20251119-552.jpg
1732,کار ساخته بازار,GD01009194 - باران,1.6,750.0,5.0,7.0,0.0,0.0,0.0,0.0,زرد,گوشواره,,,Img20251119-884.jpg
1733,کار ساخته بازار,GD01009192 - باران,5.59,750.0,5.0,7.0,0.0,0.0,0.0,0.0,زرد,گردنبند,,,Img20251119-3.jpg
1734,کار ساخته بازار,GD01009185 - 1416,3.23,750.0,4.0,7.0,0.0,0.0,0.0,0.0,سفید,النگو,2.0,,Img20251119-935.jpg
1735,کار ساخته بازار,GD01009184 - 1416,3.31,750.0,4.0,7.0,0.0,0.0,0.0,0.0,سفید,النگو,2.0,,Img20251119-245.jpg
1736,کار ساخته بازار,GD01009182 - 1416,3.18,750.0,4.0,7.0,0.0,0.0,0.0,0.0,سفید,النگو,2.0,,Img20251119-132.jpg
1737,کار ساخته بازار,GD01009181 - 1416,3.16,750.0,4.0,7.0,0.0,0.0,0.0,0.0,سفید,النگو,2.0,,Img20251119-457.jpg
1738,کار ساخته بازار,GD01009180 - 1416,3.13,750.0,4.0,7.0,0.0,0.0,0.0,0.0,سفید,النگو,2.0,,Img20251119-417.jpg
1739,کار ساخته بازار,GD01009179 - 1416,3.03,750.0,4.0,7.0,0.0,0.0,0.0,0.0,سفید,النگو,2.0,,Img20250604-966.jpg
1740,کار ساخته بازار,GD01002312,4.72,750.0,12.5,14.0,0.0,0.0,0.0,0.0,دو رنگ,انگشتر,,,Img20251117-493.jpg
1741,کار ساخته بازار,GD01009114,9.86,750.0,4.0,7.0,0.0,0.0,0.0,0.0,زرد,تک پوش,2.0,,Img20250619-432.jpg
1742,کار ساخته بازار,GD01003406 - احسان,3.2,750.0,7.0,10.0,0.0,0.0,0.0,0.0,زرد,سرویس,,,Img20251115-324.jpg
1743,کار ساخته بازار,GD01009061 - فیوژن,2.64,750.0,5.0,7.0,0.0,0.0,0.0,0.0,زرد,انگشتر,,,Img20251112-143.jpg
1744,کار ساخته بازار,GD01009043 - تسمه ای,4.71,750.0,11.0,12.0,0.0,0.0,0.0,0.0,زرد,دستبند,,,Img20251112-888.jpg
1745,کار ساخته بازار,GD01009042 - 2040,3.57,750.0,5.0,7.0,0.0,0.0,0.0,0.0,زرد,النگو,3.0,,Img20251112-588.jpg
1746,کار ساخته بازار,GD01009041 - 2040,3.68,750.0,5.0,7.0,0.0,0.0,0.0,0.0,زرد,النگو,3.0,,Img20251112-908.jpg
1747,کار ساخته بازار,GD01009040 - 2040,3.63,750.0,5.0,7.0,0.0,0.0,0.0,0.0,زرد,النگو,3.0,,Img20251112-7.jpg
1748,کار ساخته بازار,GD01009039,5.89,750.0,6.0,7.0,0.0,0.0,0.0,0.0,زرد,النگو,2.0,,Img20251112-666.jpg
1749,کار ساخته بازار,GD01009038 - 613,6.77,750.0,5.3,7.0,0.0,0.0,0.0,0.0,سفید,النگو,1.0,,Img20251112-461.jpg
1750,کار ساخته بازار,GD01009033 - 761,5.31,750.0,5.5,7.0,0.0,0.0,0.0,0.0,سفید,النگو,3.0,,Img20251112-650.jpg
1751,کار ساخته بازار,GD01009032 - 761,5.31,750.0,5.5,7.0,0.0,0.0,0.0,0.0,سفید,النگو,2.0,,Img20251112-419.jpg
1752,کار ساخته بازار,GD01009031 - 761,5.08,750.0,5.5,7.0,0.0,0.0,0.0,0.0,سفید,النگو,2.0,,Img20251112-610.jpg
1753,کار ساخته بازار,GD01009030 - 761,5.3,750.0,5.5,7.0,0.0,0.0,0.0,0.0,زرد,النگو,3.0,,Img20251112-191.jpg
1754,کار ساخته بازار,GD01009024 - 630,5.23,750.0,6.5,7.5,0.0,0.0,0.0,0.0,زرد,النگو,3.0,,Img20251112-885.jpg
1755,کار ساخته بازار,GD01009023 - 630,5.17,750.0,6.5,7.5,0.0,0.0,0.0,0.0,زرد,النگو,3.0,,Img20251112-13.jpg
1756,کار ساخته بازار,GD01008962 - 3120,12.4,750.0,5.0,7.0,0.0,0.0,0.0,0.0,زرد,تک پوش,2.0,,Img20251112-627.jpg
1757,کار ساخته بازار,GD01008961 - 3120,12.11,750.0,5.0,7.0,0.0,0.0,0.0,0.0,زرد,تک پوش,1.0,,Img20251112-367.jpg
1758,کار ساخته بازار,GD01008960 - 3120,13.28,750.0,5.0,7.0,0.0,0.0,0.0,0.0,زرد,تک پوش,3.0,,Img20260705-860.jpg
1759,کار ساخته بازار,GD01008957,2.48,750.0,0.0,0.0,0.0,0.0,0.0,0.0,,دستبند,,,Img20260706-983.jpg
1760,کار ساخته بازار,GD01008955 - فیروزه,1.45,750.0,5.0,10.0,0.0,0.0,0.0,0.0,زرد,انگشتر,,,Img20260705-117.jpg
1761,کار ساخته بازار,GD01008949 - بلوچی,12.54,750.0,4.0,7.0,0.0,0.0,0.0,0.0,زرد,گردنبند,,,Img20260706-312.jpg
1762,کار ساخته بازار,GD01008929 - تراش,4.03,750.0,4.0,7.0,0.0,0.0,0.0,0.0,زرد,گوشواره,,,Img20260705-391.jpg
1763,کار ساخته بازار,GD01008911 - کارتیه,3.59,750.0,0.0,7.0,0.0,0.0,0.0,0.0,زرد,گردنبند,,,Img20251110-461.jpg
1764,کار ساخته بازار,GD01008908 - الی,1.53,750.0,4.5,7.0,0.0,0.0,0.0,0.0,سفید,گوشواره,,,Img20251110-344.jpg
1765,کار ساخته بازار,GD01008907 - الی,3.91,750.0,4.5,7.0,0.0,0.0,0.0,0.0,سفید,دستبند,,,Img20251110-257.jpg
1766,کار ساخته بازار,GD01008906 - الی,8.66,750.0,4.5,7.0,0.0,0.0,0.0,0.0,سفید,گردنبند,,,Img20251110-559.jpg
1767,کار ساخته بازار,GD01008905 - تات,7.66,750.0,3.0,7.0,0.0,0.0,0.0,0.0,سفید,تک پوش,2.0,,Img20251110-522.jpg
1768,کار ساخته بازار,GD01008899 - پهن,10.61,750.0,2.0,7.0,0.0,0.0,0.0,0.0,زرد,تک پوش,1.0,,Img20260704-729.jpg
1769,کار ساخته بازار,GD01008857 - ونیز,0.98,750.0,0.0,7.0,0.0,0.0,0.0,0.0,زرد,زنجیر,,,Img20251106-696.jpg
1770,کار ساخته بازار,GD01008832 - 311,3.93,750.0,6.5,8.0,0.0,0.0,0.0,0.0,زرد,النگو,2.0,,Img20251106-394.jpg
1771,کار ساخته بازار,GD01008831 - ARIAN,6.56,750.0,5.0,7.0,0.0,0.0,0.0,0.0,زرد,النگو,2.0,,Img20251106-941.jpg
1772,کار ساخته بازار,GD01008830 - 3070,4.5,750.0,5.5,7.0,0.0,0.0,0.0,0.0,دو رنگ,النگو,0.5,,Img20251106-295.jpg
1773,کار ساخته بازار,GD01008829 - 3070,4.05,750.0,5.5,7.0,0.0,0.0,0.0,0.0,دو رنگ,النگو,0.5,,Img20251106-457.jpg
1774,کار ساخته بازار,GD01008828 - 2040,4.05,750.0,6.0,7.0,0.0,0.0,0.0,0.0,زرد,النگو,2.0,,Img20251106-974.jpg
1775,کار ساخته بازار,GD01008827 - 2040,3.83,750.0,6.0,7.0,0.0,0.0,0.0,0.0,زرد,النگو,2.0,,Img20251106-433.jpg
1776,کار ساخته بازار,GD01008825 - 2040,3.52,750.0,6.0,7.0,0.0,0.0,0.0,0.0,زرد,النگو,2.0,,Img20251106-148.jpg
1777,کار ساخته بازار,GD01008824 - 2040,3.57,750.0,6.0,7.0,0.0,0.0,0.0,0.0,زرد,النگو,2.0,,Img20251106-975.jpg
1778,کار ساخته بازار,GD01008822 - 2040,3.87,750.0,6.0,7.0,0.0,0.0,0.0,0.0,زرد,النگو,3.0,,Img20251106-65.jpg
1779,کار ساخته بازار,GD01008819 - 2040,3.88,750.0,6.0,7.0,0.0,0.0,0.0,0.0,زرد,النگو,3.0,,Img20251106-280.jpg
1780,کار ساخته بازار,GD01008818 - 2040,3.44,750.0,6.0,7.0,0.0,0.0,0.0,0.0,زرد,النگو,1.0,,Img20251105-896.jpg
1781,کار ساخته بازار,GD01008808 - 848,5.11,750.0,2.5,7.0,0.0,0.0,0.0,0.0,زرد,النگو,3.0,,Img20251105-379.jpg
1782,کار ساخته بازار,GD01008796 - 720,5.03,750.0,5.4,7.0,0.0,0.0,0.0,0.0,زرد,النگو,3.0,,Img20251105-767.jpg
1783,کار ساخته بازار,GD01008795 - 720,5.23,750.0,5.4,7.0,0.0,0.0,0.0,0.0,زرد,النگو,3.0,,Img20251105-186.jpg
1784,کار ساخته بازار,GD01008794 - 720,5.22,750.0,5.4,7.0,0.0,0.0,0.0,0.0,زرد,النگو,3.0,,Img20251105-407.jpg
1785,کار ساخته بازار,GD01008793 - 311,3.67,750.0,4.5,7.0,0.0,0.0,0.0,0.0,زرد,النگو,2.0,,Img20251105-497.jpg
1786,کار ساخته بازار,GD01008792 - 311,3.56,750.0,4.5,7.0,0.0,0.0,0.0,0.0,زرد,النگو,2.0,,Img20251105-443.jpg
1787,کار ساخته بازار,GD01008791 - 311,3.76,750.0,4.5,7.0,0.0,0.0,0.0,0.0,زرد,النگو,2.0,,Img20251105-298.jpg
1788,کار ساخته بازار,GD01008790 - 311,3.68,750.0,4.5,7.0,0.0,0.0,0.0,0.0,زرد,النگو,2.0,,Img20251105-144.jpg
1789,کار ساخته بازار,GD01008788 - 311,3.13,750.0,8.5,9.0,0.0,0.0,0.0,0.0,سفید,النگو,0.4,,Img20251105-284.jpg
1790,کار ساخته بازار,GD01008786 - 311,3.15,750.0,8.5,9.0,0.0,0.0,0.0,0.0,سفید,النگو,0.4,,Img20251105-1625.jpg
1791,کار ساخته بازار,GD01008783,1.69,750.0,15.5,17.0,0.0,0.0,0.0,0.0,سفید,گوشواره,,,Img20251105-344.jpg
1792,کار ساخته بازار,GD01008781 - گوی,1.85,750.0,10.5,12.0,0.0,0.0,0.0,0.0,زرد,گوشواره,,,Img20251105-809.jpg
1793,کار ساخته بازار,GD01008773 - 1528,2.88,750.0,4.0,7.0,0.0,0.0,0.0,0.0,زرد,النگو,3.0,,Img20251105-281.jpg
1794,کار ساخته بازار,GD01008772 - 1528,2.89,750.0,4.0,7.0,0.0,0.0,0.0,0.0,زرد,النگو,3.0,,Img20251105-427.jpg
1795,کار ساخته بازار,GD01008770 - 1528,2.84,750.0,4.0,7.0,0.0,0.0,0.0,0.0,زرد,النگو,3.0,,Img20251105-463.jpg
1796,کار ساخته بازار,GD01008769 - 1528,2.84,750.0,4.0,7.0,0.0,0.0,0.0,0.0,زرد,النگو,3.0,,Img20251105-279.jpg
1797,کار ساخته بازار,GD01008768 - 1528,2.92,750.0,4.0,7.0,0.0,0.0,0.0,0.0,زرد,النگو,3.0,,Img20251105-294.jpg
1798,کار ساخته بازار,GD01008767 - 1528,2.71,750.0,4.0,7.0,0.0,0.0,0.0,0.0,زرد,النگو,2.0,,Img20260704-969.jpg
1799,کار ساخته بازار,GD01008710 - سوئیسی,0.37,750.0,14.0,16.0,0.0,0.0,0.0,0.0,زرد,زنجیر,,,Img20260704-524.jpg
1800,کار ساخته بازار,GD01008709 - سوئیسی,0.36,750.0,14.0,16.0,0.0,0.0,0.0,0.0,زرد,زنجیر,,,Img20260704-489.jpg
1801,کار ساخته بازار,GD01008707 - سوئیسی,0.35,750.0,14.0,16.0,0.0,0.0,0.0,0.0,زرد,زنجیر,,,Img20260704-413.jpg
1802,کار ساخته بازار,GD01008705 - سوئیسی,0.52,750.0,14.0,16.0,0.0,0.0,0.0,0.0,زرد,زنجیر,,,Img20260704-122.jpg
1803,کار ساخته بازار,GD01008704 - سوئیسی,0.52,750.0,14.0,16.0,0.0,0.0,0.0,0.0,زرد,زنجیر,,,Img20260704-935.jpg
1804,کار ساخته بازار,GD01008702 - سوئیسی,0.52,750.0,14.0,16.0,0.0,0.0,0.0,0.0,زرد,زنجیر,,,Img20260704-773.jpg
1805,کار ساخته بازار,GD01008700 - سوئیسی,0.57,750.0,14.0,16.0,0.0,0.0,0.0,0.0,زرد,زنجیر,,,Img20260704-838.jpg
1806,کار ساخته بازار,GD01008699 - سوئیسی,0.52,750.0,14.0,16.0,0.0,0.0,0.0,0.0,زرد,زنجیر,,,Img20260704-894.jpg
1807,کار ساخته بازار,GD01008698 - سوئیسی,0.57,750.0,14.0,16.0,0.0,0.0,0.0,0.0,زرد,زنجیر,,,Img20260704-195.jpg
1808,کار ساخته بازار,GD01008697 - سوئیسی,0.52,750.0,14.0,16.0,0.0,0.0,0.0,0.0,زرد,زنجیر,,,Img20251105-400.jpg
1809,کار ساخته بازار,GD01008694 - flower,4.72,750.0,5.0,7.0,0.0,0.0,0.0,0.0,زرد,انگشتر,,,Img20260705-608.jpg
1810,کار ساخته بازار,GD01008586 - لیزری,0.54,750.0,7.5,10.0,0.0,0.0,0.0,0.0,زرد,مدال,,,Img20260708-682.jpg
1811,کار ساخته بازار,GD01008579 - گوی,0.94,750.0,5.5,9.0,0.0,0.0,0.0,0.0,زرد,گوشواره,,,Img20260706-553.jpg
1812,کار ساخته بازار,GD01008578 - گوی,0.73,750.0,5.5,9.0,0.0,0.0,0.0,0.0,زرد,گوشواره,,,Img20260705-125.jpg
1813,کار ساخته بازار,GD01008570 - گوی,1.17,750.0,5.5,9.0,0.0,0.0,0.0,0.0,زرد,انگشتر,,,Img20260705-601.jpg
1814,کار ساخته بازار,GD01008569 - گوی,1.24,750.0,5.5,9.0,0.0,0.0,0.0,0.0,زرد,انگشتر,,,Img20260707-25.jpg
1815,کار ساخته بازار,GD01008568 - گوی,1.19,750.0,5.5,9.0,0.0,0.0,0.0,0.0,زرد,انگشتر,,,Img20260705-921.jpg
1816,کار ساخته بازار,GD01008566 - البرنادو,1.71,750.0,6.5,10.0,0.0,0.0,0.0,0.0,دو رنگ,دستبند,,,Img20251028-208.jpg
1817,کار ساخته بازار,GD01008552 - 600,3.03,750.0,2.0,7.0,0.0,0.0,0.0,0.0,زرد,النگو,3.0,,Img20251028-907.jpg
1818,کار ساخته بازار,GD01008536 - 603,3.27,750.0,2.0,7.0,0.0,0.0,0.0,0.0,زرد,النگو,3.0,,Img20251028-414.jpg
1819,کار ساخته بازار,GD01008513 - 600,3.33,750.0,2.5,7.0,0.0,0.0,0.0,0.0,سفید,النگو,3.0,,Img20251028-738.jpg
1820,کار ساخته بازار,GD01008511 - 600,3.32,750.0,2.5,7.0,0.0,0.0,0.0,0.0,سفید,النگو,3.0,,Img20251028-165.jpg
1821,کار ساخته بازار,GD01008508 - 600,3.51,750.0,2.5,7.0,0.0,0.0,0.0,0.0,سفید,النگو,3.0,,Img20251027-275.jpg
1822,کار ساخته بازار,GD01008480 - 603,3.52,750.0,2.5,7.0,0.0,0.0,0.0,0.0,سفید,النگو,2.0,,Img20251027-193.jpg
1823,کار ساخته بازار,GD01008434 - تراش,2.46,750.0,10.0,11.0,0.0,0.0,0.0,0.0,زرد,گوشواره,,,Img20251027-241.jpg
1824,کار ساخته بازار,GD01008433 - تراش,2.46,750.0,10.0,11.0,0.0,0.0,0.0,0.0,زرد,مدال,,,Img20251022-794.jpg
1825,کار ساخته بازار,GD01008385 - پروانه,3.42,750.0,10.0,12.0,0.0,0.0,0.0,0.0,دو رنگ,انگشتر,,,Img20251022-72.jpg
1826,کار ساخته بازار,GD01008381 - کارتیه,3.96,750.0,7.5,9.0,0.0,0.0,0.0,0.0,زرد,النگو,2.0,,Img20251022-690.jpg
1827,کار ساخته بازار,GD01008373 - گوی,0.7,750.0,7.0,9.0,0.0,0.0,0.0,0.0,زرد,گوشواره,,,Img20251022-547.jpg
1828,کار ساخته بازار,GD01008371 - تراش,3.45,750.0,11.0,12.0,0.0,0.0,0.0,0.0,زرد,انگشتر,,,Img20251022-132.jpg
1829,کار ساخته بازار,GD01008369 - فروهر,0.86,750.0,6.5,9.0,0.0,0.0,0.0,0.0,زرد,مدال,,,Img20251022-3.jpg
1830,کار ساخته بازار,GD01008365 - 620,4.73,750.0,5.4,7.0,0.0,0.0,0.0,0.0,زرد,النگو,2.0,,Img20251022-548.jpg
1831,کار ساخته بازار,GD01008363 - 620,4.81,750.0,5.4,7.0,0.0,0.0,0.0,0.0,زرد,النگو,2.0,,Img20251022-845.jpg
1832,کار ساخته بازار,GD01008359 - برگی,1.74,750.0,9.0,10.0,0.0,0.0,0.0,0.0,زرد,گوشواره,,,Img20251022-272.jpg
1833,کار ساخته بازار,GD01008355,2.7,750.0,10.5,12.0,0.0,0.0,0.0,0.0,زرد,مدال,,,Img20251022-302.jpg
1834,کار ساخته بازار,GD01008352,4.22,750.0,10.5,12.0,0.0,0.0,0.0,0.0,زرد,گوشواره,,,Img20251022-472.jpg
1835,کار ساخته بازار,GD01008350 - نیلی,1.78,750.0,5.0,7.0,0.0,0.0,0.0,0.0,زرد,گوشواره,,,Img20251022-253.jpg
1836,کار ساخته بازار,GD01008348 - نیلی,4.89,750.0,5.0,7.0,0.0,0.0,0.0,0.0,زرد,گردنبند,,,Img20251022-473.jpg
1837,کار ساخته بازار,GD01008347 - رینگی,2.0,750.0,8.5,8.5,0.0,0.0,0.0,0.0,زرد,انگشتر,,,Img20251022-687.jpg
1838,کار ساخته بازار,GD01008339 - گوی,0.71,750.0,8.5,10.0,0.0,0.0,0.0,0.0,زرد,گوشواره,,,Img20251022-754.jpg
1839,کار ساخته بازار,GD01008336 - کریستال,7.73,750.0,5.5,7.0,0.0,0.0,0.0,0.0,زرد,النگو,4.0,,Img20251022-16.jpg
1840,کار ساخته بازار,GD01008335 - کریستال,6.77,750.0,5.5,7.0,0.0,0.0,0.0,0.0,زرد,النگو,4.0,,Img20251022-857.jpg
1841,کار ساخته بازار,GD01008321 - آیسان,9.75,750.0,6.0,7.0,0.0,0.0,0.0,0.0,زرد,تک پوش,3.0,,Img20251022-876.jpg
1842,کار ساخته بازار,GD01008318 - آوا,1.78,750.0,8.5,10.0,0.0,0.0,0.0,0.0,زرد,انگشتر,,,Img20251022-959.jpg
1843,کار ساخته بازار,GD01008317 - آوا,3.59,750.0,8.5,10.0,0.0,0.0,0.0,0.0,زرد,گوشواره,,,Img20260708-456.jpg
1844,کار ساخته بازار,GD01008316 - حلقه ای,1.86,750.0,10.5,12.0,0.0,0.0,0.0,0.0,زرد,گوشواره,,,Img20251022-901.jpg
1845,کار ساخته بازار,GD01008315 - تیفانی,2.14,750.0,13.5,15.0,0.0,0.0,0.0,0.0,زرد,انگشتر,,,Img20251022-535.jpg
1846,کار ساخته بازار,GD01008314 - آوا,2.46,750.0,8.5,10.0,0.0,0.0,0.0,0.0,زرد,مدال,,,Img20251019-863.jpg
1847,کار ساخته بازار,GD01008261 - تراش,2.5,750.0,8.5,10.0,0.0,0.0,0.0,0.0,زرد,انگشتر,,,Img20251019-943.jpg
1848,کار ساخته بازار,GD01008258 - برگ,3.08,750.0,10.5,12.0,0.0,0.0,0.0,0.0,زرد,گوشواره,,,Img20251019-714.jpg
1849,کار ساخته بازار,GD01008257 - طرح کارتیه,3.23,750.0,10.5,12.0,0.0,0.0,0.0,0.0,زرد,گوشواره,,,Img20260705-157.jpg
1850,کار ساخته بازار,GD01008233 - نورک,10.22,750.0,0.0,0.0,0.0,0.0,0.0,0.0,زرد,تک پوش,2.0,,Img20260705-990.jpg
1851,کار ساخته بازار,GD01008230 - سارینا,2.74,750.0,6.5,8.0,0.0,0.0,0.0,0.0,رزگلد,دستبند,,,Img20251018-459.jpg
1852,کار ساخته بازار,GD01008228 - هما پهن,11.15,750.0,8.8,10.0,0.0,0.0,0.0,0.0,زرد,النگو,3.0,,Img20251018-922.jpg
1853,کار ساخته بازار,GD01008225 - هما پهن,12.69,750.0,8.8,10.0,0.0,0.0,0.0,0.0,زرد,النگو,3.0,,Img20251015-106.jpg
1854,کار ساخته بازار,GD01008221 - 119,5.99,750.0,9.0,10.0,0.0,0.0,0.0,0.0,زرد,النگو,2.0,,Img20251015-546.jpg
1855,کار ساخته بازار,GD01008220 - 119,4.91,750.0,9.0,10.0,0.0,0.0,0.0,0.0,زرد,النگو,2.0,,Img20251015-180.jpg
1856,کار ساخته بازار,GD01008219 - 119,5.42,750.0,9.0,10.0,0.0,0.0,0.0,0.0,زرد,النگو,2.0,,Img20251015-156.jpg
1857,کار ساخته بازار,GD01008218 - 119,5.5,750.0,9.0,10.0,0.0,0.0,0.0,0.0,زرد,النگو,2.0,,Img20251015-960.jpg
1858,کار ساخته بازار,GD01008217 - 119,5.5,750.0,9.0,10.0,0.0,0.0,0.0,0.0,زرد,النگو,2.0,,Img20251015-312.jpg
1859,کار ساخته بازار,GD01008216 - 119,5.97,750.0,9.0,10.0,0.0,0.0,0.0,0.0,زرد,النگو,2.0,,Img20251015-716.jpg
1860,کار ساخته بازار,GD01008215 - نجفی گلد,12.71,750.0,10.0,11.0,0.0,0.0,0.0,0.0,زرد,تک پوش,1.0,,Img20251015-570.jpg
1861,کار ساخته بازار,GD01008203 - 1232,2.88,750.0,4.0,7.0,0.0,0.0,0.0,0.0,سفید,النگو,2.0,,Img20251015-137.jpg
1862,کار ساخته بازار,GD01008201 - 1232,3.19,750.0,4.0,7.0,0.0,0.0,0.0,0.0,سفید,النگو,2.0,,Img20251015-731.jpg
1863,کار ساخته بازار,GD01008199 - اطلس,3.17,750.0,10.0,12.0,0.0,0.0,0.0,0.0,دو رنگ,انگشتر,,,Img20251015-451.jpg
1864,کار ساخته بازار,GD01008198 - اطلس,4.09,750.0,10.0,12.0,0.0,0.0,0.0,0.0,دو رنگ,انگشتر,,,Img20260518-85.jpg
1865,کار ساخته بازار,GD01008194 - یاقوت,5.35,750.0,0.0,7.0,0.0,0.0,0.0,0.0,زرد,گوشواره,,,Img20251011-610.jpg
1866,کار ساخته بازار,GD01008156 - تراش,9.01,750.0,4.0,6.5,0.0,0.0,0.0,0.0,زرد,تک پوش,1.0,,Img20251011-756.jpg
1867,کار ساخته بازار,GD01008130 - عربی,7.45,750.0,4.0,7.0,0.0,0.0,0.0,0.0,زرد,گوشواره,,,Img20251011-836.jpg
1868,کار ساخته بازار,GD01008129 - عربی,7.13,750.0,4.0,7.0,0.0,0.0,0.0,0.0,زرد,گوشواره,,,Img20251011-66.jpg
1869,کار ساخته بازار,GD01008128 - تیفانی,1.99,750.0,14.0,15.0,0.0,0.0,0.0,0.0,زرد,دستبند,,,Img20250904-258.jpg
1870,کار ساخته بازار,GD01007077 - 329,2.94,750.0,6.5,8.0,0.0,0.0,0.0,0.0,زرد,النگو,0.2,,Img20251008-615.jpg
1871,کار ساخته بازار,GD01008097 - سوزنی,11.55,750.0,4.0,7.0,0.0,0.0,0.0,0.0,زرد,تک پوش,3.0,,Img20251008-469.jpg
1872,کار ساخته بازار,GD01008095 - سوزنی,11.9,750.0,4.0,7.0,0.0,0.0,0.0,0.0,زرد,تک پوش,1.0,,Img20251008-941.jpg
1873,کار ساخته بازار,GD01008072,4.75,750.0,7.0,8.0,0.0,0.0,0.0,0.0,سفید,النگو,1.0,,Img20251008-33.jpg
1874,کار ساخته بازار,GD01008071 - کارتیه حصیری,3.67,750.0,5.5,7.0,0.0,0.0,0.0,0.0,زرد,گوشواره,,,Img20251008-624.jpg
1875,کار ساخته بازار,GD01008070 - کارتیه حصیری,3.88,750.0,5.5,7.0,0.0,0.0,0.0,0.0,زرد,گوشواره,,,Img20251008-454.jpg
1876,کار ساخته بازار,GD01008068 - کارتیر حصیری,11.75,750.0,5.5,7.0,0.0,0.0,0.0,0.0,زرد,دستبند,,,Img20251008-919.jpg
1877,کار ساخته بازار,GD01008066 - کارتیر حصیری,20.35,750.0,5.5,7.0,0.0,0.0,0.0,0.0,زرد,گردنبند,,,Img20251008-276.jpg
1878,کار ساخته بازار,GD01008060 - یکتا 630,4.52,750.0,7.4,8.5,0.0,0.0,0.0,0.0,سفید,النگو,1.0,,Img20251008-550.jpg
1879,کار ساخته بازار,GD01008059 - یکتا 630,4.5,750.0,7.4,8.5,0.0,0.0,0.0,0.0,سفید,النگو,1.0,,Img20251008-753.jpg
1880,کار ساخته بازار,GD01008057,21.15,750.0,7.4,8.0,0.0,0.0,0.0,0.0,زرد,تک پوش,2.0,,Img20251008-687.jpg
1881,کار ساخته بازار,GD01008051,1.29,750.0,12.0,13.0,0.0,0.0,0.0,0.0,زرد,دستبند,,,Img20251008-717.jpg
1882,کار ساخته بازار,GD01008046 - 219,6.24,750.0,7.5,8.5,0.0,0.0,0.0,0.0,زرد,النگو,3.0,,Img20251008-358.jpg
1883,کار ساخته بازار,GD01008043,0.88,750.0,7.7,9.0,0.0,0.0,0.0,0.0,زرد,گوشواره,,,Img20251008-691.jpg
1884,کار ساخته بازار,GD01008042 - یوسف 613,6.51,750.0,5.3,7.0,0.0,0.0,0.0,0.0,سفید,النگو,1.0,,Img20251008-15.jpg
1885,کار ساخته بازار,GD01008040 - ٍفلاور 761,5.43,750.0,5.5,7.0,0.0,0.0,0.0,0.0,سفید,النگو,1.0,,Img20251008-702.jpg
1886,کار ساخته بازار,GD01008039 - فلاور 761,4.2,750.0,5.5,7.0,0.0,0.0,0.0,0.0,سفید,النگو,1.0,,Img20251008-665.jpg
1887,کار ساخته بازار,GD01008037 - یکتا,4.72,750.0,6.5,8.0,0.0,0.0,0.0,0.0,سفید,النگو,1.0,,Img20251008-466.jpg
1888,کار ساخته بازار,GD01008036 - النگو یکتا,4.57,750.0,6.5,8.0,0.0,0.0,0.0,0.0,سفید,النگو,1.0,,Img20251008-104.jpg
1889,کار ساخته بازار,GD01008031,13.87,750.0,8.5,10.0,0.0,0.0,0.0,0.0,زرد,دستبند,,,Img20251008-251.jpg
1890,کار ساخته بازار,GD01008013,2.56,750.0,9.5,11.0,0.0,0.0,0.0,0.0,زرد,انگشتر,,,Img20251008-922.jpg
1891,کار ساخته بازار,GD01008011,6.73,750.0,8.5,10.0,0.0,0.0,0.0,0.0,زرد,دستبند,,,Img20260706-48.jpg
1892,کارساخته بازار,PD01007927,3.54,800.0,0.0,0.0,0.0,0.0,0.0,0.0,سفید,انگشتر,,,Img20251006-995.jpg
1893,کار ساخته بازار,GD01007926 - تراش,1.69,750.0,3.9,7.0,0.0,0.0,0.0,0.0,دو رنگ,گوشواره,,,Img20251006-740.jpg
1894,کار ساخته بازار,GD01007924 - تراش,5.58,750.0,3.9,7.0,0.0,0.0,0.0,0.0,دو رنگ,گردنبند,,,Img20251006-855.jpg
1895,کار ساخته بازار,GD01007921 - عقیق ترکیبی,3.72,750.0,15.0,17.0,0.0,0.0,0.0,0.0,زرد,انگشتر,,,Img20251004-811.jpg
1896,کار ساخته بازار,GD01007854 - البرنادو,0.67,750.0,7.5,10.0,0.0,0.0,0.0,0.0,زرد,گوشواره,,,Img20251004-816.jpg
1897,کار ساخته بازار,GD01007846 - تافته,2.52,750.0,4.5,7.0,0.0,0.0,0.0,0.0,زرد,گوشواره,,,Img20251002-780.jpg
1898,کار ساخته بازار,GD01007823 - مارپیچ,8.32,750.0,8.0,10.0,0.0,0.0,0.0,0.0,زرد,النگو,2.0,,Img20251001-997.jpg
1899,کار ساخته بازار,GD01007791 - تراش,13.57,750.0,6.0,8.0,0.0,0.0,0.0,0.0,زرد,تک پوش,2.0,,Img20251001-358.jpg
1900,کار ساخته بازار,GD01007790 - تراش,3.31,750.0,4.5,7.0,0.0,0.0,0.0,0.0,زرد,النگو,2.0,,Img20251001-432.jpg
1901,کار ساخته بازار,GD01007789 - پیچ,6.37,750.0,8.6,10.0,0.0,0.0,0.0,0.0,زرد,النگو,1.0,,Img20251001-661.jpg
1902,کار ساخته بازار,GD01007788 - پیچ,6.65,750.0,8.6,10.0,0.0,0.0,0.0,0.0,زرد,النگو,1.0,,Img20251001-171.jpg
1903,کار ساخته بازار,GD01007786 - پیچ,6.74,750.0,8.6,10.0,0.0,0.0,0.0,0.0,زرد,النگو,1.0,,Img20251001-218.jpg
1904,کار ساخته بازار,GD01007785 - پیچ,5.98,750.0,8.6,10.0,0.0,0.0,0.0,0.0,زرد,النگو,1.0,,Img20251001-170.jpg
1905,کار ساخته بازار,GD01007725,7.47,750.0,8.0,10.0,0.0,0.0,0.0,0.0,دو رنگ,النگو,2.0,,Img20250930-672.jpg
1906,کار ساخته بازار,GD01007711 - هرمس,0.76,750.0,13.5,16.0,0.0,0.0,0.0,0.0,زرد,زنجیر,,,Img20250930-138.jpg
1907,کار ساخته بازار,GD01007709 - هرمس,0.75,750.0,13.5,16.0,0.0,0.0,0.0,0.0,زرد,زنجیر,,,Img20250924-282.jpg
1908,کار ساخته بازار,GD01007668 - فالکون,2.85,750.0,17.0,18.0,0.0,0.0,0.0,0.0,دو رنگ,انگشتر,,,Img20250924-890.jpg
1909,کار ساخته بازار,GD01007646 - تراش,2.47,750.0,8.2,10.0,0.0,0.0,0.0,0.0,زرد,انگشتر,,,Img20250924-384.jpg
1910,کار ساخته بازار,GD01007645 - آرین,7.77,750.0,5.5,7.0,0.0,0.0,0.0,0.0,زرد,النگو,4.0,,Img20250924-93.jpg
1911,کار ساخته بازار,GD01007644 - پروفیل,3.4,750.0,6.8,8.0,0.0,0.0,0.0,0.0,دو رنگ,النگو,1.0,,Img20250924-148.jpg
1912,کار ساخته بازار,GD01007643 - پروفیل,3.53,750.0,6.8,8.0,0.0,0.0,0.0,0.0,دو رنگ,النگو,1.0,,Img20250924-195.jpg
1913,کار ساخته بازار,GD01007641 - پروفیل,3.46,750.0,6.8,8.0,0.0,0.0,0.0,0.0,دو رنگ,النگو,1.0,,Img20250924-258.jpg
1914,کار ساخته بازار,GD01007638 - 761,4.88,750.0,5.5,7.0,0.0,0.0,0.0,0.0,زرد,النگو,2.0,,Img20250924-667.jpg
1915,کار ساخته بازار,GD01007636 - 3080,5.64,750.0,5.5,7.0,0.0,0.0,0.0,0.0,زرد,النگو,3.0,,Img20250924-76.jpg
1916,کار ساخته بازار,GD01007632 - پی کی,5.19,750.0,9.0,10.0,0.0,0.0,0.0,0.0,زرد,النگو,1.0,,Img20250924-419.jpg
1917,کار ساخته بازار,GD01007628,6.23,750.0,6.0,7.0,0.0,0.0,0.0,0.0,زرد,النگو,3.0,,Img20250924-886.jpg
1918,کار ساخته بازار,GD01007627,6.25,750.0,6.0,7.0,0.0,0.0,0.0,0.0,زرد,النگو,3.0,,Img20250924-535.jpg
1919,کار ساخته بازار,GD01007625,6.25,750.0,6.0,7.0,0.0,0.0,0.0,0.0,زرد,النگو,3.0,,Img20250924-393.jpg
1920,کار ساخته بازار,GD01007604 - تراش,2.54,750.0,13.5,14.5,0.0,0.0,0.0,0.0,رزگلد,انگشتر,,,Img20250924-412.jpg
1921,کار ساخته بازار,GD01007584 - گوی,0.71,750.0,7.5,9.0,0.0,0.0,0.0,0.0,زرد,گوشواره,,,Img20250924-740.jpg
1922,کار ساخته بازار,GD01007560,4.77,750.0,9.5,11.0,0.0,0.0,0.0,0.0,زرد,گوشواره,,,Img20250924-556.jpg
1923,کار ساخته بازار,GD01007557,1.16,750.0,9.5,11.0,0.0,0.0,0.0,0.0,زرد,گوشواره,,,Img20250924-599.jpg
1924,کار ساخته بازار,GD01007554,2.81,750.0,6.5,8.0,0.0,0.0,0.0,0.0,زرد,گوشواره,,,Img20250924-68.jpg
1925,کار ساخته بازار,GD01007550 - 8057,4.91,750.0,2.5,7.0,0.0,0.0,0.0,0.0,زرد,النگو,3.0,,Img20250922-436.jpg
1926,کار ساخته بازار,GD01007505 - توخالی,4.61,750.0,6.8,9.0,0.0,0.0,0.0,0.0,زرد,زنجیر,,,Img20250922-836.jpg
1927,کار ساخته بازار,GD01007504 - دیسکو,2.07,750.0,6.5,8.0,0.0,0.0,0.0,0.0,زرد,زنجیر,,,Img20250922-118.jpg
1928,کار ساخته بازار,GD01007502 - دیسکو,2.1,750.0,6.5,8.0,0.0,0.0,0.0,0.0,زرد,زنجیر,,,Img20250922-702.jpg
1929,کار ساخته بازار,GD01007500 - تراش,3.01,750.0,5.4,7.0,0.0,0.0,0.0,0.0,دو رنگ,گوشواره,,,Img20250922-478.jpg
1930,کار ساخته بازار,GD01007496 - تراش,4.77,750.0,5.4,7.0,0.0,0.0,0.0,0.0,دو رنگ,گوشواره,,,Img20250922-797.jpg
1931,کار ساخته بازار,GD01007494 - صدف,1.06,750.0,7.8,9.0,0.0,0.0,0.0,0.0,دو رنگ,گوشواره,,,Img20250922-460.jpg
1932,کار ساخته بازار,GD01007483 - صدف,1.15,750.0,7.8,9.0,0.0,0.0,0.0,0.0,دو رنگ,گوشواره,,,Img20260706-116.jpg
1933,کار ساخته بازار,GD01007461 - لوکس,1.74,750.0,0.0,7.0,0.0,0.0,0.0,0.0,زرد,انگشتر,,,Img20250922-56.jpg
1934,کار ساخته بازار,GD01007439 - T,1.0,750.0,9.5,11.0,0.0,0.0,0.0,0.0,زرد,مدال,,,Img20250917-44.jpg
1935,کار ساخته بازار,GD01007415 - زر ناز,4.57,750.0,10.0,11.0,0.0,0.0,0.0,0.0,زرد,النگو,1.0,,Img20250917-998.jpg
1936,کار ساخته بازار,GD01007414 - زر ناز,4.51,750.0,10.0,11.0,0.0,0.0,0.0,0.0,زرد,النگو,1.0,,Img20250917-811.jpg
1937,کار ساخته بازار,GD01007413 - زر ناز,6.46,750.0,8.5,9.5,0.0,0.0,0.0,0.0,زرد,النگو,3.0,,Img20250917-228.jpg
1938,کار ساخته بازار,GD01007411 - 311,2.37,750.0,6.5,8.0,0.0,0.0,0.0,0.0,سفید,النگو,0.1,,Img20250917-686.jpg
1939,کار ساخته بازار,GD01007406 - 329,3.07,750.0,6.5,8.0,0.0,0.0,0.0,0.0,زرد,النگو,0.3,,Img20250917-737.jpg
1940,کار ساخته بازار,GD01007405 - 329,3.13,750.0,6.5,8.0,0.0,0.0,0.0,0.0,زرد,النگو,0.3,,Img20250917-196.jpg
1941,کار ساخته بازار,GD01007403 - 329,3.18,750.0,6.5,8.0,0.0,0.0,0.0,0.0,زرد,النگو,2.0,,Img20250917-564.jpg
1942,کار ساخته بازار,GD01007386 - ارلی,6.16,750.0,6.5,10.0,0.0,0.0,0.0,0.0,رزگلد,دستبند,1.0,,Img20250917-115.jpg
1943,کار ساخته بازار,GD01007365 - یزد زر,2.84,750.0,5.0,7.0,0.0,0.0,0.0,0.0,زرد,النگو,3.0,,Img20260518-842.jpg
1944,کار ساخته بازار,GD01007363 - یزد زر,3.08,750.0,5.0,7.0,0.0,0.0,0.0,0.0,زرد,النگو,2.0,,Img20250917-719.jpg
1945,کار ساخته بازار,GD01007361 - یزد زر,2.75,750.0,5.0,7.0,0.0,0.0,0.0,0.0,زرد,النگو,2.0,,Img20250917-195.jpg
1946,کار ساخته بازار,GD01007358 - یزد زر,2.88,750.0,5.0,7.0,0.0,0.0,0.0,0.0,زرد,النگو,2.0,,Img20250917-460.jpg
1947,کار ساخته بازار,GD01007355 - یزد زر,3.6,750.0,5.0,7.0,0.0,0.0,0.0,0.0,زرد,النگو,,,Img20260705-67.jpg
1948,کار ساخته بازار,GD01007316 - هرمس,0.52,750.0,16.5,18.0,0.0,0.0,0.0,0.0,زرد,دستبند,,,Img20250913-533.jpg
1949,کار ساخته بازار,GD01007310 - E,0.97,750.0,9.5,11.0,0.0,0.0,0.0,0.0,زرد,مدال,,,Img20250913-774.jpg
1950,کار ساخته بازار,GD01007303 - 329,3.33,750.0,6.5,7.5,0.0,0.0,0.0,0.0,سفید,النگو,0.5,,Img20250913-969.jpg
1951,کار ساخته بازار,GD01007298 - 593,4.99,750.0,7.5,8.5,0.0,0.0,0.0,0.0,,النگو,1.0,,Img20250913-625.jpg
1952,کار ساخته بازار,GD01007297 - 593,4.91,750.0,7.5,8.5,0.0,0.0,0.0,0.0,,النگو,1.0,,Img20250913-164.jpg
1953,کار ساخته بازار,GD01007294 - 593,5.0,750.0,7.5,8.5,0.0,0.0,0.0,0.0,,النگو,1.0,,Img20250913-503.jpg
1954,کار ساخته بازار,"GD01007293 - ',گوی",4.09,750.0,10.0,11.0,0.0,0.0,0.0,0.0,زرد,النگو,2.0,,Img20250913-316.jpg
1955,کار ساخته بازار,GD01007292 - گوی,4.65,750.0,10.0,11.0,0.0,0.0,0.0,0.0,زرد,النگو,1.0,,Img20250913-901.jpg
1956,کار ساخته بازار,GD01007291 - گوی,4.61,750.0,10.0,11.0,0.0,0.0,0.0,0.0,زرد,النگو,1.0,,Img20250913-551.jpg
1957,کار ساخته بازار,GD01007290 - گوی,4.61,750.0,10.0,11.0,0.0,0.0,0.0,0.0,زرد,النگو,1.0,,Img20250913-739.jpg
1958,کار ساخته بازار,GD01007289 - گوی,4.58,750.0,10.0,11.0,0.0,0.0,0.0,0.0,زرد,النگو,1.0,,Img20250913-403.jpg
1959,کار ساخته بازار,GD01007288 - مانیا,6.51,750.0,8.5,9.0,0.0,0.0,0.0,0.0,زرد,النگو,3.0,,Img20250913-506.jpg
1960,کار ساخته بازار,GD01007287 - مانیا,6.41,750.0,8.5,9.0,0.0,0.0,0.0,0.0,زرد,النگو,3.0,,Img20250913-283.jpg
1961,کار ساخته بازار,GD01007286 - 329,3.41,750.0,6.5,7.5,0.0,0.0,0.0,0.0,سفید,النگو,0.5,,Img20250913-817.jpg
1962,کار ساخته بازار,GD01007283 - 609,6.95,750.0,5.3,7.0,0.0,0.0,0.0,0.0,زرد,النگو,4.0,,Img20250913-498.jpg
1963,کار ساخته بازار,GD01007282 - 3070,3.25,750.0,5.5,7.0,0.0,0.0,0.0,0.0,دو رنگ,النگو,0.1,,Img20250913-617.jpg
1964,کار ساخته بازار,GD01007280 - پرش,6.52,750.0,6.0,7.0,0.0,0.0,0.0,0.0,زرد,النگو,4.0,,Img20250913-618.jpg
1965,کار ساخته بازار,GD01007278 - پرش,6.5,750.0,6.0,7.0,0.0,0.0,0.0,0.0,زرد,النگو,4.0,,Img20250913-938.jpg
1966,کار ساخته بازار,GD01007275 - پردیس,0.73,750.0,8.0,9.0,0.0,0.0,0.0,0.0,زرد,گوشواره,,,Img20250913-459.jpg
1967,کار ساخته بازار,GD01007255 - سونیا,4.35,750.0,7.5,8.0,0.0,0.0,0.0,0.0,زرد,النگو,3.0,,Img20250913-976.jpg
1968,کار ساخته بازار,GD01007254 - سونیا,3.82,750.0,7.5,8.0,0.0,0.0,0.0,0.0,زرد,النگو,2.0,,Img20250911-579.jpg
1969,کار ساخته بازار,GD01007222 - ابتین,2.53,750.0,12.0,13.0,0.0,0.0,0.0,0.0,زرد,انگشتر,,,Img20250911-273.jpg
1970,کار ساخته بازار,GD01007221 - 90,3.49,750.0,4.5,7.0,0.0,0.0,0.0,0.0,سفید,النگو,1.0,,Img20250911-549.jpg
1971,کار ساخته بازار,GD01007220 - 90,3.24,750.0,4.5,7.0,0.0,0.0,0.0,0.0,سفید,النگو,1.0,,Img20250911-885.jpg
1972,کار ساخته بازار,GD01007219 - 90,3.42,750.0,4.5,7.0,0.0,0.0,0.0,0.0,سفید,النگو,1.0,,Img20250911-362.jpg
1973,کار ساخته بازار,GD01007218 - 90,3.49,750.0,4.5,7.0,0.0,0.0,0.0,0.0,سفید,النگو,1.0,,Img20250911-462.jpg
1974,کار ساخته بازار,GD01007217 - 90,3.42,750.0,4.5,7.0,0.0,0.0,0.0,0.0,سفید,النگو,1.0,,Img20250911-864.jpg
1975,کار ساخته بازار,GD01007216 - 90,3.4,750.0,4.5,7.0,0.0,0.0,0.0,0.0,سفید,النگو,1.0,,Img20250911-91.jpg
1976,کار ساخته بازار,GD01007215 - 90,3.8,750.0,4.5,7.0,0.0,0.0,0.0,0.0,سفید,النگو,2.0,,Img20250911-822.jpg
1977,کار ساخته بازار,GD01007214 - 90,3.55,750.0,4.5,7.0,0.0,0.0,0.0,0.0,سفید,النگو,2.0,,Img20250911-261.jpg
1978,کار ساخته بازار,GD01007213 - 90,3.63,750.0,4.5,7.0,0.0,0.0,0.0,0.0,سفید,النگو,2.0,,Img20250911-396.jpg
1979,کار ساخته بازار,GD01007212 - 90,3.42,750.0,4.5,7.0,0.0,0.0,0.0,0.0,سفید,النگو,2.0,,Img20250911-245.jpg
1980,کار ساخته بازار,GD01007211 - 90,3.53,750.0,4.5,7.0,0.0,0.0,0.0,0.0,سفید,النگو,2.0,,Img20250911-624.jpg
1981,کار ساخته بازار,GD01007210 - 90,3.66,750.0,4.5,7.0,0.0,0.0,0.0,0.0,سفید,النگو,2.0,,Img20250911-259.jpg
1982,کار ساخته بازار,GD01007209 - 90,3.77,750.0,4.5,7.0,0.0,0.0,0.0,0.0,سفید,النگو,3.0,,Img20250911-821.jpg
1983,کار ساخته بازار,GD01007208 - 90,3.79,750.0,4.5,7.0,0.0,0.0,0.0,0.0,سفید,النگو,3.0,,Img20250911-510.jpg
1984,کار ساخته بازار,GD01007207 - 90,3.88,750.0,4.5,7.0,0.0,0.0,0.0,0.0,سفید,النگو,3.0,,Img20250911-616.jpg
1985,کار ساخته بازار,GD01007206 - 90,3.73,750.0,4.5,7.0,0.0,0.0,0.0,0.0,سفید,النگو,3.0,,Img20250911-877.jpg
1986,کار ساخته بازار,GD01007205 - 90,3.89,750.0,4.5,7.0,0.0,0.0,0.0,0.0,سفید,النگو,4.0,,Img20250911-116.jpg
1987,کار ساخته بازار,GD01007204 - 90,3.87,750.0,4.5,7.0,0.0,0.0,0.0,0.0,سفید,النگو,4.0,,Img20250911-627.jpg
1988,کار ساخته بازار,GD01007203 - 90,3.77,750.0,4.5,7.0,0.0,0.0,0.0,0.0,سفید,النگو,4.0,,Img20250911-401.jpg
1989,کار ساخته بازار,GD01007202 - 90,3.86,750.0,4.5,7.0,0.0,0.0,0.0,0.0,سفید,النگو,4.0,,Img20250911-934.jpg
1990,کار ساخته بازار,GD01007201 - 90,3.98,750.0,4.5,7.0,0.0,0.0,0.0,0.0,سفید,النگو,4.0,,Img20250911-618.jpg
1991,کار ساخته بازار,GD01007200 - 90,4.01,750.0,4.5,7.0,0.0,0.0,0.0,0.0,سفید,النگو,4.0,,Img20260705-271.jpg
1992,کار ساخته بازار,GD01007187 - شقایق,10.67,750.0,4.0,7.0,0.0,0.0,0.0,0.0,زرد,گردنبند,,,Img20250908-398.jpg
1993,کار ساخته بازار,GD01007166 - نور,10.62,750.0,3.5,7.0,0.0,0.0,0.0,0.0,زرد,تک پوش,2.0,,Img20250904-684.jpg
1994,کار ساخته بازار,GD01007145 - تراش,2.42,750.0,6.5,8.0,0.0,0.0,0.0,0.0,زرد,گوشواره,,,Img20250904-293.jpg
1995,کار ساخته بازار,GD01007142 - گندم,2.14,750.0,6.5,8.0,0.0,0.0,0.0,0.0,زرد,گوشواره,,,Img20250904-661.jpg
1996,کار ساخته بازار,GD01007139 - گندم,2.18,750.0,6.5,8.5,0.0,0.0,0.0,0.0,زرد,دستبند,,,Img20250904-279.jpg
1997,کار ساخته بازار,GD01007138 - گندم,2.24,750.0,6.5,8.5,0.0,0.0,0.0,0.0,دو رنگ,دستبند,,,Img20250904-21.jpg
1998,کار ساخته بازار,GD01007137 - گندم,6.48,750.0,6.5,8.5,0.0,0.0,0.0,0.0,دو رنگ,گردنبند,,,Img20250904-411.jpg
1999,کار ساخته بازار,GD01007136 - گندم,6.01,750.0,6.5,8.5,0.0,0.0,0.0,0.0,زرد,گردنبند,,,Img20250904-309.jpg
2000,کار ساخته بازار,GD01007104 - 219,5.78,750.0,6.5,8.0,0.0,0.0,0.0,0.0,زرد,النگو,2.0,,Img20250904-576.jpg
2001,کار ساخته بازار,GD01007103 - 219,5.79,750.0,6.5,8.0,0.0,0.0,0.0,0.0,زرد,النگو,2.0,,Img20250904-460.jpg
2002,کار ساخته بازار,GD01007102 - 219,5.57,750.0,6.5,8.0,0.0,0.0,0.0,0.0,زرد,النگو,2.0,,Img20250904-642.jpg
2003,کار ساخته بازار,GD01007101 - 219,5.81,750.0,6.5,8.0,0.0,0.0,0.0,0.0,زرد,النگو,3.0,,Img20250904-1876.jpg
2004,کار ساخته بازار,GD01007100 - 219,6.18,750.0,6.5,8.0,0.0,0.0,0.0,0.0,زرد,النگو,3.0,,Img20250904-412.jpg
2005,کار ساخته بازار,GD01007099 - 219,5.72,750.0,6.5,8.0,0.0,0.0,0.0,0.0,زرد,النگو,2.0,,Img20250904-353.jpg
2006,کار ساخته بازار,GD01007098 - 219,5.77,750.0,6.5,8.0,0.0,0.0,0.0,0.0,زرد,النگو,2.0,,Img20250904-744.jpg
2007,کار ساخته بازار,GD01007097 - 219,6.27,750.0,6.5,8.0,0.0,0.0,0.0,0.0,زرد,النگو,3.0,,Img20250904-566.jpg
2008,کار ساخته بازار,GD01007095 - 219,6.17,750.0,6.5,8.0,0.0,0.0,0.0,0.0,زرد,النگو,3.0,,Img20250904-813.jpg
2009,کار ساخته بازار,GD01007088 - 311,2.7,750.0,6.5,8.0,0.0,0.0,0.0,0.0,سفید,النگو,0.2,,Img20250904-296.jpg
2010,کار ساخته بازار,GD01007087 - 609,6.9,750.0,5.3,7.0,0.0,0.0,0.0,0.0,زرد,النگو,4.0,,Img20250904-220.jpg
2011,کار ساخته بازار,GD01007086 - 609,6.94,750.0,5.3,7.0,0.0,0.0,0.0,0.0,زرد,النگو,4.0,,Img20260707-316.jpg
2012,کار ساخته بازار,GD01007085 - میرایی,9.19,750.0,7.2,9.0,0.0,0.0,0.0,0.0,زرد,النگو,3.0,,Img20250904-422.jpg
2013,کار ساخته بازار,GD01007084 - 329,3.49,750.0,6.5,8.0,0.0,0.0,0.0,0.0,زرد,النگو,0.4,,Img20250904-629.jpg
2014,کار ساخته بازار,GD01007079 - 329,2.82,750.0,6.5,8.0,0.0,0.0,0.0,0.0,زرد,النگو,0.2,,Img20250904-378.jpg
2015,کار ساخته بازار,GD01007053 - ٍ,7.62,750.0,9.5,11.0,0.0,0.0,0.0,0.0,دو رنگ,النگو,1.0,,Img20250904-532.jpg
2016,کار ساخته بازار,GD01007052 - شرافت,7.95,750.0,9.5,11.0,0.0,0.0,0.0,0.0,دو رنگ,النگو,1.0,,Img20250904-107.jpg
2017,کار ساخته بازار,GD01007051 - کارتیه,3.34,750.0,5.5,7.0,0.0,0.0,0.0,0.0,زرد,النگو,1.0,,Img20250904-311.jpg
2018,کار ساخته بازار,GD01006962 - ماهان,1.39,750.0,4.5,7.0,0.0,0.0,0.0,0.0,زرد,انگشتر,,,Img20250903-171.jpg
2019,کار ساخته بازار,GD01006954 - کارتیه,2.4,750.0,10.0,11.0,0.0,0.0,0.0,0.0,زرد,انگشتر,,,Img20250903-884.jpg
2020,کار ساخته بازار,GD01006947 - شانل,2.02,750.0,9.5,11.0,0.0,0.0,0.0,0.0,دو رنگ,گوشواره,,,Img20250903-725.jpg
2021,کار ساخته بازار,GD01006944 - لوکس,2.82,750.0,9.5,11.0,0.0,0.0,0.0,0.0,زرد,انگشتر,,,Img20250903-801.jpg
2022,کار ساخته بازار,GD01006941 - لوکس,3.6,750.0,9.5,11.0,0.0,0.0,0.0,0.0,زرد,انگشتر,,,Img20250903-166.jpg
2023,کار ساخته بازار,GD01006938 - لوکس,3.88,750.0,9.5,11.0,0.0,0.0,0.0,0.0,زرد,انگشتر,,,Img20260124-20.jpg
2024,کار ساخته بازار,GD01006834 - هندسی,3.17,750.0,0.0,7.0,0.0,0.0,0.0,0.0,زرد,مدال,,,Img20250830-197.jpg
2025,کار ساخته بازار,GD01006828 - یزدی,15.53,750.0,7.5,9.0,0.0,0.0,0.0,0.0,زرد,,,,Img20250830-925.jpg
2026,کار ساخته بازار,GD01006821 - تافته,1.45,750.0,5.5,7.0,0.0,0.0,0.0,0.0,زرد,گوشواره,,,Img20250830-16.jpg
2027,کار ساخته بازار,GD01006818 - حامد,1.31,750.0,9.0,10.0,0.0,0.0,0.0,0.0,زرد,انگشتر,,,Img20250828-794.jpg
2028,کار ساخته بازار,GD01006769 - ٍ219,5.38,750.0,5.0,7.0,0.0,0.0,0.0,0.0,دو رنگ,النگو,1.0,,Img20250828-705.jpg
2029,کار ساخته بازار,GD01006767 - 219,5.46,750.0,5.0,7.0,0.0,0.0,0.0,0.0,دو رنگ,النگو,1.0,,Img20250828-795.jpg
2030,کار ساخته بازار,GD01006760 - لوکس,5.94,750.0,7.5,9.0,0.0,0.0,0.0,0.0,دو رنگ,النگو,3.0,,Img20250828-587.jpg
2031,کار ساخته بازار,GD01006759 - لوکس,5.46,750.0,7.5,9.0,0.0,0.0,0.0,0.0,دو رنگ,النگو,3.0,,Img20250828-349.jpg
2032,کار ساخته بازار,GD01006758 - لوکس,6.47,750.0,7.5,9.0,0.0,0.0,0.0,0.0,دو رنگ,النگو,3.0,,Img20250828-323.jpg
2033,کار ساخته بازار,GD01006756 - لوکس,6.31,750.0,7.5,9.0,0.0,0.0,0.0,0.0,دو رنگ,النگو,3.0,,Img20250828-53.jpg
2034,کار ساخته بازار,GD01006734 - 278,3.7,750.0,5.0,6.4,0.0,0.0,0.0,0.0,سفید,النگو,1.0,,Img20250828-676.jpg
2035,کار ساخته بازار,GD01006733 - 278,3.56,750.0,5.0,6.4,0.0,0.0,0.0,0.0,سفید,النگو,1.0,,Img20250828-909.jpg
2036,کار ساخته بازار,GD01006732 - 278,3.85,750.0,5.0,6.4,0.0,0.0,0.0,0.0,سفید,النگو,1.0,,Img20260705-971.jpg
2037,کار ساخته بازار,GD01006729 - زارلا,1.67,750.0,10.8,12.0,0.0,0.0,0.0,0.0,زرد,مدال,,,Img20250828-911.jpg
2038,کار ساخته بازار,GD01006728 - زارلا,3.51,750.0,10.8,12.0,0.0,0.0,0.0,0.0,زرد,گوشواره,,,Img20250828-1153.jpg
2039,کار ساخته بازار,GD01006724 - تیفانی,2.18,750.0,11.5,13.0,0.0,0.0,0.0,0.0,زرد,مدال,,,Img20250828-73.jpg
2040,کار ساخته بازار,GD01006723 - تیفانی,2.01,750.0,11.5,13.0,0.0,0.0,0.0,0.0,زرد,انگشتر,,,Img20250828-419.jpg
2041,کار ساخته بازار,GD01006722 - تیفانی,3.3,750.0,11.5,13.0,0.0,0.0,0.0,0.0,زرد,گوشواره,,,Img20250828-766.jpg
2042,کار ساخته بازار,GD01006705 - شانل,7.62,750.0,7.5,9.0,0.0,0.0,0.0,0.0,دو رنگ,دستبند,,,Img20250828-695.jpg
2043,کار ساخته بازار,GD01006699 - ستاره,0.82,750.0,8.0,9.0,0.0,0.0,0.0,0.0,زرد,گوشواره,,,Img20250828-361.jpg
2044,کار ساخته بازار,GD01006692 - 450,3.19,750.0,6.3,8.0,0.0,0.0,0.0,0.0,سفید,النگو,3.0,,Img20250828-63.jpg
2045,کار ساخته بازار,GD01006691 - 450,3.78,750.0,6.3,8.0,0.0,0.0,0.0,0.0,سفید,النگو,3.0,,Img20250828-926.jpg
2046,کار ساخته بازار,GD01006690 - 450,3.79,750.0,6.3,8.0,0.0,0.0,0.0,0.0,سفید,النگو,3.0,,Img20250828-599.jpg
2047,کار ساخته بازار,GD01006689 - 450,3.41,750.0,6.3,8.0,0.0,0.0,0.0,0.0,سفید,النگو,3.0,,Img20260707-781.jpg
2048,کار ساخته بازار,GD01006681 - زر ناز,4.91,750.0,10.0,11.0,0.0,0.0,0.0,0.0,دو رنگ,النگو,2.0,,Img20260707-475.jpg
2049,کار ساخته بازار,GD01006680 - زر ناز,4.76,750.0,10.0,11.0,0.0,0.0,0.0,0.0,دو رنگ,النگو,2.0,,Img20260707-908.jpg
2050,کار ساخته بازار,GD01006679 - زر ناز,4.73,750.0,10.0,11.0,0.0,0.0,0.0,0.0,دو رنگ,النگو,2.0,,Img20260707-277.jpg
2051,کار ساخته بازار,GD01006678 - زر ناز,4.7,750.0,10.0,11.0,0.0,0.0,0.0,0.0,دو رنگ,النگو,2.0,,Img20260707-766.jpg
2052,کار ساخته بازار,GD01006677 - زر ناز,4.82,750.0,10.0,11.0,0.0,0.0,0.0,0.0,دو رنگ,النگو,2.0,,Img20250828-248.jpg
2053,کار ساخته بازار,GD01006666 - AS,3.42,750.0,10.5,11.5,0.0,0.0,0.0,0.0,زرد,انگشتر,,,Img20250828-123.jpg
2054,کار ساخته بازار,GD01006658 - 311,3.87,750.0,7.5,8.5,0.0,0.0,0.0,0.0,سفید,النگو,2.0,,Img20250828-70.jpg
2055,کار ساخته بازار,GD01006656 - 311,3.61,750.0,7.5,8.5,0.0,0.0,0.0,0.0,سفید,النگو,1.0,,Img20250828-821.jpg
2056,کار ساخته بازار,GD01006646 - طنابی,1.83,750.0,6.0,8.0,0.0,0.0,0.0,0.0,دو رنگ,گوشواره,,,Img20250827-159.jpg
2057,کار ساخته بازار,GD01006614 - 3070,3.1,750.0,5.5,7.0,0.0,0.0,0.0,0.0,دو رنگ,النگو,0.2,,Img20250827-388.jpg
2058,کار ساخته بازار,GD01006612 - 630,5.15,750.0,6.5,7.5,0.0,0.0,0.0,0.0,زرد,النگو,3.0,,Img20250827-693.jpg
2059,کار ساخته بازار,GD01006611 - 630,5.17,750.0,6.5,7.5,0.0,0.0,0.0,0.0,زرد,النگو,3.0,,Img20250827-283.jpg
2060,کار ساخته بازار,GD01006598 - همت رویال,3.82,750.0,5.5,7.0,0.0,0.0,0.0,0.0,زرد,النگو,2.0,,Img20250827-839.jpg
2061,کار ساخته بازار,GD01006597 - همت رویال,3.77,750.0,5.5,12.5,0.0,0.0,0.0,0.0,زرد,النگو,2.0,,Img20260705-926.jpg
2062,کار ساخته بازار,GD01006596 - زنجیر,1.45,750.0,0.0,7.0,0.0,0.0,0.0,0.0,زرد,زنجیر,,,Img20250826-540.jpg
2063,کار ساخته بازار,GD01006515 - نورک,11.47,750.0,3.5,7.0,0.0,0.0,0.0,0.0,زرد,تک پوش,3.0,,Img20250826-973.jpg
2064,کار ساخته بازار,GD01006513 - لب لول,4.2,750.0,2.2,7.0,0.0,0.0,0.0,0.0,زرد,النگو,2.0,,Img20250826-8.jpg
2065,کار ساخته بازار,GD01006505 - باریک,1.53,750.0,2.0,7.0,0.0,0.0,0.0,0.0,زرد,النگو,0.2,,Img20250826-78.jpg
2066,کار ساخته بازار,GD01006493 - فیگارو,2.41,750.0,5.0,8.0,0.0,0.0,0.0,0.0,زرد,زنجیر,,,Img20250825-443.jpg
2067,کار ساخته بازار,GD01006488 - اکسترا,2.23,750.0,6.5,9.0,0.0,0.0,0.0,0.0,زرد,زنجیر,,,Img20250825-785.jpg
2068,کار ساخته بازار,GD01006486 - طاووس,3.44,750.0,6.5,8.0,0.0,0.0,0.0,0.0,دو رنگ,گوشواره,,,Img20250825-2.jpg
2069,کار ساخته بازار,GD01006476 - زر سان,4.01,750.0,6.5,7.5,0.0,0.0,0.0,0.0,زرد,النگو,3.0,,Img20260705-89.jpg
2070,کار ساخته بازار,GD01006453 - گردنبند,7.01,750.0,7.5,9.5,0.0,0.0,0.0,0.0,,گردنبند,,,Img20250821-25.jpg
2071,کار ساخته بازار,GD01006440 - گوشواره,1.52,750.0,9.0,11.0,0.0,0.0,0.0,0.0,زرد,سرویس,,,Img20250821-391.jpg
2072,کار ساخته بازار,GD01006428 - نگارین,2.27,750.0,8.0,10.0,0.0,0.0,0.0,0.0,زرد,انگشتر,,,Img20250821-425.jpg
2073,کار ساخته بازار,GD01006427 - نگارین,2.56,750.0,8.0,10.0,0.0,0.0,0.0,0.0,زرد,انگشتر,,,Img20250821-103.jpg
2074,کار ساخته بازار,GD01006413 - سناتور,2.71,750.0,10.0,11.0,0.0,0.0,0.0,0.0,زرد,انگشتر,,,Img20250820-123.jpg
2075,کار ساخته بازار,GD01006382 - قلب,0.7,750.0,7.0,8.0,0.0,0.0,0.0,0.0,زرد,گوشواره,,,Img20250820-30.jpg
2076,کار ساخته بازار,GD01006381 - گل,0.62,750.0,7.0,8.0,0.0,0.0,0.0,0.0,زرد,گوشواره,,,Img20250820-284.jpg
2077,کار ساخته بازار,GD01006379 - قلب,0.68,750.0,7.0,8.0,0.0,0.0,0.0,0.0,زرد,گوشواره,,,Img20250820-744.jpg
2078,کار ساخته بازار,GD01006377 - گل,0.63,750.0,7.0,8.0,0.0,0.0,0.0,0.0,زرد,گوشواره,,,Img20250820-732.jpg
2079,کار ساخته بازار,GD01006340 - زرسان,3.88,750.0,6.5,8.5,0.0,0.0,0.0,0.0,زرد,النگو,3.0,,Img20250820-444.jpg
2080,کار ساخته بازار,GD01006339 - زرسان,4.1,750.0,6.5,8.5,0.0,0.0,0.0,0.0,زرد,النگو,3.0,,Img20250820-800.jpg
2081,کار ساخته بازار,GD01006312 - S,0.84,750.0,7.0,10.0,0.0,0.0,0.0,0.0,زرد,انگشتر,,,Img20250820-646.jpg
2082,کار ساخته بازار,GD01006311 - F,0.73,750.0,7.0,10.0,0.0,0.0,0.0,0.0,زرد,انگشتر,,,Img20250820-19.jpg
2083,کار ساخته بازار,GD01006309 - 311,3.91,750.0,5.0,7.0,0.0,0.0,0.0,0.0,سفید,النگو,1.0,,Img20260707-482.jpg
2084,کار ساخته بازار,GD01006308 - 620,8.41,750.0,6.8,9.0,0.0,0.0,0.0,0.0,سفید,النگو,3.0,,Img20260707-495.jpg
2085,کار ساخته بازار,GD01006307 - 620,9.7,750.0,6.8,9.0,0.0,0.0,0.0,0.0,سفید,النگو,3.0,,Img20250819-454.jpg
2086,کار ساخته بازار,GD01006306 - 613,7.31,750.0,5.5,7.5,0.0,0.0,0.0,0.0,زرد,النگو,1.0,,Img20250819-560.jpg
2087,کار ساخته بازار,GD01006303 - 922,7.3,750.0,5.5,7.5,0.0,0.0,0.0,0.0,زرد,النگو,1.0,,Img20250819-288.jpg
2088,کار ساخته بازار,GD01006302 - 630,5.11,750.0,6.5,8.5,0.0,0.0,0.0,0.0,سفید,النگو,2.0,,Img20250819-741.jpg
2089,کار ساخته بازار,GD01006301 - 630,5.15,750.0,6.5,8.5,0.0,0.0,0.0,0.0,سفید,النگو,2.0,,Img20250819-995.jpg
2090,کار ساخته بازار,GD01006298 - 219,5.89,750.0,5.0,7.0,0.0,0.0,0.0,0.0,دو رنگ,النگو,3.0,,Img20250819-670.jpg
2091,کار ساخته بازار,GD01006296 - 219,5.3,750.0,5.0,7.0,0.0,0.0,0.0,0.0,دو رنگ,النگو,,,Img20260707-954.jpg
2092,کار ساخته بازار,GD01006295 - 620,4.82,750.0,6.5,8.5,0.0,0.0,0.0,0.0,زرد,النگو,2.0,,Img20250819-878.jpg
2093,کار ساخته بازار,GD01006293 - 620,5.15,750.0,6.5,8.5,0.0,0.0,0.0,0.0,زرد,النگو,3.0,,Img20250819-702.jpg
2094,کار ساخته بازار,GD01006290 - 212,5.77,750.0,6.5,8.5,0.0,0.0,0.0,0.0,سفید,النگو,1.0,,Img20250819-581.jpg
2095,کار ساخته بازار,GD01006289 - 212,4.88,750.0,6.5,8.5,0.0,0.0,0.0,0.0,سفید,النگو,1.0,,Img20250813-328.jpg
2096,کار ساخته بازار,GD01006122 - لیما,2.97,750.0,11.0,12.5,0.0,0.0,0.0,0.0,زرد,گوشواره,,,Img20250813-56.jpg
2097,کار ساخته بازار,GD01006121 - لیما,2.01,750.0,11.0,12.5,0.0,0.0,0.0,0.0,زرد,مدال,,,Img20250813-5.jpg
2098,کار ساخته بازار,GD01006117 - آوا,2.23,750.0,12.0,14.0,0.0,0.0,0.0,0.0,دو رنگ,مدال,,,Img20250813-874.jpg
2099,کار ساخته بازار,GD01006081 - مینیمال,0.92,750.0,9.5,11.0,0.0,0.0,0.0,0.0,زرد,انگشتر,,,Img20250813-83.jpg
2100,کار ساخته بازار,GD01006063 - 3070,3.68,750.0,5.5,7.5,0.0,0.0,0.0,0.0,دو رنگ,النگو,0.3,,Img20250813-360.jpg
2101,کار ساخته بازار,GD01006062 - 3070,4.29,750.0,5.5,7.5,0.0,0.0,0.0,0.0,دو رنگ,النگو,0.5,,Img20250813-128.jpg
2102,کار ساخته بازار,GD01006047 - شقایق,2.84,750.0,5.5,7.0,0.0,0.0,0.0,0.0,زرد,گوشواره,,,Img20250813-803.jpg
2103,کار ساخته بازار,GD01006031 - گوی,2.73,750.0,11.5,13.0,0.0,0.0,0.0,0.0,زرد,زنجیر,,,Img20250813-763.jpg
2104,کار ساخته بازار,GD01006028 - 180,4.73,750.0,3.8,7.5,0.0,0.0,0.0,0.0,سفید,النگو,1.0,,Img20250813-567.jpg
2105,کار ساخته بازار,GD01006027 - 180,4.81,750.0,3.8,7.5,0.0,0.0,0.0,0.0,سفید,النگو,1.0,,Img20250813-169.jpg
2106,کار ساخته بازار,GD01006006 - 1416,3.11,750.0,6.5,8.5,0.0,0.0,0.0,0.0,سفید,النگو,2.0,,Img20250807-385.jpg
2107,کار ساخته بازار,GD01005906 - مانیا,5.97,750.0,8.5,9.5,0.0,0.0,0.0,0.0,زرد,النگو,1.0,,Img20250807-674.jpg
2108,کار ساخته بازار,GD01005905 - مانیا,6.25,750.0,8.5,9.5,0.0,0.0,0.0,0.0,زرد,النگو,1.0,,Img20250807-887.jpg
2109,کار ساخته بازار,GD01005897 - 922,8.17,750.0,5.5,7.0,0.0,0.0,0.0,0.0,زرد,النگو,4.0,,Img20250807-484.jpg
2110,کار ساخته بازار,GD01005875 - بردین,4.2,750.0,13.5,15.0,0.0,0.0,0.0,0.0,زرد,نیم ست,,,Img20250807-456.jpg
2111,کار ساخته بازار,GD01005874 - بردین,2.48,750.0,13.5,15.0,0.0,0.0,0.0,0.0,زرد,نیم ست,,,Img20250807-245.jpg
2112,کار ساخته بازار,GD01005873 - بردین,2.15,750.0,13.5,15.0,0.0,0.0,0.0,0.0,زرد,نیم ست,,,Img20250807-376.jpg
2113,کار ساخته بازار,GD01005869 - رایتون,3.43,750.0,6.0,9.0,0.0,0.0,0.0,0.0,زرد,انگشتر,,,Img20250807-609.jpg
2114,کار ساخته بازار,GD01005867 - 180,5.47,750.0,4.0,7.0,0.0,0.0,0.0,0.0,سفید,النگو,2.0,,Img20250807-75.jpg
2115,کار ساخته بازار,GD01005866 - 180,5.51,750.0,4.0,7.0,0.0,0.0,0.0,0.0,سفید,النگو,2.0,,Img20250609-524.jpg
2116,کار ساخته بازار,GD01003769,3.12,750.0,11.0,12.0,0.0,0.0,0.0,0.0,دو رنگ,زنجیر,,,Img20250806-208.jpg
2117,کار ساخته بازار,GD01005848 - 520,5.79,750.0,5.5,7.5,0.0,0.0,0.0,0.0,زرد,النگو,4.0,,Img20250806-416.jpg
2118,کار ساخته بازار,GD01005846 - 520,6.01,750.0,5.5,7.5,0.0,0.0,0.0,0.0,زرد,النگو,4.0,,Img20250806-796.jpg
2119,کار ساخته بازار,GD01005844 - 520,5.83,750.0,5.5,7.5,0.0,0.0,0.0,0.0,زرد,النگو,4.0,,Img20250806-107.jpg
2120,کار ساخته بازار,GD01005831 - 8057,4.44,750.0,2.5,7.0,0.0,0.0,0.0,0.0,زرد,النگو,1.0,,Img20250615-448.jpg
2121,کار ساخته بازار,GD01002735 - گوشواره,3.37,750.0,15.0,16.5,0.0,0.0,0.0,0.0,دو رنگ,نیم ست,,,Img20250804-110.jpg
2122,کار ساخته بازار,GD01005751 - ادمک,0.12,750.0,8.0,15.0,0.0,0.0,0.0,0.0,زرد,دستبند,,,Img20250804-565.jpg
2123,کار ساخته بازار,GD01005747 - E,0.41,750.0,8.0,15.0,0.0,0.0,0.0,0.0,زرد,دستبند,,,Img20250804-625.jpg
2124,کار ساخته بازار,GD01005745 - E,0.39,750.0,8.0,15.0,0.0,0.0,0.0,0.0,زرد,دستبند,,,Img20250804-428.jpg
2125,کار ساخته بازار,GD01005743 - K,0.45,750.0,8.0,15.0,0.0,0.0,0.0,0.0,زرد,دستبند,,,Img20250804-820.jpg
2126,کار ساخته بازار,GD01005738 - R,0.49,750.0,8.0,15.0,0.0,0.0,0.0,0.0,زرد,دستبند,,,Img20250804-302.jpg
2127,کار ساخته بازار,GD01005736 - E,0.4,750.0,8.0,15.0,0.0,0.0,0.0,0.0,زرد,دستبند,,,Img20250804-272.jpg
2128,کار ساخته بازار,GD01005735 - F,0.32,750.0,8.0,15.0,0.0,0.0,0.0,0.0,زرد,دستبند,,,Img20250804-855.jpg
2129,کار ساخته بازار,GD01005732 - T,0.28,750.0,8.0,15.0,0.0,0.0,0.0,0.0,زرد,دستبند,,,Img20250804-174.jpg
2130,کار ساخته بازار,GD01005729 - P,0.36,750.0,8.0,15.0,0.0,0.0,0.0,0.0,زرد,دستبند,,,Img20250802-254.jpg
2131,کار ساخته بازار,GD01005711 - کلاسیک,3.01,750.0,4.5,7.0,0.0,0.0,0.0,0.0,زرد,دستبند,,,Img20250802-912.jpg
2132,کار ساخته بازار,GD01005706 - حلقه ای,0.9,750.0,5.5,8.0,0.0,0.0,0.0,0.0,زرد,گوشواره,,,Img20250731-729.jpg
2133,کار ساخته بازار,GD01005687 - ارین,5.5,750.0,7.5,8.5,0.0,0.0,0.0,0.0,زرد,النگو,3.0,,Img20250731-568.jpg
2134,کار ساخته بازار,GD01005668 - 710,4.52,750.0,7.5,8.5,0.0,0.0,0.0,0.0,زرد,النگو,,,Img20260705-546.jpg
2135,کار ساخته بازار,GD01005663 - ریخته,15.46,750.0,6.0,8.0,0.0,0.0,0.0,0.0,زرد,تک پوش,3.0,,Img20250803-925.jpg
2136,کار ساخته بازار,GD01005655 - ونکلیف,1.67,750.0,11.5,13.0,0.0,0.0,0.0,0.0,زرد,دستبند,,,Img20250802-164.jpg
2137,کار ساخته بازار,GD01005642 - شانل,2.4,750.0,4.5,7.0,0.0,0.0,0.0,0.0,زرد,گوشواره,,,Img20250802-220.jpg
2138,کار ساخته بازار,GD01005638 - دستبند,1.4,750.0,11.0,13.0,0.0,0.0,0.0,0.0,زرد,دستبند,,,Img20250802-770.jpg
2139,کار ساخته بازار,GD01005636 - دستبند,1.13,750.0,12.0,13.0,0.0,0.0,0.0,0.0,زرد,دستبند,,,Img20250731-917.jpg
2140,کار ساخته بازار,GD01005631 - کارتیه,8.11,750.0,8.0,10.0,0.0,0.0,0.0,0.0,دو رنگ,تک پوش,2.0,,Img20250802-819.jpg
2141,کار ساخته بازار,GD01005619 - تیفانی,2.48,750.0,11.0,12.0,0.0,0.0,0.0,0.0,دو رنگ,گوشواره,,,Img20250802-985.jpg
2142,کار ساخته بازار,GD01005618 - کارتیه,2.03,750.0,11.0,12.0,0.0,0.0,0.0,0.0,دو رنگ,گوشواره,,,Img20250803-554.jpg
2143,کار ساخته بازار,GD01005616 - آذر,1.72,750.0,9.5,11.0,0.0,0.0,0.0,0.0,زرد,گردنبند,,,Img20250803-753.jpg
2144,کار ساخته بازار,GD01005613 - آذر,1.58,750.0,9.5,11.0,0.0,0.0,0.0,0.0,زرد,گردنبند,,,Img20250731-480.jpg
2145,کار ساخته بازار,GD01005605 - فنری,14.08,750.0,5.5,6.5,0.0,0.0,0.0,0.0,زرد,تک پوش,,,Img20250731-746.jpg
2146,کار ساخته بازار,GD01005603 - الیزابت,19.15,750.0,5.0,7.0,0.0,0.0,0.0,0.0,زرد,مدال,,,Img20260707-928.jpg
2147,کار ساخته بازار,GD01005602 - میرایی,9.36,750.0,8.0,9.0,0.0,0.0,0.0,0.0,زرد,النگو,3.0,,Img20250731-185.jpg
2148,کار ساخته بازار,GD01005588 - 609,6.75,750.0,5.3,7.0,0.0,0.0,0.0,0.0,زرد,النگو,3.0,,Img20250731-807.jpg
2149,کار ساخته بازار,GD01005587 - لیزری,2.82,750.0,8.0,10.0,0.0,0.0,0.0,0.0,زرد,گوشواره,,,Img20250731-291.jpg
2150,کار ساخته بازار,GD01005583 - 4090,4.66,750.0,5.5,7.0,0.0,0.0,0.0,0.0,سفید,النگو,1.0,,Img20250731-293.jpg
2151,کار ساخته بازار,GD01005582 - 4090,4.53,750.0,5.5,7.0,0.0,0.0,0.0,0.0,سفید,النگو,1.0,,Img20250731-571.jpg
2152,کار ساخته بازار,GD01005578 - 761,4.65,750.0,5.5,7.0,0.0,0.0,0.0,0.0,سفید,النگو,1.0,,Img20250731-337.jpg
2153,کار ساخته بازار,GD01005574 - ارین,6.3,750.0,5.5,7.0,0.0,0.0,0.0,0.0,زرد,النگو,2.0,,Img20250731-923.jpg
2154,کار ساخته بازار,GD01005573 - 860,4.72,750.0,6.0,7.0,0.0,0.0,0.0,0.0,دو رنگ,النگو,1.0,,Img20250731-369.jpg
2155,کار ساخته بازار,GD01005572 - مارپیچ,8.69,750.0,8.0,10.0,0.0,0.0,0.0,0.0,زرد,النگو,3.0,,Img20250731-532.jpg
2156,کار ساخته بازار,GD01005571 - مارپیچ,8.81,750.0,8.0,10.0,0.0,0.0,0.0,0.0,زرد,النگو,3.0,,Img20250731-514.jpg
2157,کار ساخته بازار,GD01005570 - مارپیچ,9.1,750.0,8.0,10.0,0.0,0.0,0.0,0.0,زرد,النگو,3.0,,Img20250802-884.jpg
2158,کار ساخته بازار,GD01005569 - آماندا,0.54,750.0,11.0,13.0,0.0,0.0,0.0,0.0,زرد,مدال,,,Img20250731-509.jpg
2159,کار ساخته بازار,GD01005568 - شمش,2.74,750.0,11.0,12.0,0.0,0.0,0.0,0.0,زرد,مدال,,,Img20250731-433.jpg
2160,کار ساخته بازار,GD01005567 - 212,5.82,750.0,6.5,7.5,0.0,0.0,0.0,0.0,زرد,النگو,2.0,,Img20250731-579.jpg
2161,کار ساخته بازار,GD01005558 - فنری,6.06,750.0,5.0,7.0,0.0,0.0,0.0,0.0,زرد,النگو,3.0,,Img20250731-905.jpg
2162,کار ساخته بازار,GD01005556 - دیسکو,0.76,750.0,11.0,12.0,0.0,0.0,0.0,0.0,زرد,زنجیر,,,Img20250731-278.jpg
2163,کار ساخته بازار,GD01005554 - فنری,5.31,750.0,5.0,7.0,0.0,0.0,0.0,0.0,زرد,النگو,2.0,,Img20250731-64.jpg
2164,کار ساخته بازار,GD01005552 - فنری,5.67,750.0,5.0,7.0,0.0,0.0,0.0,0.0,زرد,النگو,2.0,,Img20250731-845.jpg
2165,کار ساخته بازار,GD01005551 - فنری,5.35,750.0,5.0,7.0,0.0,0.0,0.0,0.0,زرد,النگو,2.0,,Img20250731-596.jpg
2166,کار ساخته بازار,GD01005550 - فنری,5.61,750.0,5.0,7.0,0.0,0.0,0.0,0.0,زرد,النگو,2.0,,Img20260706-234.jpg
2167,کار ساخته بازار,GD01005549 - فنری,4.87,750.0,5.0,7.0,0.0,0.0,0.0,0.0,زرد,النگو,1.0,,Img20250731-750.jpg
2168,کار ساخته بازار,GD01005548 - روبرتو,3.36,750.0,11.0,12.0,0.0,0.0,0.0,0.0,زرد,گوشواره,,,Img20250731-569.jpg
2169,کار ساخته بازار,GD01005547 - فنری,4.9,750.0,5.0,7.0,0.0,0.0,0.0,0.0,زرد,النگو,1.0,,Img20250731-312.jpg
2170,کار ساخته بازار,GD01005546 - فنری,4.94,750.0,5.0,7.0,0.0,0.0,0.0,0.0,زرد,النگو,1.0,,Img20250731-650.jpg
2171,کار ساخته بازار,GD01005542 - فنری,4.82,750.0,5.0,7.0,0.0,0.0,0.0,0.0,زرد,النگو,1.0,,Img20250802-957.jpg
2172,کار ساخته بازار,GD01005541 - R,1.22,750.0,11.5,13.0,0.0,0.0,0.0,0.0,زرد,مدال,,,Img20250731-387.jpg
2173,کار ساخته بازار,GD01005539 - 2504,12.5,750.0,5.0,7.0,0.0,0.0,0.0,0.0,زرد,تک پوش,4.0,,Img20250731-576.jpg
2174,کار ساخته بازار,GD01005532 - 710,4.83,750.0,7.3,8.5,0.0,0.0,0.0,0.0,سفید,النگو,2.0,,Img20250731-768.jpg
2175,کار ساخته بازار,GD01005530 - 710,4.82,750.0,7.3,8.5,0.0,0.0,0.0,0.0,سفید,النگو,2.0,,Img20250731-105.jpg
2176,کار ساخته بازار,GD01005524 - تک پوش,10.69,750.0,7.7,9.0,0.0,0.0,0.0,0.0,سفید,تک پوش,3.0,,Img20250731-686.jpg
2177,کار ساخته بازار,GD01005514 - تک پوش,15.97,750.0,6.8,8.0,0.0,0.0,0.0,0.0,زرد,تک پوش,1.0,,Img20250731-449.jpg
2178,کار ساخته بازار,GD01005513 - 1115,11.98,750.0,3.5,7.0,0.0,0.0,0.0,0.0,سفید,تک پوش,3.0,,Img20250802-454.jpg
2179,کار ساخته بازار,GD01005507 - تراش,2.05,750.0,8.2,10.0,0.0,0.0,0.0,0.0,زرد,گوشواره,,,Img20250729-92.jpg
2180,کار ساخته بازار,GD01005487 - ورساچه,3.73,750.0,13.0,15.0,0.0,0.0,0.0,0.0,زرد,مدال,,,Img20260705-383.jpg
2181,کار ساخته بازار,GD01005436 - لویی,6.76,750.0,0.0,7.0,0.0,0.0,0.0,0.0,زرد,گردنبند,,,Img20250726-197.jpg
2182,کار ساخته بازار,GD01005416 - یزد زر,3.26,750.0,5.0,7.0,0.0,0.0,0.0,0.0,زرد,النگو,3.0,,Img20250720-877.jpg
2183,کار ساخته بازار,GD01005336 - 860,5.46,750.0,5.5,7.0,0.0,0.0,0.0,0.0,سفید,النگو,3.0,,Img20250720-394.jpg
2184,کار ساخته بازار,GD01005335 - 860,5.66,750.0,5.5,7.0,0.0,0.0,0.0,0.0,سفید,النگو,3.0,,Img20250720-478.jpg
2185,کار ساخته بازار,GD01005334 - 860,5.11,750.0,5.5,7.0,0.0,0.0,0.0,0.0,سفید,النگو,3.0,,Img20250720-828.jpg
2186,کار ساخته بازار,GD01005333 - 860,5.52,750.0,5.5,7.0,0.0,0.0,0.0,0.0,سفید,النگو,3.0,,Img20250720-187.jpg
2187,کار ساخته بازار,GD01005332 - 860,5.41,750.0,5.5,7.0,0.0,0.0,0.0,0.0,سفید,النگو,3.0,,Img20250716-158.jpg
2188,کار ساخته بازار,GD01005273 - 761,4.8,750.0,5.5,7.0,0.0,0.0,0.0,0.0,زرد,النگو,1.0,,Img20250716-385.jpg
2189,کار ساخته بازار,GD01005272 - 761,4.88,750.0,5.5,7.0,0.0,0.0,0.0,0.0,زرد,النگو,1.0,,Img20250716-146.jpg
2190,کار ساخته بازار,GD01005271 - 761,4.65,750.0,5.5,7.0,0.0,0.0,0.0,0.0,سفید,النگو,1.0,,Img20250716-922.jpg
2191,کار ساخته بازار,GD01005265 - فلاور 761,4.83,750.0,5.5,7.0,0.0,0.0,0.0,0.0,سفید,النگو,1.0,,Img20250716-938.jpg
2192,کار ساخته بازار,GD01005260 - 1416,3.28,750.0,6.5,7.5,0.0,0.0,0.0,0.0,دو رنگ,النگو,1.0,,Img20250716-166.jpg
2193,کار ساخته بازار,GD01005246 - 710,4.56,750.0,7.4,8.4,0.0,0.0,0.0,0.0,زرد,النگو,1.0,,Img20250716-419.jpg
2194,کار ساخته بازار,GD01005245 - 710,4.51,750.0,7.4,8.4,0.0,0.0,0.0,0.0,زرد,النگو,1.0,,Img20250716-735.jpg
2195,کار ساخته بازار,GD01005238 - پرش,5.24,750.0,7.0,8.0,0.0,0.0,0.0,0.0,زرد,النگو,1.0,,Img20250716-965.jpg
2196,کار ساخته بازار,GD01005206 - صدفی,1.49,750.0,10.5,11.5,0.0,0.0,0.0,0.0,زرد,گوشواره,,,Img20250716-518.jpg
2197,کار ساخته بازار,GD01005187 - تو خالی,2.18,750.0,5.5,7.0,0.0,0.0,0.0,0.0,زرد,گوشواره,,,Img20250716-425.jpg
2198,کار ساخته بازار,GD01005140 - طاووس,2.2,750.0,7.0,10.0,0.0,0.0,0.0,0.0,دو رنگ,انگشتر,,,Img20250713-238.jpg
2199,کار ساخته بازار,GD01005045 - اکسترا,2.48,750.0,10.0,12.0,0.0,0.0,0.0,0.0,زرد,انگشتر,,,Img20250709-684.jpg
2200,کار ساخته بازار,GD01005040 - 212,5.54,750.0,6.5,7.5,0.0,0.0,0.0,0.0,سفید,النگو,1.0,,Img20250713-876.jpg
2201,کار ساخته بازار,GD01005038 - پرش,5.63,750.0,6.0,7.0,0.0,0.0,0.0,0.0,زرد,النگو,1.0,,Img20250713-570.jpg
2202,کار ساخته بازار,GD01005037 - پرش,5.14,750.0,6.0,7.0,0.0,0.0,0.0,0.0,زرد,النگو,1.0,,Img20250709-154.jpg
2203,کار ساخته بازار,GD01005035 - آرین,7.08,750.0,5.5,7.0,0.0,0.0,0.0,0.0,زرد,النگو,3.0,,Img20250709-811.jpg
2204,کار ساخته بازار,GD01005034 - آرین,7.39,750.0,5.5,7.0,0.0,0.0,0.0,0.0,زرد,النگو,,,Img20250703-81.jpg
2205,کار ساخته بازار,GD01004904 - آینه ای,1.76,750.0,4.0,7.0,0.0,0.0,0.0,0.0,زرد,النگو,3.0,,Img20250703-419.jpg
2206,کار ساخته بازار,GD01004903 - آینه ای,1.82,750.0,4.0,7.0,0.0,0.0,0.0,0.0,زرد,النگو,3.0,,Img20250703-90.jpg
2207,کار ساخته بازار,GD01004901 - آینه ای,1.88,750.0,4.0,7.0,0.0,0.0,0.0,0.0,زرد,النگو,3.0,,Img20250703-702.jpg
2208,کار ساخته بازار,GD01004900 - آینه ای,1.83,750.0,4.0,7.0,0.0,0.0,0.0,0.0,زرد,النگو,3.0,,Img20250707-172.jpg
2209,کار ساخته بازار,GD01004872 - بخیه,0.82,750.0,11.0,12.0,0.0,0.0,0.0,0.0,زرد,گوشواره,,,Img20250708-634.jpg
2210,کار ساخته بازار,GD01004868 - بخیه,1.21,750.0,11.0,12.0,0.0,0.0,0.0,0.0,زرد,گوشواره,,,Img20250707-1349.jpg
2211,کار ساخته بازار,GD01004860 - آوا,1.81,750.0,12.0,14.0,0.0,0.0,0.0,0.0,دو رنگ,انگشتر,,,Img20250703-627.jpg
2212,کار ساخته بازار,GD01004850 - 593,5.33,750.0,7.5,8.0,0.0,0.0,0.0,0.0,سفید,النگو,,,Img20250703-655.jpg
2213,کار ساخته بازار,GD01004849 - 630,4.4,750.0,7.4,8.5,0.0,0.0,0.0,0.0,زرد,النگو,1.0,,Img20250703-992.jpg
2214,کار ساخته بازار,GD01004848 - 630,4.8,750.0,7.4,8.5,0.0,0.0,0.0,0.0,سفید,النگو,2.0,,Img20250703-210.jpg
2215,کار ساخته بازار,GD01004843 - 630,4.82,750.0,7.4,8.5,0.0,0.0,0.0,0.0,سفید,النگو,2.0,,Img20250703-576.jpg
2216,کار ساخته بازار,GD01004842 - 630,4.75,750.0,7.4,8.5,0.0,0.0,0.0,0.0,سفید,النگو,2.0,,Img20250703-720.jpg
2217,کار ساخته بازار,GD01004835 - 922,7.52,750.0,7.0,8.0,0.0,0.0,0.0,0.0,زرد,النگو,3.0,,Img20250707-505.jpg
2218,کار ساخته بازار,GD01004805 - 2020,4.98,750.0,7.5,8.5,0.0,0.0,0.0,0.0,دو رنگ,النگو,1.0,,Img20250707-945.jpg
2219,کار ساخته بازار,GD01004803 - 2020,5.64,750.0,7.5,8.5,0.0,0.0,0.0,0.0,دو رنگ,النگو,3.0,,Img20250707-529.jpg
2220,کار ساخته بازار,GD01004801 - 2020,7.25,750.0,7.5,8.5,0.0,0.0,0.0,0.0,دو رنگ,النگو,5.0,,Img20260707-727.jpg
2221,کار ساخته بازار,GD01004799 - 922,7.37,750.0,5.5,7.0,0.0,0.0,0.0,0.0,زرد,النگو,2.0,,Img20260707-503.jpg
2222,کار ساخته بازار,GD01004797 - 922,7.27,750.0,5.5,7.0,0.0,0.0,0.0,0.0,زرد,النگو,2.0,,Img20260707-373.jpg
2223,کار ساخته بازار,GD01004795 - 922,7.38,750.0,5.5,7.0,0.0,0.0,0.0,0.0,زرد,النگو,2.0,,Img20260707-98.jpg
2224,کار ساخته بازار,GD01004794 - 922,7.31,750.0,5.5,7.0,0.0,0.0,0.0,0.0,زرد,النگو,,,Img20250703-33.jpg
2225,کار ساخته بازار,GD01004793 - 922,7.34,750.0,5.5,7.0,0.0,0.0,0.0,0.0,زرد,النگو,,,Img20260707-192.jpg
2226,کار ساخته بازار,GD01004788 - 922,7.35,750.0,5.5,7.0,0.0,0.0,0.0,0.0,زرد,النگو,3.0,,Img20250707-929.jpg
2227,کار ساخته بازار,GD01004784 - فروهر,0.93,750.0,11.5,12.5,0.0,0.0,0.0,0.0,دو رنگ,مدال,,,Img20250707-1796.jpg
2228,کار ساخته بازار,GD01004777,2.59,750.0,14.5,16.0,0.0,0.0,0.0,0.0,دو رنگ,گوشواره,,,Img20250707-459.jpg
2229,کار ساخته بازار,GD01004776 - قلب,4.6,750.0,8.0,10.0,0.0,0.0,0.0,0.0,رزگلد,مدال,,,Img20250707-429.jpg
2230,کار ساخته بازار,GD01004771,3.37,750.0,10.0,11.0,0.0,0.0,0.0,0.0,دو رنگ,انگشتر,,,Img20250707-344.jpg
2231,کار ساخته بازار,GD01004768,9.43,750.0,12.0,13.0,0.0,0.0,0.0,0.0,زرد,تک پوش,1.0,,Img20250707-181.jpg
2232,کار ساخته بازار,GD01004762,2.81,750.0,7.0,10.0,0.0,0.0,0.0,0.0,دو رنگ,دستبند,,,Img20250703-769.jpg
2233,کار ساخته بازار,GD01004756 - 620,4.28,750.0,4.7,7.0,0.0,0.0,0.0,0.0,سفید,النگو,1.0,,Img20250702-99.jpg
2234,کار ساخته بازار,GD01004714,1.45,750.0,9.5,11.0,0.0,0.0,0.0,0.0,زرد,انگشتر,,,Img20250702-345.jpg
2235,کار ساخته بازار,GD01004710 - 1115,19.97,750.0,5.5,7.0,0.0,0.0,0.0,0.0,زرد,تک پوش,4.0,,Img20250702-1153.jpg
2236,کار ساخته بازار,GD01004708 - 1115,18.08,750.0,5.5,7.0,0.0,0.0,0.0,0.0,زرد,تک پوش,2.0,,Img20250702-880.jpg
2237,کار ساخته بازار,GD01004688 - فیوژن,7.64,750.0,7.0,10.0,0.0,0.0,0.0,0.0,زرد,النگو,3.0,,Img20250702-989.jpg
2238,کار ساخته بازار,GD01004687 - فیوژن,8.18,750.0,7.0,10.0,0.0,0.0,0.0,0.0,زرد,النگو,3.0,,Img20250702-757.jpg
2239,کار ساخته بازار,GD01004686 - فیوژن,9.05,750.0,7.0,10.0,0.0,0.0,0.0,0.0,زرد,النگو,3.0,,Img20250702-813.jpg
2240,کار ساخته بازار,GD01004685 - فیوژن,8.42,750.0,7.0,10.0,0.0,0.0,0.0,0.0,زرد,النگو,3.0,,Img20250702-964.jpg
2241,کار ساخته بازار,GD01004684 - فیوژن,9.09,750.0,7.0,10.0,0.0,0.0,0.0,0.0,زرد,النگو,3.0,,Img20250702-20.jpg
2242,کار ساخته بازار,GD01004683 - فیوژن,8.8,750.0,7.0,10.0,0.0,0.0,0.0,0.0,زرد,النگو,3.0,,Img20250702-601.jpg
2243,کار ساخته بازار,GD01004682 - فیوژن,8.02,750.0,7.0,10.0,0.0,0.0,0.0,0.0,زرد,النگو,2.0,,Img20250702-36.jpg
2244,کار ساخته بازار,GD01004681 - فیوژن,6.32,750.0,7.0,10.0,0.0,0.0,0.0,0.0,زرد,النگو,2.0,,Img20250702-435.jpg
2245,کار ساخته بازار,GD01004680 - فیوژن,7.82,750.0,7.0,10.0,0.0,0.0,0.0,0.0,زرد,النگو,2.0,,Img20250702-742.jpg
2246,کار ساخته بازار,GD01004679 - فیوژن,8.15,750.0,7.0,10.0,0.0,0.0,0.0,0.0,زرد,النگو,2.0,,Img20250702-550.jpg
2247,کار ساخته بازار,GD01004678 - فیوژن,7.32,750.0,7.0,10.0,0.0,0.0,0.0,0.0,زرد,النگو,2.0,,Img20250702-585.jpg
2248,کار ساخته بازار,GD01004677 - فیوژن,7.84,750.0,7.0,10.0,0.0,0.0,0.0,0.0,زرد,النگو,2.0,,Img20250702-354.jpg
2249,کار ساخته بازار,GD01004675 - فیوژن,7.36,750.0,7.0,10.0,0.0,0.0,0.0,0.0,زرد,النگو,1.0,,Img20250702-134.jpg
2250,کار ساخته بازار,GD01004674 - فیوژن,7.23,750.0,7.0,10.0,0.0,0.0,0.0,0.0,زرد,النگو,1.0,,Img20250702-659.jpg
2251,کار ساخته بازار,GD01004672 - فیوژن,7.12,750.0,7.0,10.0,0.0,0.0,0.0,0.0,زرد,النگو,1.0,,Img20250702-321.jpg
2252,کار ساخته بازار,GD01004671 - فیوژن,7.38,750.0,7.0,10.0,0.0,0.0,0.0,0.0,زرد,النگو,1.0,,Img20250702-849.jpg
2253,کار ساخته بازار,GD01004652 - 796,4.72,750.0,5.5,7.0,0.0,0.0,0.0,0.0,زرد,النگو,3.0,,Img20250702-802.jpg
2254,کار ساخته بازار,GD01004650 - 796,4.72,750.0,5.5,7.0,0.0,0.0,0.0,0.0,زرد,النگو,3.0,,Img20250702-570.jpg
2255,کار ساخته بازار,GD01004649 - 796,4.66,750.0,5.5,7.0,0.0,0.0,0.0,0.0,زرد,النگو,3.0,,Img20250702-239.jpg
2256,کار ساخته بازار,GD01004648 - 796,4.56,750.0,5.5,7.0,0.0,0.0,0.0,0.0,زرد,النگو,3.0,,Img20250630-697.jpg
2257,کار ساخته بازار,GD01004577 - هلیا,3.18,750.0,4.8,7.0,0.0,0.0,0.0,0.0,دو رنگ,گوشواره,,,Img20260705-865.jpg
2258,کار ساخته بازار,GD01004517 - انگشتر کارتیه,2.46,750.0,0.0,14.0,0.0,0.0,0.0,0.0,زرد,انگشتر,60.0,,Img20260705-877.jpg
2259,کار ساخته بازار,GD01004516 - انگشتر کارتیر,2.56,750.0,0.0,13.0,0.0,0.0,0.0,0.0,زرد,انگشتر,60.0,,Img20250624-62.jpg
2260,کار ساخته بازار,GD01004506 - الیزابت,20.21,750.0,3.0,7.0,0.0,0.0,0.0,0.0,زرد,سرویس,,,Img20250621-113.jpg
2261,کار ساخته بازار,GD01004483 - M.S RING,1.89,750.0,7.0,9.0,0.0,0.0,0.0,0.0,زرد,انگشتر,,,Img20250702-1693.jpg
2262,کار ساخته بازار,GD01004472 - صدرا,16.36,750.0,11.5,13.0,0.0,0.0,0.0,0.0,زرد,دستبند,3.0,,Img20260705-505.jpg
2263,کار ساخته بازار,GD01004447 - پروانه,0.56,750.0,0.0,0.0,4000000.0,4400000.0,0.0,0.0,زرد,مدال,,,Img20260706-262.jpg
2264,کار ساخته بازار,GD01004436 - انگشتر,2.64,750.0,11.0,13.0,0.0,0.0,0.0,0.0,زرد,انگشتر,,,Img20250612-364.jpg
2265,کار ساخته بازار,GD01004430 - پلاک آذر,5.09,750.0,7.5,12.0,0.0,0.0,0.0,0.0,دو رنگ,مدال,,,Img20260705-33.jpg
2266,کار ساخته بازار,GD01004412,8.77,750.0,9.0,10.0,0.0,0.0,0.0,0.0,زرد,تک پوش,1.0,,Img20260707-502.jpg
2267,کار ساخته بازار,GD01004409,7.76,750.0,10.5,11.0,0.0,0.0,0.0,0.0,دو رنگ,النگو,1.0,,Img20260707-823.jpg
2268,کار ساخته بازار,GD01004408,7.56,750.0,10.5,11.0,0.0,0.0,0.0,0.0,دو رنگ,النگو,1.0,,Img20260707-147.jpg
2269,کار ساخته بازار,GD01004407,6.83,750.0,10.5,11.0,0.0,0.0,0.0,0.0,دو رنگ,النگو,2.0,,Img20260707-815.jpg
2270,کار ساخته بازار,GD01004401 - آرین,6.71,750.0,6.5,7.5,0.0,0.0,0.0,0.0,زرد,النگو,2.0,,Img20260707-993.jpg
2271,کار ساخته بازار,GD01004400 - آرین,6.02,750.0,6.5,7.5,0.0,0.0,0.0,0.0,زرد,النگو,2.0,,Img20260707-202.jpg
2272,کار ساخته بازار,GD01004399 - 620,9.51,750.0,6.0,8.0,0.0,0.0,0.0,0.0,سفید,النگو,3.0,,Img20250612-998.jpg
2273,کار ساخته بازار,GD01004379 - انگشتر اس تی,3.44,750.0,9.5,13.0,0.0,0.0,0.0,0.0,زرد,انگشتر,,,Img20260707-784.jpg
2274,کار ساخته بازار,GD01004376 - النگو برج 90,3.26,750.0,5.8,7.0,0.0,0.0,0.0,0.0,زرد,النگو,1.0,,Img20260707-793.jpg
2275,کار ساخته بازار,GD01004375 - النگو برج 90,3.42,750.0,5.8,7.0,0.0,0.0,0.0,0.0,زرد,النگو,1.0,,Img20260707-810.jpg
2276,کار ساخته بازار,GD01004374 - النگو برج 90,3.41,750.0,5.8,7.0,0.0,0.0,0.0,0.0,زرد,النگو,2.0,,Img20260707-581.jpg
2277,کار ساخته بازار,GD01004373 - النگو برج 90,3.4,750.0,5.8,7.0,0.0,0.0,0.0,0.0,زرد,النگو,1.0,,Img20260707-133.jpg
2278,کار ساخته بازار,GD01004372 - النگو برج 90,3.33,750.0,5.8,7.0,0.0,0.0,0.0,0.0,زرد,النگو,1.0,,Img20260707-750.jpg
2279,کار ساخته بازار,GD01004371 - النگو برج 90,3.45,750.0,5.8,7.0,0.0,0.0,0.0,0.0,زرد,النگو,1.0,,Img20260707-720.jpg
2280,کار ساخته بازار,GD01004370 - النگو برج 90,3.6,750.0,5.8,7.0,0.0,0.0,0.0,0.0,زرد,النگو,2.0,,Img20260707-236.jpg
2281,کار ساخته بازار,GD01004369 - النگو برج 90,3.64,750.0,5.8,7.0,0.0,0.0,0.0,0.0,زرد,النگو,3.0,,Img20260707-241.jpg
2282,کار ساخته بازار,GD01004368 - النگو برج 90,3.49,750.0,5.8,7.0,0.0,0.0,0.0,0.0,زرد,النگو,2.0,,Img20260707-847.jpg
2283,کار ساخته بازار,GD01004367 - النگو برج 90,3.77,750.0,5.8,7.0,0.0,0.0,0.0,0.0,زرد,النگو,2.0,,Img20260707-730.jpg
2284,کار ساخته بازار,GD01004366 - النگو برج 90,3.52,750.0,5.8,7.0,0.0,0.0,0.0,0.0,زرد,النگو,2.0,,Img20260707-477.jpg
2285,کار ساخته بازار,GD01004365 - النگو برج 90,3.89,750.0,5.8,7.0,0.0,0.0,0.0,0.0,زرد,النگو,3.0,,Img20260707-619.jpg
2286,کار ساخته بازار,GD01004364 - النگو برج 90,3.79,750.0,5.8,7.0,0.0,0.0,0.0,0.0,زرد,النگو,4.0,,Img20260707-931.jpg
2287,کار ساخته بازار,GD01004363 - النگو برج 90,3.74,750.0,5.8,7.0,0.0,0.0,0.0,0.0,زرد,النگو,3.0,,Img20260707-732.jpg
2288,کار ساخته بازار,GD01004362 - النگو برج 90,3.59,750.0,5.8,7.0,0.0,0.0,0.0,0.0,زرد,النگو,2.0,,Img20260707-448.jpg
2289,کار ساخته بازار,GD01004361 - النگو برج 90,3.8,750.0,5.8,7.0,0.0,0.0,0.0,0.0,زرد,النگو,3.0,,Img20260707-74.jpg
2290,کار ساخته بازار,GD01004360 - النگو برج 90,3.85,750.0,5.8,7.0,0.0,0.0,0.0,0.0,زرد,النگو,4.0,,Img20260707-153.jpg
2291,کار ساخته بازار,GD01004359 - النگو برج 90,4.05,750.0,5.8,7.0,0.0,0.0,0.0,0.0,زرد,النگو,4.0,,Img20260707-4.jpg
2292,کار ساخته بازار,GD01004358 - النگو برج 90,3.96,750.0,5.8,7.0,0.0,0.0,0.0,0.0,زرد,النگو,4.0,,Img20260707-352.jpg
2293,کار ساخته بازار,GD01004357 - النگو برج 90,3.91,750.0,5.8,7.0,0.0,0.0,0.0,0.0,زرد,النگو,4.0,,Img20260707-360.jpg
2294,کار ساخته بازار,GD01004356 - النگو برج 90,3.86,750.0,5.8,7.0,0.0,0.0,0.0,0.0,زرد,النگو,4.0,,Img20260707-514.jpg
2295,کار ساخته بازار,GD01004355 - النگو برج 90,3.36,750.0,5.8,7.0,0.0,0.0,0.0,0.0,زرد,النگو,1.0,,Img20260707-942.jpg
2296,کار ساخته بازار,GD01004354 - النگو برج 90,3.44,750.0,5.8,7.0,0.0,0.0,0.0,0.0,زرد,النگو,3.0,,Img20260707-428.jpg
2297,کار ساخته بازار,GD01004353 - النگو برج 90,3.9,750.0,5.8,7.0,0.0,0.0,0.0,0.0,زرد,النگو,3.0,,Img20260708-931.jpg
2298,کار ساخته بازار,GD01004352 - گوشواره,1.57,750.0,12.0,13.0,0.0,0.0,0.0,0.0,دو رنگ,گوشواره,,,Img20250626-34.jpg
2299,کار ساخته بازار,GD01004346 - گوشواره,3.6,750.0,15.0,17.0,0.0,0.0,7500000.0,15000000.0,سفید,سرویس,,,Img20250626-682.jpg
2300,کار ساخته بازار,GD01004344 - دستبند,6.52,750.0,15.0,17.0,0.0,0.0,5000000.0,10000000.0,سفید,سرویس,,,Img20250626-698.jpg
2301,کار ساخته بازار,GD01004343 - گردنبند,17.32,750.0,15.0,17.0,0.0,0.0,5000000.0,10000000.0,سفید,سرویس,,,Img20260706-163.jpg
2302,کار ساخته بازار,GD01004339 - شانل,3.51,750.0,0.0,7.0,0.0,0.0,0.0,0.0,,گوشواره,,,Img20260708-365.jpg
2303,کار ساخته بازار,GD01004313 - C,0.22,750.0,0.0,0.0,3000000.0,3000000.0,0.0,0.0,زرد,دستبند,,,Img20250621-945.jpg
2304,کار ساخته بازار,GD01004310 - D,0.39,750.0,0.0,0.0,3000000.0,3000000.0,0.0,0.0,,دستبند,,,Img20250624-54.jpg
2305,کار ساخته بازار,GD01004280,3.12,750.0,15.0,16.0,0.0,0.0,0.0,0.0,دو رنگ,زنجیر,,,Img20250624-759.jpg
2306,کار ساخته بازار,GD01004279,0.8,750.0,16.0,17.0,0.0,0.0,0.0,0.0,زرد,زنجیر,,,Img20250624-696.jpg
2307,کار ساخته بازار,GD01004278,5.24,750.0,15.0,16.0,0.0,0.0,0.0,0.0,زرد,مدال,,,Img20250624-333.jpg
2308,کار ساخته بازار,GD01004277 - انار,0.11,750.0,0.0,0.0,2000000.0,4000000.0,0.0,0.0,زرد,مدال,,,Img20250622-524.jpg
2309,کار ساخته بازار,GD01004269,1.0,750.0,6.5,10.0,0.0,0.0,0.0,0.0,دو رنگ,مدال,,,Img20260707-143.jpg
2310,کار ساخته بازار,GD01004265,2.04,750.0,5.0,7.0,0.0,0.0,0.0,0.0,سفید,النگو,0.3,,Img20260706-447.jpg
2311,کار ساخته بازار,GD01004264,1.64,750.0,4.0,10.0,0.0,0.0,0.0,0.0,زرد,گوشواره,,,Img20250708-915.jpg
2312,کار ساخته بازار,GD01004251 - ارگ,18.88,750.0,7.0,8.0,0.0,0.0,0.0,0.0,زرد,تک پوش,1.0,,Img20250624-540.jpg
2313,کار ساخته بازار,GD01004246 - بخیه,1.29,750.0,10.0,14.0,0.0,0.0,0.0,0.0,زرد,گوشواره,,,Img20250621-222.jpg
2314,کار ساخته بازار,GD01004243 - ماه تولد,0.46,750.0,0.0,0.0,4000000.0,4000000.0,0.0,0.0,زرد,مدال,,,Img20250621-983.jpg
2315,کار ساخته بازار,GD01004242 - ماه تولد,0.48,750.0,0.0,0.0,4000000.0,4000000.0,0.0,0.0,زرد,مدال,,,Img20260706-188.jpg
2316,کار ساخته بازار,GD01004241 - فیروزه,2.94,750.0,16.0,18.0,0.0,0.0,0.0,0.0,زرد,انگشتر,,,Img20260704-973.jpg
2317,کار ساخته بازار,GD01004234 - تکپوش آوا,6.67,750.0,11.0,12.0,0.0,0.0,0.0,0.0,دو رنگ,تک پوش,1.0,,Img20250708-160.jpg
2318,کار ساخته بازار,GD01004233 - تکپوش آوا,7.61,750.0,11.0,12.0,0.0,0.0,0.0,0.0,دو رنگ,تک پوش,3.0,,Img20250708-313.jpg
2319,کار ساخته بازار,GD01004232 - تکپوش آوا,7.49,750.0,11.0,12.0,0.0,0.0,0.0,0.0,دو رنگ,تک پوش,3.0,,Img20250708-23.jpg
2320,کار ساخته بازار,GD01004231 - تکپوش آوا,7.02,750.0,11.0,12.0,0.0,0.0,0.0,0.0,دو رنگ,تک پوش,2.0,,Img20250708-989.jpg
2321,کار ساخته بازار,GD01004230 - تکپوش آوا,6.95,750.0,11.0,12.0,0.0,0.0,0.0,0.0,دو رنگ,تک پوش,2.0,,Img20250708-263.jpg
2322,کار ساخته بازار,GD01004229 - تکپوش آوا,7.02,750.0,11.0,12.0,0.0,0.0,0.0,0.0,دو رنگ,تک پوش,2.0,,Img20260705-263.jpg
2323,کار ساخته بازار,GD01004228 - تکپوش آرتمیس,8.38,750.0,7.0,8.0,0.0,0.0,0.0,0.0,سفید,تک پوش,3.0,,Img20250611-7.jpg
2324,کار ساخته بازار,GD01004224 - رز,12.43,750.0,7.0,8.0,0.0,0.0,0.0,0.0,دو رنگ,تک پوش,3.0,,Img20250611-877.jpg
2325,کار ساخته بازار,GD01004221 - تکپوش استار,16.11,750.0,7.0,8.0,0.0,0.0,0.0,0.0,زرد,تک پوش,3.0,,Img20250612-297.jpg
2326,کار ساخته بازار,GD01004218 - تکپوش تکنیک,10.94,750.0,7.0,8.0,0.0,0.0,0.0,0.0,زرد,تک پوش,3.0,,Img20250611-811.jpg
2327,کار ساخته بازار,GD01004215 - تکپوش سوزنی,13.13,750.0,9.0,10.0,0.0,0.0,0.0,0.0,زرد,تک پوش,1.0,,Img20250611-830.jpg
2328,کار ساخته بازار,GD01004214 - تکپوش وحید,19.07,750.0,7.0,8.0,0.0,0.0,0.0,0.0,زرد,تک پوش,3.0,,Img20250624-547.jpg
2329,کار ساخته بازار,GD01004212 - تکپوش زر آرام,5.56,750.0,7.5,8.5,0.0,0.0,0.0,0.0,دو رنگ,تک پوش,3.0,,Img20250624-844.jpg
2330,کار ساخته بازار,GD01004209 - تکپوش مارلیک,4.92,750.0,7.5,8.5,0.0,0.0,0.0,0.0,دو رنگ,تک پوش,3.0,,Img20250624-372.jpg
2331,کار ساخته بازار,GD01004208 - ایرانا,5.45,750.0,8.5,9.0,0.0,0.0,0.0,0.0,زرد,تک پوش,2.0,,Img20250624-35.jpg
2332,کار ساخته بازار,GD01004204 - ایرانا,8.23,750.0,8.5,9.0,0.0,0.0,0.0,0.0,زرد,تک پوش,4.0,,Img20250708-621.jpg
2333,کار ساخته بازار,GD01004202 - تکپوش ثنا,14.43,750.0,7.0,8.0,0.0,0.0,0.0,0.0,زرد,تک پوش,3.0,,Img20250612-419.jpg
2334,کار ساخته بازار,GD01004199 - تکپوش ارگ,15.93,750.0,7.0,8.0,0.0,0.0,0.0,0.0,زرد,تک پوش,1.0,,Img20260705-211.jpg
2335,کار ساخته بازار,GD01004198 - تکپوش کارتیر,26.02,750.0,11.0,13.0,0.0,0.0,0.0,0.0,زرد,تک پوش,4.0,,Img20260705-775.jpg
2336,کار ساخته بازار,GD01004197 - تکپوش کارتیر,24.87,750.0,11.0,13.0,0.0,0.0,0.0,0.0,زرد,تک پوش,3.0,,Img20260705-866.jpg
2337,کار ساخته بازار,GD01004196 - تکپوش کارتیر,25.07,750.0,11.0,13.0,0.0,0.0,0.0,0.0,زرد,تک پوش,2.0,,Img20260705-596.jpg
2338,کار ساخته بازار,GD01004195 - تکپوش ونکلیف,12.12,750.0,11.0,13.0,0.0,0.0,0.0,0.0,رزگلد,تک پوش,2.0,,Img20260705-50.jpg
2339,کار ساخته بازار,GD01004194 - تکپوش ونکلیف,13.3,750.0,11.0,13.0,0.0,0.0,0.0,0.0,رزگلد,تک پوش,3.0,,Img20250612-367.jpg
2340,کار ساخته بازار,GD01004189 - فنری,12.29,750.0,6.0,7.0,0.0,0.0,0.0,0.0,دو رنگ,تک پوش,1.0,,Img20250612-752.jpg
2341,کار ساخته بازار,GD01004187 - فنری,15.21,750.0,6.0,7.0,0.0,0.0,0.0,0.0,دو رنگ,تک پوش,3.0,,Img20250612-104.jpg
2342,کار ساخته بازار,GD01004186 - فنری,15.21,750.0,6.0,7.0,0.0,0.0,0.0,0.0,دو رنگ,تک پوش,3.0,,Img20250611-981.jpg
2343,کار ساخته بازار,GD01004183,13.95,750.0,6.0,7.0,0.0,0.0,0.0,0.0,دو رنگ,تک پوش,2.0,,Img20250612-345.jpg
2344,کار ساخته بازار,GD01004180 - تکپوش,13.8,750.0,6.0,7.0,0.0,0.0,0.0,0.0,دو رنگ,تک پوش,2.0,,Img20250611-1549.jpg
2345,کار ساخته بازار,GD01004177 - تکپوش آیسان,12.72,750.0,6.0,7.0,0.0,0.0,0.0,0.0,دو رنگ,تک پوش,2.0,,Img20250612-40.jpg
2346,کار ساخته بازار,GD01004176 - تکپوش عربی,13.46,750.0,6.0,7.0,0.0,0.0,0.0,0.0,زرد,تک پوش,1.0,,Img20250612-879.jpg
2347,کار ساخته بازار,GD01004175 - تکپوش کیان,11.13,750.0,6.0,7.0,0.0,0.0,0.0,0.0,دو رنگ,تک پوش,1.0,,Img20250612-299.jpg
2348,کار ساخته بازار,GD01004174 - تکپوش آرسو,16.3,750.0,6.0,7.0,0.0,0.0,0.0,0.0,زرد,تک پوش,1.0,,Img20260704-45.jpg
2349,کار ساخته بازار,GD01004173 - تکپوش برج,10.39,750.0,7.0,8.0,0.0,0.0,0.0,0.0,دو رنگ,تک پوش,3.0,,Img20250611-908.jpg
2350,کار ساخته بازار,GD01004172 - تکپوش برج,11.09,750.0,7.0,8.0,0.0,0.0,0.0,0.0,دو رنگ,تک پوش,3.0,,Img20260704-160.jpg
2351,کار ساخته بازار,GD01004169 - تکپوش شرکت گلد,16.9,750.0,7.0,8.0,0.0,0.0,0.0,0.0,زرد,تک پوش,2.0,,Img20250708-675.jpg
2352,کار ساخته بازار,GD01004168 - تکپوش شرکت گلد,18.14,750.0,7.0,8.0,0.0,0.0,0.0,0.0,زرد,تک پوش,3.0,,Img20260704-557.jpg
2353,کار ساخته بازار,GD01004166 - تکپوش ژیکال,10.39,750.0,7.0,8.0,0.0,0.0,0.0,0.0,زرد,تک پوش,2.0,,Img20260706-14.jpg
2354,کار ساخته بازار,GD01004162 - تکپوش فلورا,8.49,750.0,11.0,12.0,0.0,0.0,0.0,0.0,دو رنگ,تک پوش,3.0,,Img20250708-402.jpg
2355,کار ساخته بازار,GD01004159 - تکپوش پورهنگ,13.31,750.0,7.5,8.5,0.0,0.0,0.0,0.0,دو رنگ,تک پوش,3.0,,Img20250713-126.jpg
2356,کار ساخته بازار,GD01004155 - تکپوش کاراکو,5.95,750.0,7.5,8.5,0.0,0.0,0.0,0.0,زرد,تک پوش,2.0,,Img20250621-173.jpg
2357,کار ساخته بازار,GD01004146 - تکپوش خلیج,14.94,750.0,7.0,8.0,0.0,0.0,0.0,0.0,زرد,تک پوش,2.0,,Img20250612-283.jpg
2358,کار ساخته بازار,GD01004144 - تکپوش آلفا,18.98,750.0,7.0,8.0,0.0,0.0,0.0,0.0,زرد,تک پوش,1.0,,Img20250612-576.jpg
2359,کار ساخته بازار,GD01004142 - تکپوش لیانا,10.7,750.0,7.0,8.0,0.0,0.0,0.0,0.0,سفید,تک پوش,1.0,,Img20250612-95.jpg
2360,کار ساخته بازار,GD01004137 - تکپوش اپل,20.3,750.0,7.0,8.0,0.0,0.0,0.0,0.0,دو رنگ,تک پوش,1.0,,Img20250612-957.jpg
2361,کار ساخته بازار,GD01004135 - تکپوش ارگ,19.12,750.0,7.0,8.0,0.0,0.0,0.0,0.0,زرد,تک پوش,1.0,,Img20250612-238.jpg
2362,کار ساخته بازار,GD01004125 - تکپوش امین,8.7,750.0,7.0,8.0,0.0,0.0,0.0,0.0,زرد,تک پوش,2.0,,Img20250612-631.jpg
2363,کار ساخته بازار,GD01004123 - تکپوش کارتیر,20.87,750.0,13.0,15.0,0.0,0.0,0.0,0.0,زرد,تک پوش,1.0,,Img20250612-291.jpg
2364,کار ساخته بازار,GD01004122 - تکپوش ایفل,11.46,750.0,7.0,8.0,0.0,0.0,0.0,0.0,دو رنگ,تک پوش,1.0,,Img20250612-206.jpg
2365,کار ساخته بازار,GD01004121 - تکپوش رولکس,9.91,750.0,7.0,8.0,0.0,0.0,0.0,0.0,زرد,تک پوش,1.0,,Img20250612-255.jpg
2366,کار ساخته بازار,GD01004119 - تکپوش افراز,14.83,750.0,7.0,8.0,0.0,0.0,0.0,0.0,دو رنگ,تک پوش,2.0,,Img20250612-554.jpg
2367,کار ساخته بازار,GD01004118 - تکپوش ایفل,11.87,750.0,7.0,8.0,0.0,0.0,0.0,0.0,سفید,تک پوش,3.0,,Img20250612-798.jpg
2368,کار ساخته بازار,GD01004116 - تکپوش رز,11.1,750.0,7.0,8.0,0.0,0.0,0.0,0.0,دو رنگ,تک پوش,2.0,,Img20250612-140.jpg
2369,کار ساخته بازار,GD01004107 - تکپوش پانامرا,13.78,750.0,7.0,8.0,0.0,0.0,0.0,0.0,دو رنگ,تک پوش,1.0,,Img20250612-839.jpg
2370,کار ساخته بازار,GD01004106 - تکپوش رز,11.9,750.0,7.0,8.0,0.0,0.0,0.0,0.0,دو رنگ,تک پوش,,,Img20250612-904.jpg
2371,کار ساخته بازار,GD01004104 - تکپوش امین,9.69,750.0,7.0,8.0,0.0,0.0,0.0,0.0,زرد,تک پوش,3.0,,Img20250612-513.jpg
2372,کار ساخته بازار,GD01004102 - تکپوش ونک,10.31,750.0,5.0,8.0,0.0,0.0,0.0,0.0,زرد,تک پوش,2.0,,Img20250612-881.jpg
2373,کار ساخته بازار,GD01004099 - تکپوش شرکت گلد,11.17,750.0,7.0,8.0,0.0,0.0,0.0,0.0,دو رنگ,تک پوش,2.0,,Img20250708-224.jpg
2374,کار ساخته بازار,GD01004098 - تکپوش ارین,24.49,750.0,10.0,11.0,0.0,0.0,0.0,0.0,زرد,تک پوش,5.0,,Img20250612-809.jpg
2375,کار ساخته بازار,GD01004097 - تکپوش ثنا,15.19,750.0,7.0,8.0,0.0,0.0,0.0,0.0,زرد,تک پوش,3.0,,Img20250612-822.jpg
2376,کار ساخته بازار,GD01004095 - تکپوش یاشین,12.29,750.0,7.0,8.0,0.0,0.0,0.0,0.0,زرد,تک پوش,1.0,,Img20250612-2.jpg
2377,کار ساخته بازار,GD01004094 - تکپوش نور,11.62,750.0,7.0,8.0,0.0,0.0,0.0,0.0,دو رنگ,تک پوش,3.0,,Img20250612-69.jpg
2378,کار ساخته بازار,GD01004093 - تکپوش ٍآرتمیس,13.51,750.0,7.0,8.0,0.0,0.0,0.0,0.0,زرد,تک پوش,3.0,,Img20250607-53.jpg
2379,کار ساخته بازار,GD01004091 - انگشتر تیفانی,1.26,750.0,14.0,15.0,0.0,0.0,0.0,0.0,زرد,انگشتر,,,Img20250612-316.jpg
2380,کار ساخته بازار,GD01004089 - تکپوش بیوتی گلد,13.2,750.0,7.0,8.0,0.0,0.0,0.0,0.0,زرد,تک پوش,1.0,,Img20250612-331.jpg
2381,کار ساخته بازار,GD01004088 - تکپوش یاشین,12.39,750.0,7.0,8.0,0.0,0.0,0.0,0.0,زرد,تک پوش,1.0,,Img20250612-359.jpg
2382,کار ساخته بازار,GD01004087 - تکپوش نور,12.02,750.0,7.0,8.0,0.0,0.0,0.0,0.0,دو رنگ,تک پوش,2.0,,Img20250612-920.jpg
2383,کار ساخته بازار,GD01004086 - تکپوش دل آسا,15.09,750.0,7.0,8.0,0.0,0.0,0.0,0.0,دو رنگ,تک پوش,3.0,,Img20250612-85.jpg
2384,کار ساخته بازار,GD01004085 - تکپوش تات,13.04,750.0,7.0,8.0,0.0,0.0,0.0,0.0,زرد,تک پوش,2.0,,Img20250612-355.jpg
2385,کار ساخته بازار,GD01004079 - تکپوش رز,13.52,750.0,7.0,8.0,0.0,0.0,0.0,0.0,دو رنگ,تک پوش,2.0,,Img20250612-593.jpg
2386,کار ساخته بازار,GD01004075 - تکپوش آرین,21.55,750.0,10.0,12.0,0.0,0.0,0.0,0.0,زرد,تک پوش,2.0,,Img20250611-377.jpg
2387,کار ساخته بازار,GD01004074 - تکپوش شرکت گلد,11.37,750.0,7.0,8.0,0.0,0.0,0.0,0.0,دو رنگ,تک پوش,3.0,,Img20250612-374.jpg
2388,کار ساخته بازار,GD01004070 - تکپوش ارگ,14.6,750.0,9.0,10.0,0.0,0.0,0.0,0.0,سفید,تک پوش,3.0,,Img20250611-8.jpg
2389,کار ساخته بازار,GD01004068 - تکپوش برلیان,8.19,750.0,4.0,8.0,0.0,0.0,0.0,0.0,سفید,تک پوش,2.0,,Img20250611-402.jpg
2390,کار ساخته بازار,GD01004065 - تکپوش یوسف,8.95,750.0,7.0,8.0,0.0,0.0,0.0,0.0,زرد,تک پوش,1.0,,Img20250612-567.jpg
2391,کار ساخته بازار,GD01004062 - تکپوش ارگ,15.29,750.0,7.0,8.0,0.0,0.0,0.0,0.0,دو رنگ,تک پوش,1.0,,Img20250612-936.jpg
2392,کار ساخته بازار,GD01004061 - تکپوش نور,10.47,750.0,7.0,8.0,0.0,0.0,0.0,0.0,دو رنگ,تک پوش,1.0,,Img20250611-801.jpg
2393,کار ساخته بازار,GD01004057 - تکپوش برج,8.46,750.0,7.0,8.0,0.0,0.0,0.0,0.0,سفید,تک پوش,1.0,,Img20250611-935.jpg
2394,کار ساخته بازار,GD01004050 - تکپوش fv[,9.65,750.0,7.0,8.0,0.0,0.0,0.0,0.0,زرد,تک پوش,1.0,,Img20250611-516.jpg
2395,کار ساخته بازار,GD01004044 - تکپوش تابان,11.28,750.0,7.0,8.0,0.0,0.0,0.0,0.0,زرد,تک پوش,1.0,,Img20250611-106.jpg
2396,کار ساخته بازار,GD01004040 - تکپوش آوین,10.34,750.0,7.0,8.0,0.0,0.0,0.0,0.0,دو رنگ,تک پوش,1.0,,Img20250611-529.jpg
2397,کار ساخته بازار,GD01004036 - تکپوش تمدن,11.38,750.0,7.0,8.0,0.0,0.0,0.0,0.0,زرد,تک پوش,2.0,,Img20250702-697.jpg
2398,کار ساخته بازار,GD01004032 - دستبند حروف,0.17,750.0,0.0,0.0,3000000.0,3000000.0,1500000.0,1500000.0,زرد,دستبند,,,Img20250702-414.jpg
2399,کار ساخته بازار,GD01004031 - دستبند حروف,0.46,750.0,0.0,0.0,3000000.0,3000000.0,1500000.0,1500000.0,زرد,دستبند,,,Img20250702-593.jpg
2400,کار ساخته بازار,GD01004030 - دستبند حروف,0.31,750.0,0.0,0.0,3000000.0,3000000.0,1500000.0,1500000.0,زرد,دستبند,,,Img20250702-1447.jpg
2401,کار ساخته بازار,GD01004026 - دستبند حروف,0.34,750.0,0.0,0.0,3000000.0,3000000.0,1500000.0,1500000.0,زرد,دستبند,,,Img20250702-932.jpg
2402,کار ساخته بازار,GD01004025 - دستبند حروف,0.35,750.0,0.0,0.0,3000000.0,3000000.0,1500000.0,1500000.0,زرد,دستبند,,,Img20250702-273.jpg
2403,کار ساخته بازار,GD01004024 - دستبند حروف,0.33,750.0,0.0,0.0,3000000.0,3000000.0,1500000.0,1500000.0,زرد,دستبند,,,Img20250702-80.jpg
2404,کار ساخته بازار,GD01004022 - دستبند حروف,0.18,750.0,0.0,0.0,3000000.0,3000000.0,1500000.0,1500000.0,زرد,دستبند,,,Img20250702-709.jpg
2405,کار ساخته بازار,GD01004019 - دستبند حروف,0.31,750.0,0.0,0.0,3000000.0,3000000.0,1500000.0,1500000.0,زرد,دستبند,,,Img20250702-35.jpg
2406,کار ساخته بازار,GD01004018 - دستبند حروف,0.32,750.0,0.0,0.0,3000000.0,3000000.0,1500000.0,1500000.0,زرد,دستبند,,,Img20250702-826.jpg
2407,کار ساخته بازار,GD01004017 - دستبند حروف,0.36,750.0,0.0,0.0,3000000.0,3000000.0,1500000.0,1500000.0,زرد,دستبند,,,Img20250702-50.jpg
2408,کار ساخته بازار,GD01004016 - دستبند حروف,0.4,750.0,0.0,0.0,3000000.0,3000000.0,1500000.0,1500000.0,زرد,دستبند,,,Img20250702-1336.jpg
2409,کار ساخته بازار,GD01004013 - دستبند حروف,0.25,750.0,0.0,0.0,3000000.0,3000000.0,1500000.0,1500000.0,زرد,دستبند,,,Img20250702-65.jpg
2410,کار ساخته بازار,GD01004011 - دستبند حروف,0.21,750.0,0.0,0.0,3000000.0,3000000.0,1500000.0,1500000.0,زرد,دستبند,,,Img20250702-853.jpg
2411,کار ساخته بازار,GD01004010 - دستبند حروف,0.16,750.0,0.0,0.0,3000000.0,3000000.0,1500000.0,1500000.0,زرد,دستبند,,,Img20250702-422.jpg
2412,کار ساخته بازار,GD01004009 - دستبند حروف,0.25,750.0,0.0,0.0,3000000.0,3000000.0,1500000.0,1500000.0,زرد,دستبند,,,Img20250702-997.jpg
2413,کار ساخته بازار,GD01004007 - دستبند حروف,0.5,750.0,0.0,0.0,3000000.0,3000000.0,1500000.0,1500000.0,زرد,دستبند,,,Img20250702-635.jpg
2414,کار ساخته بازار,GD01004006 - دستبند حروف,0.47,750.0,0.0,0.0,3000000.0,3000000.0,1500000.0,1500000.0,زرد,دستبند,,,Img20250702-236.jpg
2415,کار ساخته بازار,GD01004002 - دستبند حروف,0.46,750.0,0.0,0.0,3000000.0,3000000.0,1500000.0,1500000.0,زرد,دستبند,,,Img20250702-140.jpg
2416,کار ساخته بازار,GD01004001 - دستبندحروف,0.46,750.0,0.0,0.0,3000000.0,3000000.0,1500000.0,1500000.0,زرد,دستبند,,,Img20250611-454.jpg
2417,کار ساخته بازار,GD01003997 - آرین,25.28,750.0,7.0,8.0,0.0,0.0,0.0,0.0,زرد,تک پوش,3.0,,Img20250708-186.jpg
2418,کار ساخته بازار,GD01003996 - شراکت,15.64,750.0,7.0,8.0,0.0,0.0,0.0,0.0,دو رنگ,تک پوش,1.0,,Img20250713-263.jpg
2419,کار ساخته بازار,GD01003993,10.7,750.0,6.0,7.0,0.0,0.0,0.0,0.0,دو رنگ,تک پوش,2.0,,Img20250708-941.jpg
2420,کار ساخته بازار,GD01003991 - نقش جهان,18.84,750.0,6.0,8.0,0.0,0.0,0.0,0.0,زرد,تک پوش,3.0,,Img20250621-939.jpg
2421,کار ساخته بازار,GD01003990,0.61,750.0,7.0,10.0,0.0,0.0,0.0,0.0,زرد,مدال,,,Img20250621-856.jpg
2422,کار ساخته بازار,GD01003989,1.95,750.0,7.0,10.0,0.0,0.0,0.0,0.0,زرد,مدال,,,Img20250621-666.jpg
2423,کار ساخته بازار,GD01003985 - بالرین,0.98,750.0,7.0,10.0,0.0,0.0,0.0,0.0,زرد,مدال,,,Img20250608-213.jpg
2424,کار ساخته بازار,GD01003983 - طاووس,1.56,750.0,7.0,10.0,0.0,0.0,0.0,0.0,دو رنگ,مدال,,,Img20250708-466.jpg
2425,کار ساخته بازار,GD01003981 - اسمورف,1.29,750.0,7.0,10.0,0.0,0.0,0.0,0.0,دو رنگ,مدال,,,Img20250608-1166.jpg
2426,کار ساخته بازار,GD01003980 - شمش,2.22,750.0,7.0,10.0,0.0,0.0,0.0,0.0,زرد,مدال,,,Img20250621-37.jpg
2427,کار ساخته بازار,GD01003979 - صدف,1.21,750.0,7.0,10.0,0.0,0.0,0.0,0.0,دو رنگ,مدال,,,Img20250608-556.jpg
2428,کار ساخته بازار,GD01003974,1.39,750.0,7.0,10.0,0.0,0.0,0.0,0.0,زرد,مدال,,,Img20250608-466.jpg
2429,کار ساخته بازار,GD01003968,1.0,750.0,7.0,10.0,0.0,0.0,0.0,0.0,زرد,مدال,,,Img20250608-70.jpg
2430,کار ساخته بازار,GD01003967,1.51,750.0,7.0,10.0,0.0,0.0,0.0,0.0,زرد,مدال,,,Img20250621-378.jpg
2431,کار ساخته بازار,GD01003965,0.68,750.0,7.0,10.0,0.0,0.0,0.0,0.0,زرد,مدال,,,Img20250608-80.jpg
2432,کار ساخته بازار,GD01003960,1.97,750.0,12.0,13.0,0.0,0.0,0.0,0.0,دو رنگ,مدال,,,Img20250624-866.jpg
2433,کار ساخته بازار,GD01003959 - R,1.31,750.0,12.0,13.0,0.0,0.0,0.0,0.0,زرد,مدال,,,Img20250608-919.jpg
2434,کار ساخته بازار,GD01003958 - ایفل,1.63,750.0,12.0,13.0,0.0,0.0,0.0,0.0,زرد,مدال,,,Img20250608-670.jpg
2435,کار ساخته بازار,GD01003956 - عقاب,1.67,750.0,12.0,13.0,0.0,0.0,0.0,0.0,زرد,مدال,,,Img20250608-170.jpg
2436,کار ساخته بازار,GD01003953 - love,1.73,750.0,12.0,13.0,0.0,0.0,0.0,0.0,زرد,مدال,,,Img20250608-411.jpg
2437,کار ساخته بازار,GD01003952,2.78,750.0,12.0,13.0,0.0,0.0,0.0,0.0,زرد,مدال,,,Img20250608-99.jpg
2438,کار ساخته بازار,GD01003951,2.82,750.0,12.0,13.0,0.0,0.0,0.0,0.0,زرد,مدال,,,Img20250621-11.jpg
2439,کار ساخته بازار,GD01003950,2.4,750.0,12.0,13.0,0.0,0.0,0.0,0.0,زرد,مدال,,,Img20250608-122.jpg
2440,کار ساخته بازار,GD01003949,1.54,750.0,12.0,13.0,0.0,0.0,0.0,0.0,زرد,مدال,,,Img20250608-451.jpg
2441,کار ساخته بازار,GD01003948,1.09,750.0,12.0,13.0,0.0,0.0,0.0,0.0,زرد,مدال,,,Img20250608-253.jpg
2442,کار ساخته بازار,GD01003946,2.58,750.0,12.0,13.0,0.0,0.0,0.0,0.0,زرد,مدال,,,Img20250608-677.jpg
2443,کار ساخته بازار,GD01003945,2.56,750.0,12.0,13.0,0.0,0.0,0.0,0.0,زرد,مدال,,,Img20250608-525.jpg
2444,کار ساخته بازار,GD01003943,1.92,750.0,12.0,13.0,0.0,0.0,0.0,0.0,زرد,مدال,,,Img20250608-789.jpg
2445,کار ساخته بازار,GD01003940 - ورساچ,2.61,750.0,12.0,13.0,0.0,0.0,0.0,0.0,زرد,مدال,,,Img20250622-52.jpg
2446,کار ساخته بازار,GD01003939,1.97,750.0,13.0,14.0,0.0,0.0,0.0,0.0,زرد,مدال,,,Img20250624-602.jpg
2447,کار ساخته بازار,GD01003935,1.09,750.0,10.0,11.0,0.0,0.0,0.0,0.0,زرد,دستبند,,,Img20250624-148.jpg
2448,کار ساخته بازار,GD01003934,1.07,750.0,10.0,11.0,0.0,0.0,0.0,0.0,زرد,دستبند,,,Img20250622-336.jpg
2449,کار ساخته بازار,GD01003930,0.86,750.0,11.0,12.0,0.0,0.0,0.0,0.0,زرد,مدال,,,Img20250608-857.jpg
2450,کار ساخته بازار,GD01003924,1.91,750.0,22.0,23.0,0.0,0.0,0.0,0.0,سفید,دستبند,,,Img20250608-589.jpg
2451,کار ساخته بازار,GD01003923,4.23,750.0,15.0,16.0,0.0,0.0,0.0,0.0,سفید,دستبند,,,Img20250608-58.jpg
2452,کار ساخته بازار,GD01003918,2.53,750.0,12.5,13.0,0.0,0.0,0.0,0.0,سفید,دستبند,,,Img20250622-360.jpg
2453,کار ساخته بازار,GD01003916,1.97,750.0,7.0,10.0,0.0,0.0,0.0,0.0,زرد,مدال,,,Img20260704-923.jpg
2454,کار ساخته بازار,GD01003908,5.59,750.0,7.0,10.0,0.0,0.0,0.0,0.0,زرد,مدال,,,Img20250609-449.jpg
2455,کار ساخته بازار,GD01003907,9.03,750.0,12.0,13.0,0.0,0.0,0.0,0.0,زرد,دستبند,,,Img20250622-240.jpg
2456,کار ساخته بازار,GD01003906 - عقاب,0.96,750.0,10.0,12.0,0.0,0.0,0.0,0.0,زرد,مدال,,,Img20250609-292.jpg
2457,کار ساخته بازار,GD01003905,3.63,750.0,13.0,14.0,0.0,0.0,0.0,0.0,زرد,دستبند,,,Img20250622-822.jpg
2458,کار ساخته بازار,GD01003903,1.57,750.0,12.0,14.0,0.0,0.0,0.0,0.0,زرد,مدال,,,Img20250609-754.jpg
2459,کار ساخته بازار,GD01003897,2.34,750.0,12.0,14.0,0.0,0.0,0.0,0.0,زرد,دستبند,,,Img20250624-746.jpg
2460,کار ساخته بازار,GD01003896,2.33,750.0,11.0,13.0,0.0,0.0,0.0,0.0,زرد,مدال,,,Img20250624-61.jpg
2461,کار ساخته بازار,GD01003894,1.28,750.0,12.0,13.0,0.0,0.0,0.0,0.0,زرد,مدال,,,Img20250609-369.jpg
2462,کار ساخته بازار,GD01003892,4.18,750.0,12.0,14.0,0.0,0.0,0.0,0.0,زرد,دستبند,,,Img20250624-915.jpg
2463,کار ساخته بازار,GD01003889,2.08,750.0,14.0,14.0,0.0,0.0,0.0,0.0,زرد,مدال,,,Img20250702-1172.jpg
2464,کار ساخته بازار,GD01003887,2.09,750.0,12.0,14.0,0.0,0.0,0.0,0.0,زرد,مدال,,,Img20250622-86.jpg
2465,کار ساخته بازار,GD01003885,1.59,750.0,12.0,13.0,0.0,0.0,0.0,0.0,زرد,مدال,,,Img20250609-79.jpg
2466,کار ساخته بازار,GD01003883,7.65,750.0,14.0,15.0,0.0,0.0,0.0,0.0,زرد,دستبند,,,Img20250624-675.jpg
2467,کار ساخته بازار,GD01003882,1.4,750.0,12.0,14.0,0.0,0.0,0.0,0.0,زرد,مدال,,,Img20250609-186.jpg
2468,کار ساخته بازار,GD01003881,2.83,750.0,11.0,12.0,0.0,0.0,0.0,0.0,زرد,دستبند,,,Img20250609-999.jpg
2469,کار ساخته بازار,GD01003876,3.03,750.0,13.0,14.0,0.0,0.0,0.0,0.0,زرد,دستبند,,,Img20250609-473.jpg
2470,کار ساخته بازار,GD01003875,1.69,750.0,12.5,13.0,0.0,0.0,0.0,0.0,زرد,دستبند,,,Img20250622-454.jpg
2471,کار ساخته بازار,GD01003874,1.8,750.0,12.0,14.0,0.0,0.0,0.0,0.0,زرد,مدال,,,Img20250609-983.jpg
2472,کار ساخته بازار,GD01003873,12.75,750.0,12.0,13.0,0.0,0.0,0.0,0.0,زرد,دستبند,,,Img20250624-642.jpg
2473,کار ساخته بازار,GD01003872,1.57,750.0,12.5,13.0,0.0,0.0,0.0,0.0,زرد,مدال,,,Img20250708-331.jpg
2474,کار ساخته بازار,GD01003870,3.0,750.0,12.5,13.5,0.0,0.0,0.0,0.0,زرد,مدال,,,Img20250609-215.jpg
2475,کار ساخته بازار,GD01003868,12.05,750.0,10.0,12.0,0.0,0.0,0.0,0.0,زرد,دستبند,,,Img20250609-744.jpg
2476,کار ساخته بازار,GD01003867,16.02,750.0,12.5,13.0,0.0,0.0,0.0,0.0,زرد,دستبند,,,Img20250609-13.jpg
2477,کار ساخته بازار,GD01003865,1.1,750.0,13.0,14.0,0.0,0.0,0.0,0.0,رزگلد,دستبند,,,Img20250609-433.jpg
2478,کار ساخته بازار,GD01003860,3.58,750.0,13.0,14.0,0.0,0.0,0.0,0.0,رزگلد,دستبند,,,Img20250624-864.jpg
2479,کار ساخته بازار,GD01003837,1.83,750.0,12.0,14.0,0.0,0.0,0.0,0.0,زرد,مدال,,,Img20250624-259.jpg
2480,کار ساخته بازار,GD01003836,1.44,750.0,12.0,14.0,0.0,0.0,0.0,0.0,زرد,مدال,,,Img20250624-647.jpg
2481,کار ساخته بازار,GD01003835,2.18,750.0,12.0,13.0,0.0,0.0,0.0,0.0,زرد,مدال,,,Img20250624-46.jpg
2482,کار ساخته بازار,GD01003834,2.28,750.0,12.0,13.0,0.0,0.0,0.0,0.0,زرد,مدال,,,Img20260704-191.jpg
2483,کار ساخته بازار,GD01003833,0.46,750.0,16.0,17.0,0.0,0.0,0.0,0.0,زرد,زنجیر,,,Img20260704-80.jpg
2484,کار ساخته بازار,GD01003828,0.64,750.0,16.0,17.0,0.0,0.0,0.0,0.0,زرد,زنجیر,,,Img20260704-548.jpg
2485,کار ساخته بازار,GD01003827,0.83,750.0,16.0,17.0,0.0,0.0,0.0,0.0,زرد,زنجیر,,,Img20250624-983.jpg
2486,کار ساخته بازار,GD01003826,1.39,750.0,12.5,13.5,0.0,0.0,0.0,0.0,زرد,گوشواره,,,Img20250624-659.jpg
2487,کار ساخته بازار,GD01003823,3.91,750.0,12.5,13.5,0.0,0.0,0.0,0.0,زرد,گوشواره,,,Img20260704-37.jpg
2488,کار ساخته بازار,GD01003822,0.73,750.0,16.0,17.0,0.0,0.0,0.0,0.0,زرد,زنجیر,,,Img20250624-343.jpg
2489,کار ساخته بازار,GD01003821,3.92,750.0,12.5,13.5,0.0,0.0,0.0,0.0,زرد,گوشواره,,,Img20250624-645.jpg
2490,کار ساخته بازار,GD01003817,2.18,750.0,12.5,13.5,0.0,0.0,0.0,0.0,زرد,گوشواره,,,Img20250624-1044.jpg
2491,کار ساخته بازار,GD01003814,3.12,750.0,12.5,13.5,0.0,0.0,0.0,0.0,زرد,گوشواره,,,Img20260704-254.jpg
2492,کار ساخته بازار,GD01003811,1.97,750.0,15.0,16.0,0.0,0.0,0.0,0.0,زرد,زنجیر,,,Img20260704-578.jpg
2493,کار ساخته بازار,GD01003810,0.85,750.0,16.0,17.0,0.0,0.0,0.0,0.0,زرد,زنجیر,,,Img20260704-738.jpg
2494,کار ساخته بازار,GD01003809,0.86,750.0,16.0,17.0,0.0,0.0,0.0,0.0,زرد,زنجیر,,,Img20260704-479.jpg
2495,کار ساخته بازار,GD01003808,0.86,750.0,16.0,17.0,0.0,0.0,0.0,0.0,زرد,زنجیر,,,Img20260704-175.jpg
2496,کار ساخته بازار,GD01003806,1.25,750.0,13.0,14.0,0.0,0.0,0.0,0.0,سفید,زنجیر,,,Img20260704-818.jpg
2497,کار ساخته بازار,GD01003805,2.2,750.0,14.0,15.0,0.0,0.0,0.0,0.0,سفید,زنجیر,,,Img20250624-880.jpg
2498,کار ساخته بازار,GD01003804,2.34,750.0,12.0,13.0,0.0,0.0,0.0,0.0,زرد,گوشواره,,,Img20250624-710.jpg
2499,کار ساخته بازار,GD01003802,3.88,750.0,12.0,13.0,0.0,0.0,0.0,0.0,زرد,گوشواره,,,Img20260704-611.jpg
2500,کار ساخته بازار,GD01003801,1.48,750.0,13.0,14.0,0.0,0.0,0.0,0.0,زرد,زنجیر,,,Img20250624-845.jpg
2501,کار ساخته بازار,GD01003797,3.61,750.0,13.0,14.0,0.0,0.0,0.0,0.0,زرد,گوشواره,,,Img20250624-965.jpg
2502,کار ساخته بازار,GD01003795,3.5,750.0,13.0,14.0,0.0,0.0,0.0,0.0,رزگلد,گوشواره,,,Img20250624-256.jpg
2503,کار ساخته بازار,GD01003791,4.59,750.0,15.0,16.0,0.0,0.0,0.0,0.0,رزگلد,گوشواره,,,Img20260704-14.jpg
2504,کار ساخته بازار,GD01003790,1.12,750.0,12.0,13.0,0.0,0.0,0.0,0.0,زرد,زنجیر,,,Img20250624-873.jpg
2505,کار ساخته بازار,GD01003786,5.1,750.0,15.0,16.0,0.0,0.0,0.0,0.0,رزگلد,گوشواره,,,Img20250618-432.jpg
2506,کار ساخته بازار,GD01003780,0.81,750.0,16.0,18.0,0.0,0.0,0.0,0.0,زرد,زنجیر,,,Img20250611-928.jpg
2507,کار ساخته بازار,GD01003777,5.0,750.0,12.0,13.0,0.0,0.0,0.0,0.0,زرد,زنجیر,,,Img20250611-84.jpg
2508,کار ساخته بازار,GD01003776,3.18,750.0,16.0,17.0,0.0,0.0,0.0,0.0,سفید,زنجیر,,,Img20250611-566.jpg
2509,کار ساخته بازار,GD01003772,8.91,750.0,15.0,16.0,0.0,0.0,0.0,0.0,دو رنگ,زنجیر,,,Img20250702-731.jpg
2510,کار ساخته بازار,GD01003767,5.27,750.0,12.5,13.5,0.0,0.0,0.0,0.0,دو رنگ,زنجیر,,,Img20250611-750.jpg
2511,کار ساخته بازار,GD01003762,8.12,750.0,16.0,17.0,0.0,0.0,0.0,0.0,زرد,زنجیر,,,Img20250609-494.jpg
2512,کار ساخته بازار,GD01003759,2.23,750.0,12.0,13.0,0.0,0.0,0.0,0.0,سفید,زنجیر,,,Img20250609-461.jpg
2513,کار ساخته بازار,GD01003758 - پژو,2.83,750.0,16.0,17.0,0.0,0.0,0.0,0.0,سفید,مدال,,,Img20250623-367.jpg
2514,کار ساخته بازار,GD01003757,5.55,750.0,7.0,10.0,0.0,0.0,0.0,0.0,زرد,مدال,,,Img20250702-982.jpg
2515,کار ساخته بازار,GD01003756,2.7,750.0,19.0,20.0,0.0,0.0,0.0,0.0,زرد,مدال,,,Img20250611-1770.jpg
2516,کار ساخته بازار,GD01003753,6.5,750.0,14.0,15.0,0.0,0.0,0.0,0.0,زرد,مدال,,,Img20250611-662.jpg
2517,کار ساخته بازار,GD01003751,8.04,750.0,11.0,12.0,0.0,0.0,0.0,0.0,زرد,مدال,,,Img20250609-6.jpg
2518,کار ساخته بازار,GD01003750 - پ,4.28,750.0,14.0,15.0,0.0,0.0,0.0,0.0,دو رنگ,مدال,,,Img20250611-762.jpg
2519,کار ساخته بازار,GD01003745,3.9,750.0,9.0,10.0,0.0,0.0,0.0,0.0,زرد,مدال,,,Img20250702-575.jpg
2520,کار ساخته بازار,GD01003743,2.41,750.0,11.0,13.0,0.0,0.0,0.0,0.0,زرد,مدال,,,Img20250609-172.jpg
2521,کار ساخته بازار,GD01003742,4.01,750.0,11.0,13.0,0.0,0.0,0.0,0.0,سفید,مدال,,,Img20250611-244.jpg
2522,کار ساخته بازار,GD01003740 - عروسک,1.33,750.0,13.0,14.0,0.0,0.0,0.0,0.0,زرد,مدال,,,Img20260124-362.jpg
2523,کار ساخته بازار,GD01003739,2.18,750.0,0.0,7.0,0.0,0.0,0.0,0.0,زرد,مدال,,,Img20250623-625.jpg
2524,کار ساخته بازار,GD01003734,0.52,750.0,16.0,17.0,0.0,0.0,0.0,0.0,زرد,زنجیر,,,Img20250702-495.jpg
2525,کار ساخته بازار,GD01003729,4.8,750.0,7.0,10.0,0.0,0.0,0.0,0.0,زرد,مدال,,,Img20250623-379.jpg
2526,کار ساخته بازار,GD01003727,1.78,750.0,14.0,16.0,0.0,0.0,0.0,0.0,سفید,زنجیر,,,Img20250702-779.jpg
2527,کار ساخته بازار,GD01003725,2.52,750.0,12.0,13.0,0.0,0.0,0.0,0.0,زرد,زنجیر,,,Img20250623-14.jpg
2528,کار ساخته بازار,GD01003720,2.59,750.0,13.0,14.0,0.0,0.0,0.0,0.0,سفید,زنجیر,,,Img20250611-723.jpg
2529,کار ساخته بازار,GD01003716,10.71,750.0,17.0,18.0,0.0,0.0,0.0,0.0,زرد,زنجیر,,,Img20250611-134.jpg
2530,کار ساخته بازار,GD01003715,6.58,750.0,14.0,15.0,0.0,0.0,0.0,0.0,زرد,زنجیر,,,Img20250702-468.jpg
2531,کار ساخته بازار,GD01003713,7.64,750.0,18.0,19.0,0.0,0.0,0.0,0.0,زرد,زنجیر,,,Img20250611-182.jpg
2532,کار ساخته بازار,GD01003712,7.91,750.0,18.0,19.0,0.0,0.0,0.0,0.0,زرد,زنجیر,,,Img20250702-295.jpg
2533,کار ساخته بازار,GD01003703 - ترک,8.51,750.0,14.0,15.0,0.0,0.0,0.0,0.0,زرد,زنجیر,,,Img20250609-609.jpg
2534,کار ساخته بازار,GD01003701 - البرنادو,2.66,750.0,12.0,14.0,0.0,0.0,0.0,0.0,زرد,زنجیر,,,Img20250611-892.jpg
2535,کار ساخته بازار,GD01003698 - ٍ,5.1,750.0,13.0,14.0,0.0,0.0,0.0,0.0,زرد,زنجیر,,,Img20250702-577.jpg
2536,کار ساخته بازار,GD01003696 - یزدی,14.8,750.0,6.0,8.0,0.0,0.0,0.0,0.0,زرد,زنجیر,,,Img20250623-104.jpg
2537,کار ساخته بازار,GD01003694 - نرمال,4.11,750.0,17.0,18.0,0.0,0.0,0.0,0.0,زرد,زنجیر,,,Img20250609-96.jpg
2538,کار ساخته بازار,GD01003692 - دیپلمات,6.34,750.0,12.0,13.0,0.0,0.0,0.0,0.0,زرد,زنجیر,,,Img20250609-587.jpg
2539,کار ساخته بازار,GD01003689 - کارتیه,4.81,750.0,12.0,13.0,0.0,0.0,0.0,0.0,سفید,زنجیر,,,Img20250609-943.jpg
2540,کار ساخته بازار,GD01003688 - فلامینگو,4.42,750.0,13.0,14.0,0.0,0.0,0.0,0.0,سفید,زنجیر,,,Img20250702-530.jpg
2541,کار ساخته بازار,GD01003687 - میرو,3.4,750.0,13.0,14.0,0.0,0.0,0.0,0.0,سفید,زنجیر,,,Img20250609-37.jpg
2542,کار ساخته بازار,GD01003685 - هرینگبون,4.49,750.0,14.0,14.5,0.0,0.0,0.0,0.0,زرد,زنجیر,,,Img20250624-985.jpg
2543,کار ساخته بازار,GD01003680 - وی گلد,1.52,750.0,12.5,13.0,0.0,0.0,0.0,0.0,زرد,مدال,,,Img20250624-246.jpg
2544,کار ساخته بازار,GD01003677 - M,1.16,750.0,10.0,10.5,0.0,0.0,0.0,0.0,زرد,مدال,,,Img20250624-441.jpg
2545,کار ساخته بازار,GD01003676 - N,1.08,750.0,10.0,10.5,0.0,0.0,0.0,0.0,زرد,مدال,,,Img20250624-768.jpg
2546,کار ساخته بازار,GD01003673 - N,1.04,750.0,10.0,10.5,0.0,0.0,0.0,0.0,زرد,مدال,,,Img20250624-146.jpg
2547,کار ساخته بازار,GD01003672 - F,0.9,750.0,10.0,10.5,0.0,0.0,0.0,0.0,زرد,مدال,,,Img20250624-704.jpg
2548,کار ساخته بازار,GD01003670 - Z,0.88,750.0,10.0,10.5,0.0,0.0,0.0,0.0,زرد,مدال,,,Img20250624-304.jpg
2549,کار ساخته بازار,GD01003668 - E,0.98,750.0,10.0,10.5,0.0,0.0,0.0,0.0,زرد,مدال,,,Img20250624-1886.jpg
2550,کار ساخته بازار,GD01003666 - B,0.96,750.0,10.0,10.5,0.0,0.0,0.0,0.0,زرد,مدال,,,Img20250624-933.jpg
2551,کار ساخته بازار,GD01003665 - Z,0.93,750.0,10.0,10.5,0.0,0.0,0.0,0.0,زرد,مدال,,,Img20260708-603.jpg
2552,کار ساخته بازار,GD01003664 - گوشواره,0.41,750.0,12.0,13.0,0.0,0.0,0.0,0.0,زرد,گوشواره,,,Img20250624-1521.jpg
2553,کار ساخته بازار,GD01003663 - B,1.02,750.0,10.0,10.5,0.0,0.0,0.0,0.0,زرد,مدال,,,Img20250624-188.jpg
2554,کار ساخته بازار,GD01003662 - R,1.06,750.0,10.0,10.5,0.0,0.0,0.0,0.0,زرد,مدال,,,Img20250624-715.jpg
2555,کار ساخته بازار,GD01003661 - F,0.9,750.0,10.0,10.5,0.0,0.0,0.0,0.0,زرد,مدال,,,Img20260706-738.jpg
2556,کار ساخته بازار,GD01003660 - گوشواره,2.72,750.0,11.0,12.0,0.0,0.0,0.0,0.0,زرد,گوشواره,,,Img20250624-384.jpg
2557,کار ساخته بازار,GD01003659 - F,0.96,750.0,10.0,10.5,0.0,0.0,0.0,0.0,زرد,مدال,,,Img20250708-134.jpg
2558,کار ساخته بازار,GD01003658 - e,0.88,750.0,10.0,10.5,0.0,0.0,0.0,0.0,زرد,مدال,,,Img20260706-381.jpg
2559,کار ساخته بازار,GD01003657 - گوشواره,2.2,750.0,11.0,12.0,0.0,0.0,0.0,0.0,زرد,گوشواره,,,Img20250708-215.jpg
2560,کار ساخته بازار,GD01003656 - b,0.99,750.0,10.0,10.5,0.0,0.0,0.0,0.0,زرد,مدال,,,Img20250624-184.jpg
2561,کار ساخته بازار,GD01003655 - b,0.99,750.0,10.0,10.5,0.0,0.0,0.0,0.0,زرد,مدال,,,Img20250708-642.jpg
2562,کار ساخته بازار,GD01003650 - n,0.99,750.0,10.0,10.5,0.0,0.0,0.0,0.0,زرد,مدال,,,Img20250624-867.jpg
2563,کار ساخته بازار,GD01003648 - z,0.86,750.0,10.0,10.5,0.0,0.0,0.0,0.0,زرد,مدال,,,Img20250708-278.jpg
2564,کار ساخته بازار,GD01003646 - وی گلد,0.86,750.0,12.0,13.0,0.0,0.0,0.0,0.0,زرد,مدال,,,Img20250623-503.jpg
2565,کار ساخته بازار,GD01003643 - آوا,2.64,750.0,12.5,13.0,0.0,0.0,0.0,0.0,زرد,مدال,,,Img20250624-95.jpg
2566,کار ساخته بازار,GD01003640 - وی گلد,1.06,750.0,14.0,14.5,0.0,0.0,0.0,0.0,زرد,مدال,,,Img20250623-228.jpg
2567,کار ساخته بازار,GD01003639,2.54,750.0,14.0,14.5,0.0,0.0,0.0,0.0,زرد,مدال,,,Img20260706-638.jpg
2568,کار ساخته بازار,GD01003637 - گوشواره,3.66,750.0,13.0,14.0,0.0,0.0,0.0,0.0,زرد,گوشواره,,,Img20250609-90.jpg
2569,کار ساخته بازار,GD01003636 - پی کی,3.0,750.0,12.0,13.0,0.0,0.0,0.0,0.0,زرد,مدال,,,Img20250623-758.jpg
2570,کار ساخته بازار,GD01003634 - شمش,3.38,750.0,12.5,13.0,0.0,0.0,0.0,0.0,زرد,مدال,,,Img20250623-696.jpg
2571,کار ساخته بازار,GD01003632,1.98,750.0,12.0,13.0,0.0,0.0,0.0,0.0,زرد,مدال,,,Img20250623-165.jpg
2572,کار ساخته بازار,GD01003630 - گوشواره,1.68,750.0,14.0,15.0,0.0,0.0,0.0,0.0,دو رنگ,گوشواره,,,Img20250623-691.jpg
2573,کار ساخته بازار,GD01003628 - گوشواره,2.01,750.0,14.0,15.0,0.0,0.0,0.0,0.0,دو رنگ,گوشواره,,,Img20250611-866.jpg
2574,کار ساخته بازار,GD01003627 - مروارید,2.63,750.0,12.0,12.5,0.0,0.0,0.0,0.0,زرد,مدال,,,Img20250623-612.jpg
2575,کار ساخته بازار,GD01003626 - گوشواره,1.28,750.0,14.0,15.0,0.0,0.0,0.0,0.0,دو رنگ,گوشواره,,,Img20250611-711.jpg
2576,کار ساخته بازار,GD01003625 - آذر,2.84,750.0,10.0,12.0,0.0,0.0,0.0,0.0,زرد,مدال,,,Img20250623-958.jpg
2577,کار ساخته بازار,GD01003624 - گوشواره,2.74,750.0,14.0,15.0,0.0,0.0,0.0,0.0,دو رنگ,گوشواره,,,Img20250702-752.jpg
2578,کار ساخته بازار,GD01003623,2.63,750.0,14.5,14.5,0.0,0.0,0.0,0.0,رزگلد,مدال,,,Img20250623-209.jpg
2579,کار ساخته بازار,GD01003622 - گوشواره,3.49,750.0,14.0,15.0,0.0,0.0,0.0,0.0,دو رنگ,گوشواره,,,Img20250609-457.jpg
2580,کار ساخته بازار,GD01003619 - الله,9.48,750.0,6.0,7.0,0.0,0.0,0.0,0.0,زرد,مدال,,,Img20250623-884.jpg
2581,کار ساخته بازار,GD01003618 - گوشواره,2.18,750.0,14.0,15.0,0.0,0.0,0.0,0.0,زرد,گوشواره,,,Img20250609-974.jpg
2582,کار ساخته بازار,GD01003617 - الله,15.48,750.0,6.0,7.0,0.0,0.0,0.0,0.0,زرد,مدال,,,Img20250609-776.jpg
2583,کار ساخته بازار,GD01003616 - شمش,4.23,750.0,12.0,12.5,0.0,0.0,0.0,0.0,زرد,مدال,,,Img20250623-533.jpg
2584,کار ساخته بازار,GD01003615 - گوشواره,1.36,750.0,10.0,12.0,0.0,0.0,0.0,0.0,زرد,گوشواره,,,Img20250623-356.jpg
2585,کار ساخته بازار,GD01003613 - گوشواره,1.58,750.0,10.0,12.0,0.0,0.0,0.0,0.0,زرد,گوشواره,,,Img20250609-984.jpg
2586,کار ساخته بازار,GD01003611 - الیزابت,11.66,750.0,13.0,14.0,0.0,0.0,0.0,0.0,زرد,مدال,,,Img20250609-736.jpg
2587,کار ساخته بازار,GD01003610 - ورساچه,8.37,750.0,13.0,13.5,0.0,0.0,0.0,0.0,زرد,مدال,,,Img20250623-917.jpg
2588,کار ساخته بازار,GD01003609 - گوشواره,1.4,750.0,10.0,12.0,0.0,0.0,0.0,0.0,زرد,گوشواره,,,Img20250611-623.jpg
2589,کار ساخته بازار,GD01003607 - انگوری,9.03,750.0,8.0,10.0,0.0,0.0,0.0,0.0,زرد,مدال,,,Img20250623-188.jpg
2590,کار ساخته بازار,GD01003606 - گوشواره,1.69,750.0,10.0,12.0,0.0,0.0,0.0,0.0,زرد,گوشواره,,,Img20250609-506.jpg
2591,کار ساخته بازار,GD01003605 - الیزابت,13.17,750.0,6.0,8.0,0.0,0.0,0.0,0.0,زرد,مدال,,,Img20250624-879.jpg
2592,کار ساخته بازار,GD01003598 - تیفانی,2.13,750.0,10.0,12.0,0.0,0.0,0.0,0.0,زرد,گردنبند,,,Img20250623-418.jpg
2593,کار ساخته بازار,GD01003595 - گوشواره,2.77,750.0,14.0,15.0,0.0,0.0,0.0,0.0,دو رنگ,گوشواره,,,Img20250624-105.jpg
2594,کار ساخته بازار,GD01003572 - لوییس,1.36,750.0,12.0,13.0,0.0,0.0,0.0,0.0,زرد,گردنبند,,,Img20250624-957.jpg
2595,کار ساخته بازار,GD01003570 - کارتیه,2.92,750.0,14.0,14.5,0.0,0.0,0.0,0.0,زرد,گردنبند,,,Img20250609-894.jpg
2596,کار ساخته بازار,GD01003567 - تیفانی,10.29,750.0,15.0,16.0,0.0,0.0,0.0,0.0,زرد,گردنبند,,,Img20250624-893.jpg
2597,کار ساخته بازار,GD01003566 - تیفانی,2.37,750.0,12.5,13.0,0.0,0.0,0.0,0.0,زرد,گردنبند,,,Img20250623-967.jpg
2598,کار ساخته بازار,GD01003565 - تیفانی,5.48,750.0,12.5,13.0,0.0,0.0,0.0,0.0,زرد,گردنبند,,,Img20250623-988.jpg
2599,کار ساخته بازار,GD01003564 - وی گلد,3.66,750.0,14.0,15.0,0.0,0.0,0.0,0.0,زرد,گردنبند,,,Img20250624-329.jpg
2600,کار ساخته بازار,GD01003559 - آبگینه,3.1,750.0,14.0,14.5,0.0,0.0,0.0,0.0,زرد,گردنبند,,,Img20250623-657.jpg
2601,کار ساخته بازار,GD01003552 - بهنژاد,3.26,750.0,12.0,13.0,0.0,0.0,0.0,0.0,زرد,گردنبند,,,Img20250623-190.jpg
2602,کار ساخته بازار,GD01003550 - چشم نظر,1.97,750.0,12.0,13.0,0.0,0.0,600000.0,600000.0,زرد,گردنبند,,,Img20250624-693.jpg
2603,کار ساخته بازار,GD01003547 - چشم نظر,3.33,750.0,12.0,13.0,0.0,0.0,600000.0,600000.0,زرد,گردنبند,,,Img20250622-866.jpg
2604,کار ساخته بازار,GD01003545 - گوشواره,1.95,750.0,7.0,8.0,0.0,0.0,0.0,0.0,زرد,گوشواره,,,Img20250624-535.jpg
2605,کار ساخته بازار,GD01003538 - ریناس,4.74,750.0,14.0,15.0,0.0,0.0,0.0,0.0,زرد,گردنبند,,,Img20250623-949.jpg
2606,کار ساخته بازار,GD01003535 - لوییس,3.61,750.0,12.5,14.0,0.0,0.0,0.0,0.0,زرد,گردنبند,,,Img20250623-296.jpg
2607,کار ساخته بازار,GD01003533 - لوییس,2.68,750.0,12.5,14.0,0.0,0.0,0.0,0.0,زرد,گردنبند,,,Img20250624-975.jpg
2608,کار ساخته بازار,GD01003532 - لوییس,1.6,750.0,12.5,14.0,0.0,0.0,0.0,0.0,زرد,گردنبند,,,Img20250622-211.jpg
2609,کار ساخته بازار,GD01003529 - گوشواره,1.19,750.0,7.0,8.0,0.0,0.0,0.0,0.0,زرد,گوشواره,,,Img20250621-258.jpg
2610,کار ساخته بازار,GD01003525 - تراش,4.51,750.0,13.5,14.0,0.0,0.0,0.0,0.0,سفید,سرویس,,,Img20250621-175.jpg
2611,کار ساخته بازار,GD01003524 - تراش,1.77,750.0,13.5,14.0,0.0,0.0,0.0,0.0,سفید,سرویس,,,Img20250621-743.jpg
2612,کار ساخته بازار,GD01003522 - تراش,9.0,750.0,13.5,14.0,0.0,0.0,0.0,0.0,سفید,سرویس,,,Img20250621-2.jpg
2613,کار ساخته بازار,GD01003520 - البرنادو,2.77,750.0,13.5,14.0,0.0,0.0,0.0,0.0,رزگلد,سرویس,,,Img20250621-454.jpg
2614,کار ساخته بازار,GD01003518 - البرنادو,3.79,750.0,13.5,14.0,0.0,0.0,0.0,0.0,رزگلد,سرویس,,,Img20250622-678.jpg
2615,کار ساخته بازار,GD01003515 - گوشواره,0.95,750.0,10.0,11.0,0.0,0.0,0.0,0.0,زرد,گوشواره,,,Img20250621-230.jpg
2616,کار ساخته بازار,GD01003512 - احسان,6.8,750.0,7.0,10.0,0.0,0.0,0.0,0.0,زرد,سرویس,,,Img20260706-371.jpg
2617,کار ساخته بازار,GD01003509 - گوشواره,1.08,750.0,7.0,8.0,0.0,0.0,0.0,0.0,زرد,گوشواره,,,Img20250619-563.jpg
2618,کار ساخته بازار,GD01003508 - تافته,2.39,750.0,7.0,10.0,0.0,0.0,0.0,0.0,زرد,سرویس,,,Img20250619-1.jpg
2619,کار ساخته بازار,GD01003507 - تافته,6.74,750.0,7.0,10.0,0.0,0.0,0.0,0.0,زرد,سرویس,,,Img20250621-401.jpg
2620,کار ساخته بازار,GD01003504 - تراش,2.18,750.0,12.0,13.0,0.0,0.0,0.0,0.0,زرد,سرویس,,,Img20250622-886.jpg
2621,کار ساخته بازار,GD01003503 - گوشواره,1.42,750.0,7.0,8.0,0.0,0.0,0.0,0.0,زرد,گوشواره,,,Img20250621-625.jpg
2622,کار ساخته بازار,GD01003502 - تراش,3.01,750.0,12.0,13.0,0.0,0.0,0.0,0.0,زرد,سرویس,,,Img20250621-119.jpg
2623,کار ساخته بازار,GD01003500 - تراش,10.94,750.0,12.0,13.0,0.0,0.0,0.0,0.0,زرد,سرویس,,,Img20260706-29.jpg
2624,کار ساخته بازار,GD01003498 - گوشواره,0.95,750.0,7.0,8.0,0.0,0.0,0.0,0.0,زرد,گوشواره,,,Img20250621-194.jpg
2625,کار ساخته بازار,GD01003495 - مینیمال,1.44,750.0,13.0,14.0,0.0,0.0,0.0,0.0,زرد,سرویس,,,Img20250621-273.jpg
2626,کار ساخته بازار,GD01003491 - احسان,3.1,750.0,7.0,10.0,0.0,0.0,0.0,0.0,زرد,سرویس,,,Img20250622-173.jpg
2627,کار ساخته بازار,GD01003487 - گوشواره,0.77,750.0,7.0,8.0,0.0,0.0,0.0,0.0,زرد,گوشواره,,,Img20250621-156.jpg
2628,کار ساخته بازار,GD01003486 - کلاف,7.09,750.0,12.5,13.0,0.0,0.0,0.0,0.0,زرد,سرویس,,,Img20250621-725.jpg
2629,کار ساخته بازار,GD01003484 - کلاف,4.29,750.0,12.5,13.0,0.0,0.0,0.0,0.0,زرد,سرویس,,,Img20250621-180.jpg
2630,کار ساخته بازار,GD01003482 - کلاف,15.48,750.0,12.5,13.0,0.0,0.0,0.0,0.0,زرد,سرویس,,,Img20250621-621.jpg
2631,کار ساخته بازار,GD01003479 - جم,6.29,750.0,14.0,15.0,0.0,0.0,0.0,0.0,دو رنگ,سرویس,,,Img20250624-777.jpg
2632,کار ساخته بازار,GD01003478 - جم,2.38,750.0,14.0,15.0,0.0,0.0,0.0,0.0,دو رنگ,سرویس,,,Img20250624-803.jpg
2633,کار ساخته بازار,GD01003476 - جم,17.99,750.0,14.0,15.0,0.0,0.0,0.0,0.0,دو رنگ,سرویس,,,Img20250622-967.jpg
2634,کار ساخته بازار,GD01003475 - گوشواره,2.08,750.0,7.0,8.0,0.0,0.0,0.0,0.0,زرد,گوشواره,,,Img20250622-482.jpg
2635,کار ساخته بازار,GD01003466 - گوشواره,1.9,750.0,7.0,8.0,0.0,0.0,0.0,0.0,زرد,گوشواره,,,Img20250622-161.jpg
2636,کار ساخته بازار,GD01003463 - گوشواره,1.25,750.0,7.0,8.0,0.0,0.0,0.0,0.0,زرد,گوشواره,,,Img20260706-36.jpg
2637,کار ساخته بازار,GD01003452 - گوشواره,0.87,750.0,7.0,8.0,0.0,0.0,0.0,0.0,زرد,گوشواره,,,Img20250621-44.jpg
2638,کار ساخته بازار,GD01003450 - جردن,2.92,750.0,10.0,10.5,0.0,0.0,0.0,0.0,دو رنگ,سرویس,,,Img20250621-798.jpg
2639,کار ساخته بازار,GD01003449 - جوردن,18.13,750.0,10.0,10.5,0.0,0.0,0.0,0.0,دو رنگ,سرویس,,,Img20250619-564.jpg
2640,کار ساخته بازار,GD01003447 - رولکس,2.31,750.0,10.0,11.0,0.0,0.0,0.0,0.0,دو رنگ,سرویس,,,Img20250622-655.jpg
2641,کار ساخته بازار,GD01003446 - گوشواره,1.65,750.0,8.0,9.0,0.0,0.0,0.0,0.0,زرد,گوشواره,,,Img20250619-893.jpg
2642,کار ساخته بازار,GD01003443 - رولکس,11.91,750.0,10.0,11.0,0.0,0.0,0.0,0.0,دو رنگ,سرویس,,,Img20250622-461.jpg
2643,کار ساخته بازار,GD01003442 - گوشواره,1.93,750.0,7.0,8.0,0.0,0.0,0.0,0.0,دو رنگ,گوشواره,,,Img20250619-274.jpg
2644,کار ساخته بازار,GD01003438 - اپل,6.47,750.0,10.0,12.0,0.0,0.0,0.0,0.0,زرد,سرویس,,,Img20250619-614.jpg
2645,کار ساخته بازار,GD01003436 - اپل,2.76,750.0,10.0,12.0,0.0,0.0,0.0,0.0,زرد,سرویس,,,Img20250619-364.jpg
2646,کار ساخته بازار,GD01003435 - اپل,17.8,750.0,10.0,12.0,0.0,0.0,0.0,0.0,زرد,سرویس,,,Img20250619-181.jpg
2647,کار ساخته بازار,GD01003429 - شقایق,2.02,750.0,7.0,10.0,0.0,0.0,0.0,0.0,زرد,سرویس,,,Img20250619-11.jpg
2648,کار ساخته بازار,GD01003428 - شقایق,7.22,750.0,7.0,10.0,0.0,0.0,0.0,0.0,زرد,سرویس,,,Img20250619-976.jpg
2649,کار ساخته بازار,GD01003418 - آیسان,2.74,750.0,9.0,11.0,0.0,0.0,0.0,0.0,دو رنگ,سرویس,,,Img20260706-829.jpg
2650,کار ساخته بازار,GD01003417 - گوشواره گل,1.03,750.0,9.0,10.0,0.0,0.0,0.0,0.0,زرد,گوشواره,,,Img20250619-858.jpg
2651,کار ساخته بازار,GD01003416 - آیسان,10.82,750.0,9.0,11.0,0.0,0.0,0.0,0.0,دو رنگ,سرویس,,,Img20250622-25.jpg
2652,کار ساخته بازار,GD01003407 - گوشواره,1.89,750.0,9.0,10.0,0.0,0.0,0.0,0.0,زرد,گوشواره,,,Img20250619-76.jpg
2653,کار ساخته بازار,GD01003404 - احسان,5.86,750.0,7.0,10.0,0.0,0.0,0.0,0.0,زرد,سرویس,,,Img20250619-962.jpg
2654,کار ساخته بازار,GD01003403 - احسان,1.15,750.0,7.0,10.0,0.0,0.0,0.0,0.0,زرد,سرویس,,,Img20250622-327.jpg
2655,کار ساخته بازار,GD01003402 - گوشواره,1.35,750.0,9.0,10.0,0.0,0.0,0.0,0.0,زرد,گوشواره,,,Img20250619-623.jpg
2656,کار ساخته بازار,GD01003401 - احسان,1.93,750.0,7.0,10.0,0.0,0.0,0.0,0.0,زرد,سرویس,,,Img20250619-815.jpg
2657,کار ساخته بازار,GD01003400 - احسان,5.87,750.0,7.0,10.0,0.0,0.0,0.0,0.0,زرد,سرویس,,,Img20260706-666.jpg
2658,کار ساخته بازار,GD01003391 - گوشواره,0.91,750.0,12.0,13.0,0.0,0.0,0.0,0.0,دو رنگ,گوشواره,,,Img20250619-138.jpg
2659,کار ساخته بازار,GD01003385 - احسان,6.72,750.0,7.0,9.0,0.0,0.0,0.0,0.0,زرد,سرویس,,,Img20250619-1169.jpg
2660,کار ساخته بازار,GD01003377 - طرح توله,2.89,750.0,7.0,8.0,0.0,0.0,0.0,0.0,زرد,سرویس,,,Img20250619-725.jpg
2661,کار ساخته بازار,GD01003373 - ونکلیف,2.66,750.0,12.5,13.5,0.0,0.0,0.0,0.0,زرد,سرویس,,,Img20250619-297.jpg
2662,کار ساخته بازار,GD01003371 - ونکلیف,3.53,750.0,12.5,13.5,0.0,0.0,0.0,0.0,زرد,سرویس,,,Img20250618-133.jpg
2663,کار ساخته بازار,GD01003365 - تافته,1.17,750.0,10.0,11.0,0.0,0.0,0.0,0.0,زرد,سرویس,,,Img20250618-331.jpg
2664,کار ساخته بازار,GD01003364 - تافته,2.34,750.0,10.0,11.0,0.0,0.0,0.0,0.0,زرد,سرویس,,,Img20250618-566.jpg
2665,کار ساخته بازار,GD01003362 - تافته,4.52,750.0,10.0,11.0,0.0,0.0,0.0,0.0,زرد,سرویس,,,Img20250619-43.jpg
2666,کار ساخته بازار,GD01003360 - آیسان,2.87,750.0,7.5,9.5,0.0,0.0,0.0,0.0,زرد,سرویس,,,Img20250618-406.jpg
2667,کار ساخته بازار,GD01003342 - البرناردو,1.57,750.0,14.0,15.0,0.0,0.0,0.0,0.0,زرد,سرویس,,,Img20250618-282.jpg
2668,کار ساخته بازار,GD01003339 - تراش,3.84,750.0,7.0,10.0,0.0,0.0,0.0,0.0,زرد,سرویس,,,Img20250618-500.jpg
2669,کار ساخته بازار,GD01003338 - تراش,8.16,750.0,7.0,10.0,0.0,0.0,0.0,0.0,زرد,سرویس,,,Img20250618-1811.jpg
2670,کار ساخته بازار,GD01003329,2.35,750.0,7.0,10.0,0.0,0.0,0.0,0.0,زرد,سرویس,,,Img20250622-496.jpg
2671,کار ساخته بازار,GD01003325 - گوشواره,2.61,750.0,12.0,13.0,0.0,0.0,0.0,0.0,زرد,گوشواره,,,Img20250608-944.jpg
2672,کار ساخته بازار,GD01003319 - گوشواره,2.0,750.0,12.0,13.0,0.0,0.0,0.0,0.0,دو رنگ,گوشواره,,,Img20260706-74.jpg
2673,کار ساخته بازار,GD01003314 - گوشواره,2.24,750.0,12.0,13.0,0.0,0.0,0.0,0.0,زرد,گوشواره,,,Img20250608-428.jpg
2674,کار ساخته بازار,GD01003313 - گوشواره,4.71,750.0,12.0,13.0,0.0,0.0,0.0,0.0,زرد,گوشواره,,,Img20250608-814.jpg
2675,کار ساخته بازار,GD01003311 - گوشواره,2.17,750.0,12.0,13.0,0.0,0.0,0.0,0.0,دو رنگ,گوشواره,,,Img20250608-144.jpg
2676,کار ساخته بازار,GD01003310 - گوشواره,1.82,750.0,12.0,13.0,0.0,0.0,0.0,0.0,دو رنگ,گوشواره,,,Img20260706-952.jpg
2677,کار ساخته بازار,GD01003309 - گوشواره,2.07,750.0,12.0,13.0,0.0,0.0,0.0,0.0,سفید,گوشواره,,,Img20250608-295.jpg
2678,کار ساخته بازار,GD01003305 - گوشواره,1.84,750.0,12.0,13.0,0.0,0.0,0.0,0.0,زرد,گوشواره,,,Img20260706-88.jpg
2679,کار ساخته بازار,GD01003303,2.41,750.0,13.0,13.5,0.0,0.0,0.0,0.0,دو رنگ,انگشتر,,,Img20260705-516.jpg
2680,کار ساخته بازار,GD01003299,2.7,750.0,13.5,14.0,0.0,0.0,0.0,0.0,زرد,انگشتر,,,Img20250619-530.jpg
2681,کار ساخته بازار,GD01003298 - کارتیه,7.72,750.0,11.0,11.5,0.0,0.0,0.0,0.0,زرد,زنجیر,,,Img20250608-694.jpg
2682,کار ساخته بازار,GD01003296 - گوشواره,2.56,750.0,12.0,13.0,0.0,0.0,0.0,0.0,زرد,گوشواره,,,Img20250626-549.jpg
2683,کار ساخته بازار,GD01003295,18.65,750.0,5.0,7.0,0.0,0.0,0.0,0.0,زرد,گردنبند,,,Img20250626-821.jpg
2684,کار ساخته بازار,GD01003293,5.42,750.0,14.0,16.0,0.0,0.0,0.0,0.0,زرد,سرویس,,,Img20250626-457.jpg
2685,کار ساخته بازار,GD01003291,2.26,750.0,14.0,16.0,0.0,0.0,0.0,0.0,زرد,سرویس,,,Img20250626-450.jpg
2686,کار ساخته بازار,GD01003289,14.53,750.0,14.0,16.0,0.0,0.0,0.0,0.0,زرد,سرویس,,,Img20250626-174.jpg
2687,کار ساخته بازار,GD01003287,2.54,750.0,14.0,16.0,0.0,0.0,0.0,0.0,زرد,سرویس,,,Img20250626-482.jpg
2688,کار ساخته بازار,GD01003285,5.89,750.0,14.0,16.0,0.0,0.0,0.0,0.0,زرد,سرویس,,,Img20250626-35.jpg
2689,کار ساخته بازار,GD01003284,19.05,750.0,14.0,16.0,0.0,0.0,0.0,0.0,زرد,سرویس,,,Img20250624-430.jpg
2690,کار ساخته بازار,GD01003283,3.28,750.0,5.0,7.0,0.0,0.0,0.0,0.0,زرد,سرویس,,,Img20250624-786.jpg
2691,کار ساخته بازار,GD01003281,15.96,750.0,5.0,7.0,0.0,0.0,0.0,0.0,زرد,سرویس,,,Img20250626-146.jpg
2692,کار ساخته بازار,GD01003276,26.25,750.0,5.0,7.0,0.0,0.0,0.0,0.0,زرد,سرویس,,,Img20250624-306.jpg
2693,کار ساخته بازار,GD01003275,17.14,750.0,7.0,9.0,0.0,0.0,0.0,0.0,زرد,سرویس,,,Img20260706-517.jpg
2694,کار ساخته بازار,GD01003273,7.47,750.0,7.0,9.0,0.0,0.0,0.0,0.0,زرد,سرویس,,,Img20250608-822.jpg
2695,کار ساخته بازار,GD01003268 - گوشواره,2.6,750.0,12.0,13.0,0.0,0.0,0.0,0.0,زرد,گوشواره,,,Img20250713-17.jpg
2696,کار ساخته بازار,GD01003265,3.34,750.0,5.0,7.0,0.0,0.0,0.0,0.0,زرد,سرویس,,,Img20250626-986.jpg
2697,کار ساخته بازار,GD01003260 - گوشواره,2.51,750.0,14.0,16.0,0.0,0.0,0.0,0.0,زرد,سرویس,,,Img20250626-913.jpg
2698,کار ساخته بازار,GD01003259 - دستبند,5.58,750.0,14.0,16.0,0.0,0.0,0.0,0.0,زرد,سرویس,,,Img20250626-942.jpg
2699,کار ساخته بازار,GD01003258 - گردنبند,18.0,750.0,14.0,16.0,0.0,0.0,0.0,0.0,زرد,سرویس,,,Img20250626-361.jpg
2700,کار ساخته بازار,GD01003256 - دستبند,4.45,750.0,9.0,10.0,0.0,0.0,0.0,0.0,زرد,سرویس,,,Img20250626-6.jpg
2701,کار ساخته بازار,GD01003254 - گوشواره,5.25,750.0,19.0,20.0,0.0,0.0,0.0,0.0,زرد,سرویس,,,Img20250626-983.jpg
2702,کار ساخته بازار,GD01003253 - دستبند,3.14,750.0,19.0,20.0,0.0,0.0,0.0,0.0,زرد,سرویس,,,Img20250626-11.jpg
2703,کار ساخته بازار,GD01003252 - گردنبند,9.13,750.0,19.0,20.0,0.0,0.0,0.0,0.0,زرد,سرویس,,,Img20250626-177.jpg
2704,کار ساخته بازار,GD01003251 - گوشواره,3.12,750.0,12.0,13.0,0.0,0.0,0.0,0.0,سفید,سرویس,,,Img20250626-643.jpg
2705,کار ساخته بازار,GD01003248 - گوشواره,1.8,750.0,12.5,13.0,0.0,0.0,0.0,0.0,رزگلد,سرویس,,,Img20250608-430.jpg
2706,کار ساخته بازار,GD01003244 - امگا,5.15,750.0,16.0,16.0,0.0,0.0,0.0,0.0,زرد,گوشواره,,,Img20250608-1917.jpg
2707,کار ساخته بازار,GD01003243 - البرنادو,3.71,750.0,10.0,12.0,0.0,0.0,0.0,0.0,زرد,گوشواره,,,Img20250626-27.jpg
2708,کار ساخته بازار,GD01003241 - گردنبند,7.71,750.0,12.5,13.0,0.0,0.0,0.0,0.0,رزگلد,سرویس,,,Img20250608-866.jpg
2709,کار ساخته بازار,GD01003240 - البرنادو,2.61,750.0,10.0,12.0,0.0,0.0,0.0,0.0,زرد,گوشواره,,,Img20250626-576.jpg
2710,کار ساخته بازار,GD01003239 - گوشواره,6.27,750.0,5.0,7.0,0.0,0.0,0.0,0.0,زرد,سرویس,,,Img20250608-463.jpg
2711,کار ساخته بازار,GD01003236 - البرنادو,1.87,750.0,10.0,12.0,0.0,0.0,0.0,0.0,زرد,گوشواره,,,Img20250608-710.jpg
2712,کار ساخته بازار,GD01003232 - البرنادو,2.91,750.0,10.0,12.0,0.0,0.0,0.0,0.0,زرد,گوشواره,,,Img20250626-164.jpg
2713,کار ساخته بازار,GD01003230 - گوشواره,2.23,750.0,14.0,16.0,0.0,0.0,0.0,0.0,دو رنگ,سرویس,,,Img20250608-469.jpg
2714,کار ساخته بازار,GD01003229 - البرنادو,1.96,750.0,10.0,12.0,0.0,0.0,0.0,0.0,زرد,گوشواره,,,Img20250626-350.jpg
2715,کار ساخته بازار,GD01003228 - دستبند,5.19,750.0,14.0,16.0,0.0,0.0,0.0,0.0,دو رنگ,سرویس,,,Img20250626-465.jpg
2716,کار ساخته بازار,GD01003227 - گردنبند,18.92,750.0,14.0,16.0,0.0,0.0,0.0,0.0,دو رنگ,سرویس,,,Img20250626-880.jpg
2717,کار ساخته بازار,GD01003226 - گوشواره,9.42,750.0,17.0,17.5,0.0,0.0,0.0,0.0,دو رنگ,سرویس,,,Img20250626-58.jpg
2718,کار ساخته بازار,GD01003225 - دستبند,9.65,750.0,17.0,17.5,0.0,0.0,0.0,0.0,دو رنگ,سرویس,,,Img20250626-244.jpg
2719,کار ساخته بازار,GD01003224 - گردنبند,25.34,750.0,17.0,17.5,0.0,0.0,0.0,0.0,دو رنگ,سرویس,,,Img20250626-738.jpg
2720,کار ساخته بازار,GD01003222 - گوشواره,2.86,750.0,16.5,17.0,0.0,0.0,0.0,0.0,زرد,سرویس,,,Img20250626-679.jpg
2721,کار ساخته بازار,GD01003220 - گردنبند,14.28,750.0,16.5,17.0,0.0,0.0,0.0,0.0,زرد,سرویس,,,Img20260706-298.jpg
2722,کار ساخته بازار,GD01003219 - لوییس,3.61,750.0,12.0,13.0,0.0,0.0,0.0,0.0,زرد,گوشواره,,,Img20250626-131.jpg
2723,کار ساخته بازار,GD01003216 - گوشواره,2.69,750.0,12.0,12.5,0.0,0.0,0.0,0.0,سفید,سرویس,,,Img20250626-847.jpg
2724,کار ساخته بازار,GD01003215 - دستبند,5.45,750.0,12.0,12.5,0.0,0.0,0.0,0.0,سفید,سرویس,,,Img20250626-510.jpg
2725,کار ساخته بازار,GD01003213 - گردنبند,15.72,750.0,12.0,12.5,0.0,0.0,0.0,0.0,سفید,سرویس,,,Img20250608-840.jpg
2726,کار ساخته بازار,GD01003211 - زیرخاکی,4.86,750.0,12.0,14.0,0.0,0.0,0.0,0.0,زرد,گوشواره,,,Img20250626-155.jpg
2727,کار ساخته بازار,GD01003210 - گوشواره,4.83,750.0,18.0,19.0,0.0,0.0,0.0,0.0,زرد,سرویس,,,Img20250626-318.jpg
2728,کار ساخته بازار,GD01003206 - دستبند,4.49,750.0,12.0,13.0,0.0,0.0,0.0,0.0,سفید,سرویس,,,Img20250626-650.jpg
2729,کار ساخته بازار,GD01003205 - گردنبند,13.13,750.0,12.0,13.0,0.0,0.0,0.0,0.0,سفید,سرویس,,,Img20250626-532.jpg
2730,کار ساخته بازار,GD01003203 - گوشواره,4.14,750.0,7.5,10.0,0.0,0.0,0.0,0.0,دو رنگ,سرویس,,,Img20250626-1643.jpg
2731,کار ساخته بازار,GD01003201 - دستبند,5.72,750.0,7.5,10.0,0.0,0.0,0.0,0.0,دو رنگ,سرویس,,,Img20250626-984.jpg
2732,کار ساخته بازار,GD01003199 - گردنبند,14.32,750.0,7.5,10.0,0.0,0.0,0.0,0.0,دو رنگ,سرویس,,,Img20250626-212.jpg
2733,کار ساخته بازار,GD01003197 - دستبند,6.07,750.0,16.0,17.0,0.0,0.0,0.0,0.0,دو رنگ,سرویس,,,Img20250626-339.jpg
2734,کار ساخته بازار,GD01003195 - گوشواره,2.86,750.0,16.0,17.0,0.0,0.0,0.0,0.0,دو رنگ,سرویس,,,Img20250626-236.jpg
2735,کار ساخته بازار,GD01003193 - گردنبند,18.24,750.0,16.0,17.0,0.0,0.0,0.0,0.0,دو رنگ,سرویس,,,Img20250626-916.jpg
2736,کار ساخته بازار,GD01003191 - گوشواره,2.62,750.0,12.5,13.0,0.0,0.0,0.0,0.0,زرد,سرویس,,,Img20250626-452.jpg
2737,کار ساخته بازار,GD01003189 - دستبند,7.05,750.0,12.5,13.0,0.0,0.0,0.0,0.0,زرد,سرویس,,,Img20250626-61.jpg
2738,کار ساخته بازار,GD01003187 - گردنبند,17.73,750.0,12.5,13.0,0.0,0.0,0.0,0.0,زرد,سرویس,,,Img20250626-215.jpg
2739,کار ساخته بازار,GD01003185 - گوشواره,3.74,750.0,16.0,17.0,0.0,0.0,0.0,0.0,رزگلد,سرویس,,,Img20250626-625.jpg
2740,کار ساخته بازار,GD01003183 - دستبند,7.93,750.0,16.0,17.0,0.0,0.0,0.0,0.0,رزگلد,سرویس,,,Img20250626-322.jpg
2741,کار ساخته بازار,GD01003182 - گردنبند,25.04,750.0,16.0,17.0,0.0,0.0,0.0,0.0,رزگلد,سرویس,,,Img20250626-508.jpg
2742,کار ساخته بازار,GD01003180 - گوشواره,1.89,750.0,12.5,13.0,0.0,0.0,0.0,0.0,سفید,سرویس,,,Img20250626-93.jpg
2743,کار ساخته بازار,GD01003178 - دستبند,4.84,750.0,12.5,13.0,0.0,0.0,0.0,0.0,سفید,سرویس,,,Img20250626-1601.jpg
2744,کار ساخته بازار,GD01003176 - گردنبند,14.56,750.0,12.5,13.0,0.0,0.0,0.0,0.0,سفید,سرویس,,,Img20250626-512.jpg
2745,کار ساخته بازار,GD01003164 - گوشواره,3.14,750.0,14.0,16.0,0.0,0.0,0.0,0.0,دو رنگ,سرویس,,,Img20250626-185.jpg
2746,کار ساخته بازار,GD01003163 - دستبند,6.04,750.0,14.0,16.0,0.0,0.0,0.0,0.0,دو رنگ,سرویس,,,Img20250626-932.jpg
2747,کار ساخته بازار,GD01003161 - گردنبند,21.42,750.0,14.0,16.0,0.0,0.0,0.0,0.0,دو رنگ,سرویس,,,Img20250626-533.jpg
2748,کار ساخته بازار,GD01003152 - دستبند,32.64,750.0,5.0,7.0,0.0,0.0,0.0,0.0,زرد,سرویس,,,Img20250621-991.jpg
2749,کار ساخته بازار,GD01003149 - گوشواره,3.72,750.0,7.0,10.0,0.0,0.0,0.0,0.0,زرد,سرویس,,,Img20250621-548.jpg
2750,کار ساخته بازار,GD01003147 - دستبند,4.03,750.0,7.0,10.0,0.0,0.0,0.0,0.0,زرد,سرویس,,,Img20250621-267.jpg
2751,کار ساخته بازار,GD01003144 - گردنبند,7.99,750.0,7.0,10.0,0.0,0.0,0.0,0.0,زرد,سرویس,,,Img20260107-790.jpg
2752,کار ساخته بازار,GD01003143,3.04,750.0,0.0,7.0,0.0,0.0,0.0,0.0,زرد,گوشواره,,,Img20250626-846.jpg
2753,کار ساخته بازار,GD01003136 - گوشواره,9.69,750.0,4.0,7.0,0.0,0.0,0.0,0.0,زرد,سرویس,,,Img20250605-819.jpg
2754,کار ساخته بازار,GD01003126 - بچه گانه,1.86,750.0,10.0,12.0,0.0,0.0,0.0,0.0,زرد,گوشواره,,,Img20250626-314.jpg
2755,کار ساخته بازار,GD01003123 - گوشواره,2.7,750.0,14.5,16.0,0.0,0.0,0.0,0.0,زرد,سرویس,,,Img20250605-404.jpg
2756,کار ساخته بازار,GD01003122 - بچه گانه,1.79,750.0,10.0,12.0,0.0,0.0,0.0,0.0,زرد,گوشواره,,,Img20250626-223.jpg
2757,کار ساخته بازار,GD01003121 - دستبند,7.27,750.0,14.5,16.0,0.0,0.0,0.0,0.0,زرد,سرویس,,,Img20250626-851.jpg
2758,کار ساخته بازار,GD01003120 - گردنبند,19.88,750.0,14.5,16.0,0.0,0.0,0.0,0.0,زرد,سرویس,,,Img20260706-620.jpg
2759,کار ساخته بازار,GD01003118 - بچه گانه,2.07,750.0,10.0,12.0,0.0,0.0,0.0,0.0,زرد,گوشواره,,,Img20250605-444.jpg
2760,کار ساخته بازار,GD01003117 - لیزری,1.59,750.0,12.0,13.0,0.0,0.0,0.0,0.0,زرد,گوشواره,,,Img20250605-351.jpg
2761,کار ساخته بازار,GD01003115 - لیزری,1.81,750.0,12.0,13.0,0.0,0.0,0.0,0.0,زرد,گوشواره,,,Img20260706-796.jpg
2762,کار ساخته بازار,GD01003113 - لیزری,1.33,750.0,12.0,13.0,0.0,0.0,0.0,0.0,زرد,گوشواره,,,Img20250708-336.jpg
2763,کار ساخته بازار,GD01003111 - گوشواره,0.71,750.0,10.0,12.0,0.0,0.0,0.0,0.0,زرد,نیم ست,,,Img20250708-447.jpg
2764,کار ساخته بازار,GD01003109 - مدال,0.56,750.0,10.0,12.0,0.0,0.0,0.0,0.0,زرد,نیم ست,,,Img20250605-761.jpg
2765,کار ساخته بازار,GD01003107 - لیزری,1.05,750.0,12.0,13.0,0.0,0.0,0.0,0.0,زرد,گوشواره,,,Img20250605-129.jpg
2766,کار ساخته بازار,GD01003106 - لیزری,1.12,750.0,12.0,13.0,0.0,0.0,0.0,0.0,زرد,گوشواره,,,Img20250605-649.jpg
2767,کار ساخته بازار,GD01003104 - لیزری,2.77,750.0,12.0,13.0,0.0,0.0,0.0,0.0,زرد,گوشواره,,,Img20250605-363.jpg
2768,کار ساخته بازار,GD01003098 - ایلیا,3.09,750.0,7.0,10.0,0.0,0.0,0.0,0.0,زرد,گوشواره,,,Img20260706-330.jpg
2769,کار ساخته بازار,GD01003097 - ایلیا,2.51,750.0,7.0,10.0,0.0,0.0,0.0,0.0,زرد,گوشواره,,,Img20260706-422.jpg
2770,کار ساخته بازار,GD01003094 - شقایق,2.39,750.0,7.0,10.0,0.0,0.0,0.0,0.0,زرد,گوشواره,,,Img20250609-432.jpg
2771,کار ساخته بازار,GD01003087 - گوشواره,1.19,750.0,10.0,11.0,0.0,0.0,0.0,0.0,زرد,نیم ست,,,Img20250609-647.jpg
2772,کار ساخته بازار,GD01003086 - مدال پروانه,1.02,750.0,10.0,11.0,0.0,0.0,0.0,0.0,زرد,نیم ست,,,Img20250605-870.jpg
2773,کار ساخته بازار,GD01003085 - فیوژن,1.86,750.0,7.0,10.0,0.0,0.0,0.0,0.0,زرد,گوشواره,,,Img20260512-415.jpg
2774,کار ساخته بازار,GD01003078 - بچه گانه,1.57,750.0,7.0,10.0,0.0,0.0,0.0,0.0,زرد,گوشواره,,,Img20260708-400.jpg
2775,کار ساخته بازار,GD01003075 - بچه گانه,0.98,750.0,7.0,10.0,0.0,0.0,0.0,0.0,زرد,گوشواره,,,Img20250609-856.jpg
2776,کار ساخته بازار,GD01003074 - گوشواره,2.42,750.0,7.0,10.0,0.0,0.0,0.0,0.0,زرد,نیم ست,,,Img20260706-278.jpg
2777,کار ساخته بازار,GD01003071 - بچه گانه,1.04,750.0,7.0,10.0,0.0,0.0,0.0,0.0,زرد,گوشواره,,,Img20250708-657.jpg
2778,کار ساخته بازار,GD01003069 - گوشواره,2.46,750.0,7.0,10.0,0.0,0.0,0.0,0.0,زرد,نیم ست,,,Img20250605-388.jpg
2779,کار ساخته بازار,GD01003068 - شهرزاد,1.91,750.0,12.5,13.0,0.0,0.0,0.0,0.0,زرد,گوشواره,,,Img20250708-312.jpg
2780,کار ساخته بازار,GD01003067 - مدال,1.4,750.0,7.0,10.0,0.0,0.0,0.0,0.0,زرد,نیم ست,,,Img20250605-621.jpg
2781,کار ساخته بازار,GD01003066 - شهرزاد,1.88,750.0,12.5,13.0,0.0,0.0,0.0,0.0,زرد,گوشواره,,,Img20250609-792.jpg
2782,کار ساخته بازار,GD01003065 - گوشواره,1.81,750.0,11.0,12.5,0.0,0.0,0.0,0.0,زرد,نیم ست,,,Img20250609-815.jpg
2783,کار ساخته بازار,GD01003063 - مدال,0.62,750.0,11.0,12.5,0.0,0.0,0.0,0.0,زرد,نیم ست,,,Img20250609-658.jpg
2784,کار ساخته بازار,GD01003062 - گوشواره,2.83,750.0,12.5,13.0,0.0,0.0,0.0,0.0,زرد,نیم ست,,,Img20250609-437.jpg
2785,کار ساخته بازار,GD01003060 - مدال,1.71,750.0,12.5,13.0,0.0,0.0,0.0,0.0,زرد,نیم ست,,,Img20250605-482.jpg
2786,کار ساخته بازار,GD01003058 - لوییس,2.59,750.0,12.5,13.0,0.0,0.0,0.0,0.0,زرد,گوشواره,,,Img20250605-614.jpg
2787,کار ساخته بازار,GD01003056 - لوییس,1.88,750.0,12.5,13.0,0.0,0.0,0.0,0.0,زرد,گوشواره,,,Img20250609-657.jpg
2788,کار ساخته بازار,GD01003055 - گوشواره,1.72,750.0,12.5,13.0,0.0,0.0,0.0,0.0,زرد,نیم ست,,,Img20250609-912.jpg
2789,کار ساخته بازار,GD01003053 - مدال,1.38,750.0,12.5,13.0,0.0,0.0,0.0,0.0,زرد,نیم ست,,,Img20250609-899.jpg
2790,کار ساخته بازار,GD01003051 - گوشواره,3.44,750.0,7.0,9.0,0.0,0.0,0.0,0.0,زرد,نیم ست,,,Img20250609-183.jpg
2791,کار ساخته بازار,GD01003050 - مدال,1.56,750.0,7.0,9.0,0.0,0.0,0.0,0.0,زرد,نیم ست,,,Img20250609-209.jpg
2792,کار ساخته بازار,GD01003047 - کوشواره,1.81,750.0,12.5,13.0,0.0,0.0,0.0,0.0,زرد,نیم ست,,,Img20250609-811.jpg
2793,کار ساخته بازار,GD01003046 - مدال,1.29,750.0,12.5,13.0,0.0,0.0,0.0,0.0,زرد,نیم ست,,,Img20260706-352.jpg
2794,کار ساخته بازار,GD01003033 - لیزری,4.05,750.0,12.5,13.0,0.0,0.0,0.0,0.0,زرد,گوشواره,,,Img20250615-907.jpg
2795,کار ساخته بازار,GD01003032 - زنجیر,0.85,750.0,12.0,12.5,0.0,0.0,0.0,0.0,زرد,نیم ست,,,Img20260512-218.jpg
2796,کار ساخته بازار,GD01003030 - لیزری,3.08,750.0,12.5,13.0,0.0,0.0,0.0,0.0,زرد,گوشواره,,,Img20260518-747.jpg
2797,کار ساخته بازار,GD01003028 - لیزری,3.06,750.0,10.0,10.0,0.0,0.0,0.0,0.0,زرد,گوشواره,,,Img20260512-659.jpg
2798,کار ساخته بازار,GD01003027 - لیزری,2.57,750.0,10.0,10.0,0.0,0.0,0.0,0.0,زرد,گوشواره,,,Img20260518-964.jpg
2799,کار ساخته بازار,GD01003025 - البرنادو,3.51,750.0,12.5,13.0,0.0,0.0,0.0,0.0,زرد,گوشواره,,,Img20260512-320.jpg
2800,کار ساخته بازار,GD01003024 - البرنادو,3.67,750.0,12.5,13.0,0.0,0.0,0.0,0.0,زرد,گوشواره,,,Img20260518-644.jpg
2801,کار ساخته بازار,GD01003023 - لوییس,3.8,750.0,12.5,13.0,0.0,0.0,0.0,0.0,زرد,گوشواره,,,Img20250615-340.jpg
2802,کار ساخته بازار,GD01003018 - گوشواره,4.28,750.0,13.0,14.5,0.0,0.0,0.0,0.0,زرد,نیم ست,,,Img20260706-588.jpg
2803,کار ساخته بازار,GD01003016 - شانل,2.42,750.0,11.5,12.0,0.0,0.0,0.0,0.0,زرد,گوشواره,,,Img20250615-453.jpg
2804,کار ساخته بازار,GD01003014 - زنجیر,2.55,750.0,13.0,14.5,0.0,0.0,0.0,0.0,زرد,نیم ست,,,Img20250615-469.jpg
2805,کار ساخته بازار,GD01003013 - مدال,6.82,750.0,13.0,14.5,0.0,0.0,0.0,0.0,زرد,نیم ست,,,Img20250615-901.jpg
2806,کار ساخته بازار,GD01003011 - زنجیر,2.2,750.0,14.0,16.0,0.0,0.0,0.0,0.0,سفید,نیم ست,,,Img20250605-904.jpg
2807,کار ساخته بازار,GD01003010 - لوییس,3.32,750.0,12.5,13.5,0.0,0.0,0.0,0.0,زرد,گوشواره,,,Img20250605-893.jpg
2808,کار ساخته بازار,GD01003009 - لوییس,2.25,750.0,12.5,13.5,0.0,0.0,0.0,0.0,زرد,گوشواره,,,Img20250605-529.jpg
2809,کار ساخته بازار,GD01003004 - کارتیه,2.76,750.0,9.0,11.0,0.0,0.0,0.0,0.0,زرد,گوشواره,,,Img20250605-162.jpg
2810,کار ساخته بازار,GD01003003 - سپاهان,3.79,750.0,13.5,15.0,0.0,0.0,0.0,0.0,دو رنگ,گوشواره,,,Img20250605-200.jpg
2811,کار ساخته بازار,GD01003002 - سپاهان,3.68,750.0,13.5,15.0,0.0,0.0,0.0,0.0,زرد,گوشواره,,,Img20250609-165.jpg
2812,کار ساخته بازار,GD01003001 - گوشواره,1.68,750.0,12.5,13.5,0.0,0.0,0.0,0.0,زرد,نیم ست,,,Img20260706-131.jpg
2813,کار ساخته بازار,GD01003000 - فیوژن,4.87,750.0,7.0,10.0,0.0,0.0,0.0,0.0,زرد,گوشواره,,,Img20250609-29.jpg
2814,کار ساخته بازار,GD01002999 - مدال,1.35,750.0,12.5,13.5,0.0,0.0,0.0,0.0,زرد,نیم ست,,,Img20250605-281.jpg
2815,کار ساخته بازار,GD01002998 - فیوژن,8.66,750.0,4.0,7.0,0.0,0.0,0.0,0.0,زرد,گوشواره,,,Img20250609-504.jpg
2816,کار ساخته بازار,GD01002996 - گوشواره تیفانی,1.67,750.0,14.0,15.0,0.0,0.0,0.0,0.0,زرد,نیم ست,,,Img20250605-901.jpg
2817,کار ساخته بازار,GD01002995 - نرمال,4.59,750.0,16.0,18.0,0.0,0.0,0.0,0.0,زرد,گوشواره,,,Img20250609-631.jpg
2818,کار ساخته بازار,GD01002994 - مدال تیفانی,0.8,750.0,14.0,15.0,0.0,0.0,0.0,0.0,زرد,نیم ست,,,Img20250605-578.jpg
2819,کار ساخته بازار,GD01002992 - شانل,3.61,750.0,11.5,12.0,0.0,0.0,0.0,0.0,دو رنگ,گوشواره,,,Img20250605-184.jpg
2820,کار ساخته بازار,GD01002989 - اسپادانا,2.52,750.0,7.0,9.0,0.0,0.0,0.0,0.0,دو رنگ,گوشواره,,,Img20250605-96.jpg
2821,کار ساخته بازار,GD01002987 - اسپادانا,2.42,750.0,7.0,9.0,0.0,0.0,0.0,0.0,دو رنگ,گوشواره,,,Img20250605-132.jpg
2822,کار ساخته بازار,GD01002986 - اسپادانا,4.17,750.0,12.5,13.0,0.0,0.0,0.0,0.0,زرد,گوشواره,,,Img20250609-920.jpg
2823,کار ساخته بازار,GD01002985 - مدال,1.22,750.0,12.0,13.0,0.0,0.0,0.0,0.0,زرد,نیم ست,,,Img20250605-879.jpg
2824,کار ساخته بازار,GD01002984 - اسپادانا,2.49,750.0,12.5,13.0,0.0,0.0,0.0,0.0,زرد,گوشواره,,,Img20250609-464.jpg
2825,کار ساخته بازار,GD01002983 - گوشواره,1.69,750.0,12.0,13.0,0.0,0.0,0.0,0.0,زرد,نیم ست,,,Img20250609-347.jpg
2826,کار ساخته بازار,GD01002978 - گوشواره,1.67,750.0,12.0,13.0,0.0,0.0,0.0,0.0,زرد,نیم ست,,,Img20250609-471.jpg
2827,کار ساخته بازار,GD01002977 - مدال,0.46,750.0,12.0,13.0,0.0,0.0,0.0,0.0,زرد,نیم ست,,,Img20250605-758.jpg
2828,کار ساخته بازار,GD01002970 - هلیا,4.8,750.0,10.0,10.5,0.0,0.0,0.0,0.0,زرد,گوشواره,,,Img20250615-161.jpg
2829,کار ساخته بازار,GD01002969 - زنجیر,1.39,750.0,11.0,13.0,0.0,0.0,0.0,0.0,سفید,نیم ست,,,Img20250605-915.jpg
2830,کار ساخته بازار,GD01002966 - هلیا,4.73,750.0,10.0,10.5,0.0,0.0,0.0,0.0,زرد,گوشواره,,,Img20250605-733.jpg
2831,کار ساخته بازار,GD01002965 - هلیا,5.18,750.0,10.0,10.5,0.0,0.0,0.0,0.0,زرد,گوشواره,,,Img20250618-168.jpg
2832,کار ساخته بازار,GD01002964 - انگشتر,3.43,750.0,13.0,14.0,0.0,0.0,0.0,0.0,زرد,نیم ست,,,Img20250605-519.jpg
2833,کار ساخته بازار,GD01002960 - فیوژن,5.41,750.0,5.0,7.0,0.0,0.0,0.0,0.0,زرد,گوشواره,,,Img20250605-97.jpg
2834,کار ساخته بازار,GD01002957 - لیزری,3.29,750.0,10.0,11.0,0.0,0.0,0.0,0.0,زرد,گوشواره,,,Img20260704-893.jpg
2835,کار ساخته بازار,GD01002956 - زنجیر,0.57,750.0,17.0,18.0,0.0,0.0,0.0,0.0,دو رنگ,نیم ست,,,Img20250615-771.jpg
2836,کار ساخته بازار,GD01002955 - گوشواره,4.23,750.0,13.5,14.5,0.0,0.0,0.0,0.0,دو رنگ,نیم ست,,,Img20250605-201.jpg
2837,کار ساخته بازار,GD01002954 - لیزری,2.34,750.0,12.0,13.0,0.0,0.0,0.0,0.0,زرد,گوشواره,,,Img20250615-265.jpg
2838,کار ساخته بازار,GD01002953 - مدال,1.23,750.0,13.5,14.5,0.0,0.0,0.0,0.0,دو رنگ,نیم ست,,,Img20250605-932.jpg
2839,کار ساخته بازار,GD01002950 - طرح 21,7.53,750.0,5.0,7.0,0.0,0.0,0.0,0.0,زرد,گوشواره,,,Img20250618-5.jpg
2840,کار ساخته بازار,GD01002945 - انگشتر,2.18,750.0,12.5,13.0,0.0,0.0,0.0,0.0,سفید,نیم ست,,,Img20250618-494.jpg
2841,کار ساخته بازار,GD01002943 - گوشواره,2.58,750.0,12.5,13.0,0.0,0.0,0.0,0.0,سفید,نیم ست,,,Img20250605-984.jpg
2842,کار ساخته بازار,GD01002942 - شانل,4.6,750.0,11.5,12.0,0.0,0.0,0.0,0.0,دو رنگ,گوشواره,,,Img20250605-530.jpg
2843,کار ساخته بازار,GD01002941 - شانل,2.79,750.0,11.5,12.0,0.0,0.0,0.0,0.0,دو رنگ,گوشواره,,,Img20250618-381.jpg
2844,کار ساخته بازار,GD01002940 - زنجیر,1.46,750.0,12.5,13.0,0.0,0.0,0.0,0.0,سفید,نیم ست,,,Img20250618-428.jpg
2845,کار ساخته بازار,GD01002939 - مدال,2.1,750.0,12.5,13.0,0.0,0.0,0.0,0.0,سفید,نیم ست,,,Img20250605-292.jpg
2846,کار ساخته بازار,GD01002938 - شانل,3.05,750.0,11.5,12.0,0.0,0.0,0.0,0.0,زرد,گوشواره,,,Img20250618-287.jpg
2847,کار ساخته بازار,GD01002932 - زنجیر,1.19,750.0,10.0,11.0,0.0,0.0,0.0,0.0,زرد,نیم ست,,,Img20250605-911.jpg
2848,کار ساخته بازار,GD01002930 - شانل,3.47,750.0,11.5,12.0,0.0,0.0,0.0,0.0,دو رنگ,گوشواره,,,Img20250605-583.jpg
2849,کار ساخته بازار,GD01002928 - کلاسیک,2.39,750.0,14.0,14.5,0.0,0.0,0.0,0.0,دو رنگ,گوشواره,,,Img20250605-220.jpg
2850,کار ساخته بازار,GD01002926 - کلاسیک,5.56,750.0,14.0,14.5,0.0,0.0,0.0,0.0,دو رنگ,گوشواره,,,Img20250605-77.jpg
2851,کار ساخته بازار,GD01002922 - کلاسیک,5.14,750.0,14.0,14.5,0.0,0.0,0.0,0.0,دو رنگ,گوشواره,,,Img20250618-388.jpg
2852,کار ساخته بازار,GD01002921 - انگشتر,1.74,750.0,12.0,12.5,0.0,0.0,0.0,0.0,زرد,نیم ست,,,Img20250605-300.jpg
2853,کار ساخته بازار,GD01002920 - کلاسیک,4.11,750.0,14.0,14.5,0.0,0.0,0.0,0.0,زرد,گوشواره,,,Img20250618-390.jpg
2854,کار ساخته بازار,GD01002919 - زنجیر,1.41,750.0,11.0,12.0,0.0,0.0,0.0,0.0,زرد,نیم ست,,,Img20250605-957.jpg
2855,کار ساخته بازار,GD01002917 - هلیا,3.19,750.0,10.0,10.5,0.0,0.0,0.0,0.0,زرد,گوشواره,,,Img20250618-152.jpg
2856,کار ساخته بازار,GD01002913 - انگشتر,2.28,750.0,10.0,11.0,0.0,0.0,0.0,0.0,زرد,نیم ست,,,Img20250618-129.jpg
2857,کار ساخته بازار,GD01002911 - زنجیر,0.8,750.0,10.0,11.0,0.0,0.0,0.0,0.0,زرد,نیم ست,,,Img20250605-670.jpg
2858,کار ساخته بازار,GD01002910 - هلیا,2.89,750.0,10.0,10.5,0.0,0.0,0.0,0.0,زرد,گوشواره,,,Img20250618-429.jpg
2859,کار ساخته بازار,GD01002909 - گوشواره,4.46,750.0,10.0,11.0,0.0,0.0,0.0,0.0,زرد,نیم ست,,,Img20250618-575.jpg
2860,کار ساخته بازار,GD01002908 - مدال,3.1,750.0,10.0,11.0,0.0,0.0,0.0,0.0,زرد,نیم ست,,,Img20250605-268.jpg
2861,کار ساخته بازار,GD01002907 - هلیا,4.25,750.0,10.0,10.5,0.0,0.0,0.0,0.0,زرد,گوشواره,,,Img20250618-514.jpg
2862,کار ساخته بازار,GD01002905 - انگشتر,2.11,750.0,10.0,12.0,0.0,0.0,0.0,0.0,زرد,نیم ست,,,Img20250608-1842.jpg
2863,کار ساخته بازار,GD01002892 - هلالی,3.31,750.0,10.0,10.0,0.0,0.0,0.0,0.0,زرد,گوشواره,,,Img20250618-311.jpg
2864,کار ساخته بازار,GD01002887 - زنجیر,0.78,750.0,13.5,14.5,0.0,0.0,0.0,0.0,زرد,نیم ست,,,Img20250615-518.jpg
2865,کار ساخته بازار,GD01002881 - زنجیر,2.04,750.0,11.0,12.5,0.0,0.0,0.0,0.0,دو رنگ,نیم ست,,,Img20250615-83.jpg
2866,کار ساخته بازار,GD01002877 - انگشتر,1.61,750.0,12.5,13.5,0.0,0.0,0.0,0.0,زرد,نیم ست,,,Img20250608-413.jpg
2867,کار ساخته بازار,GD01002876 - روبرتو,4.65,750.0,13.5,14.0,0.0,0.0,0.0,0.0,دو رنگ,گوشواره,,,Img20260704-672.jpg
2868,کار ساخته بازار,GD01002875 - زنجیر,1.46,750.0,12.5,13.5,0.0,0.0,0.0,0.0,زرد,نیم ست,,,Img20250608-923.jpg
2869,کار ساخته بازار,GD01002874 - روبرتو,3.51,750.0,13.5,14.0,0.0,0.0,0.0,0.0,دو رنگ,گوشواره,,,Img20250615-831.jpg
2870,کار ساخته بازار,GD01002873 - گوشواره,2.68,750.0,12.5,13.5,0.0,0.0,0.0,0.0,زرد,نیم ست,,,Img20250615-844.jpg
2871,کار ساخته بازار,GD01002872 - مدال,2.49,750.0,12.5,13.5,0.0,0.0,0.0,0.0,زرد,نیم ست,,,Img20250615-53.jpg
2872,کار ساخته بازار,GD01002870 - زنجیر,2.07,750.0,15.5,16.0,0.0,0.0,0.0,0.0,زرد,نیم ست,,,Img20250615-923.jpg
2873,کار ساخته بازار,GD01002865 - مدال,5.36,750.0,15.5,16.0,0.0,0.0,0.0,0.0,زرد,نیم ست,,,Img20260708-209.jpg
2874,کار ساخته بازار,GD01002856 - مشگل گشا,2.8,750.0,7.0,10.0,0.0,0.0,0.0,0.0,دو رنگ,گوشواره,,,Img20250618-204.jpg
2875,کار ساخته بازار,GD01002855 - زنجیر,0.73,750.0,11.0,12.5,0.0,0.0,0.0,0.0,زرد,نیم ست,,,Img20250615-1248.jpg
2876,کار ساخته بازار,GD01002851 - انگشتر,4.65,750.0,15.0,16.0,0.0,0.0,0.0,0.0,زرد,نیم ست,,,Img20250615-976.jpg
2877,کار ساخته بازار,GD01002848 - گوشواره,4.57,750.0,15.0,16.0,0.0,0.0,0.0,0.0,زرد,نیم ست,,,Img20250615-167.jpg
2878,کار ساخته بازار,GD01002846 - مدال,3.23,750.0,15.0,16.0,0.0,0.0,0.0,0.0,زرد,نیم ست,,,Img20250615-369.jpg
2879,کار ساخته بازار,GD01002835 - مدال,2.01,750.0,13.5,14.0,0.0,0.0,0.0,0.0,زرد,نیم ست,,,Img20250618-268.jpg
2880,کار ساخته بازار,GD01002833 - زنجیر,0.8,750.0,13.5,14.0,0.0,0.0,0.0,0.0,زرد,نیم ست,,,Img20250618-632.jpg
2881,کار ساخته بازار,GD01002830 - گوشواره,5.25,750.0,13.5,14.0,0.0,0.0,0.0,0.0,زرد,نیم ست,,,Img20250618-984.jpg
2882,کار ساخته بازار,GD01002829 - مدال,2.43,750.0,13.5,14.0,0.0,0.0,0.0,0.0,زرد,نیم ست,,,Img20250618-130.jpg
2883,کار ساخته بازار,GD01002825 - انگشتر,2.53,750.0,12.5,13.5,0.0,0.0,0.0,0.0,رزگلد,نیم ست,,,Img20250623-323.jpg
2884,کار ساخته بازار,GD01002818 - زنجیر,2.02,750.0,10.0,10.5,0.0,0.0,0.0,0.0,زرد,نیم ست,,,Img20250608-587.jpg
2885,کار ساخته بازار,GD01002816 - البرنادو,2.25,750.0,12.0,13.5,0.0,0.0,0.0,0.0,زرد,گوشواره,,,Img20250608-332.jpg
2886,کار ساخته بازار,GD01002814 - البرنادو,2.51,750.0,12.0,13.5,0.0,0.0,0.0,0.0,زرد,گوشواره,,,Img20250608-563.jpg
2887,کار ساخته بازار,GD01002813 - البرنادو,3.5,750.0,12.0,13.5,0.0,0.0,0.0,0.0,رزگلد,گوشواره,,,Img20250608-319.jpg
2888,کار ساخته بازار,GD01002811 - البرنادو,3.56,750.0,12.0,13.5,0.0,0.0,0.0,0.0,رزگلد,گوشواره,,,Img20250608-285.jpg
2889,کار ساخته بازار,GD01002810 - البرنادو,3.53,750.0,12.0,13.5,0.0,0.0,0.0,0.0,رزگلد,گوشواره,,,Img20250604-353.jpg
2890,کار ساخته بازار,GD01002804,1.46,750.0,12.5,13.5,0.0,0.0,0.0,0.0,زرد,انگشتر,,,Img20250626-535.jpg
2891,کار ساخته بازار,GD01002803 - کارتیه,3.14,750.0,11.5,12.0,0.0,0.0,0.0,0.0,زرد,گوشواره,,,Img20250608-705.jpg
2892,کار ساخته بازار,GD01002802 - کارتیه,3.76,750.0,11.5,12.0,0.0,0.0,0.0,0.0,زرد,گوشواره,,,Img20250608-800.jpg
2893,کار ساخته بازار,GD01002798 - آذر,3.0,750.0,7.0,10.0,0.0,0.0,0.0,0.0,زرد,گوشواره,,,Img20250604-663.jpg
2894,کار ساخته بازار,GD01002797 - رز,10.79,750.0,23.0,23.5,0.0,0.0,0.0,0.0,زرد,دستبند,,,Img20250604-299.jpg
2895,کار ساخته بازار,GD01002793,3.56,750.0,11.0,12.0,0.0,0.0,0.0,0.0,زرد,انگشتر,,,Img20250604-93.jpg
2896,کار ساخته بازار,GD01002792,5.31,750.0,12.5,13.0,0.0,0.0,0.0,0.0,سفید,دستبند,,,Img20250605-121.jpg
2897,کار ساخته بازار,GD01002787 - نرمال,3.46,750.0,13.0,13.5,0.0,0.0,0.0,0.0,زرد,گوشواره,,,Img20250604-187.jpg
2898,کار ساخته بازار,GD01002786,3.59,750.0,12.0,12.5,0.0,0.0,0.0,0.0,زرد,انگشتر,,,Img20250605-627.jpg
2899,کار ساخته بازار,GD01002785 - نرمال,8.4,750.0,13.0,13.5,0.0,0.0,0.0,0.0,زرد,گوشواره,,,Img20250605-339.jpg
2900,کار ساخته بازار,GD01002784 - تک تاش,6.26,750.0,13.5,14.5,0.0,0.0,0.0,0.0,رزگلد,گوشواره,,,Img20250605-912.jpg
2901,کار ساخته بازار,GD01002781 - تک تاش,5.18,750.0,13.5,14.5,0.0,0.0,0.0,0.0,رزگلد,گوشواره,,,Img20250604-669.jpg
2902,کار ساخته بازار,GD01002779,3.83,750.0,10.0,11.0,0.0,0.0,0.0,0.0,زرد,انگشتر,,,Img20250605-338.jpg
2903,کار ساخته بازار,GD01002778 - نرمال,4.39,750.0,14.0,16.0,0.0,0.0,0.0,0.0,زرد,گوشواره,,,Img20250605-394.jpg
2904,کار ساخته بازار,GD01002777 - نرمال,4.04,750.0,14.0,16.0,0.0,0.0,0.0,0.0,زرد,گوشواره,,,Img20250605-995.jpg
2905,کار ساخته بازار,GD01002774 - ژولیت,5.36,750.0,13.5,14.5,0.0,0.0,0.0,0.0,زرد,گوشواره,,,Img20250618-963.jpg
2906,کار ساخته بازار,GD01002773 - گوشواره,2.55,750.0,12.5,14.0,0.0,0.0,0.0,0.0,سفید,نیم ست,,,Img20250605-74.jpg
2907,کار ساخته بازار,GD01002772 - ژولیت,4.45,750.0,13.5,14.5,0.0,0.0,0.0,0.0,زرد,گوشواره,,,Img20250605-398.jpg
2908,کار ساخته بازار,GD01002771 - ژولیت,4.26,750.0,13.5,14.5,0.0,0.0,0.0,0.0,زرد,گوشواره,,,Img20250618-475.jpg
2909,کار ساخته بازار,GD01002770 - زنجیر,2.41,750.0,12.5,14.0,0.0,0.0,0.0,0.0,سفید,نیم ست,,,Img20250618-330.jpg
2910,کار ساخته بازار,GD01002769 - مدال,2.25,750.0,12.5,14.0,0.0,0.0,0.0,0.0,سفید,نیم ست,,,Img20250605-91.jpg
2911,کار ساخته بازار,GD01002766 - هلیا,5.47,750.0,10.0,10.5,0.0,0.0,0.0,0.0,زرد,گوشواره,,,Img20250615-733.jpg
2912,کار ساخته بازار,GD01002761 - زنجیر,2.17,750.0,11.0,13.0,0.0,0.0,0.0,0.0,سفید,نیم ست,,,Img20250605-100.jpg
2913,کار ساخته بازار,GD01002757 - فیوژن,11.94,750.0,5.0,7.0,0.0,0.0,0.0,0.0,زرد,گوشواره,,,Img20250605-845.jpg
2914,کار ساخته بازار,GD01002755 - طرح 21,7.38,750.0,5.0,7.0,0.0,0.0,0.0,0.0,زرد,گوشواره,,,Img20250605-803.jpg
2915,کار ساخته بازار,GD01002753 - طرح 21,6.5,750.0,5.0,7.0,0.0,0.0,0.0,0.0,زرد,گوشواره,,,Img20250618-463.jpg
2916,کار ساخته بازار,GD01002752 - گوشواره پروانه,2.56,750.0,12.0,12.5,0.0,0.0,0.0,0.0,زرد,نیم ست,,,Img20250605-967.jpg
2917,کار ساخته بازار,GD01002750 - لوستری,11.01,750.0,5.0,7.0,0.0,0.0,0.0,0.0,زرد,گوشواره,,,Img20250618-242.jpg
2918,کار ساخته بازار,GD01002748 - زنجیر,1.57,750.0,12.5,13.0,0.0,0.0,0.0,0.0,زرد,نیم ست,,,Img20250618-857.jpg
2919,کار ساخته بازار,GD01002747 - انگشتر,2.61,750.0,12.5,13.0,0.0,0.0,0.0,0.0,زرد,نیم ست,,,Img20250618-706.jpg
2920,کار ساخته بازار,GD01002746 - گوشواره,2.07,750.0,12.5,13.0,0.0,0.0,0.0,0.0,زرد,نیم ست,,,Img20250618-891.jpg
2921,کار ساخته بازار,GD01002745 - مدال,1.81,750.0,12.5,13.0,0.0,0.0,0.0,0.0,زرد,نیم ست,,,Img20250605-582.jpg
2922,کار ساخته بازار,GD01002744 - نرمال,4.25,750.0,13.0,15.0,0.0,0.0,0.0,0.0,زرد,گوشواره,,,Img20250605-944.jpg
2923,کار ساخته بازار,GD01002743 - نرمال,1.9,750.0,13.0,15.0,0.0,0.0,0.0,0.0,زرد,گوشواره,,,Img20250605-708.jpg
2924,کار ساخته بازار,GD01002740 - نرمال,3.48,750.0,13.0,15.0,0.0,0.0,0.0,0.0,زرد,گوشواره,,,Img20250605-637.jpg
2925,کار ساخته بازار,GD01002738 - محیا,4.29,750.0,13.5,14.0,0.0,0.0,0.0,0.0,زرد,گوشواره,,,Img20250605-636.jpg
2926,کار ساخته بازار,GD01002737 - البرنادو,4.78,750.0,14.0,14.5,0.0,0.0,0.0,0.0,زرد,گوشواره,,,Img20250615-926.jpg
2927,کار ساخته بازار,GD01002736 - زنجیر,1.42,750.0,15.0,16.5,0.0,0.0,0.0,0.0,دو رنگ,نیم ست,,,Img20250615-157.jpg
2928,کار ساخته بازار,GD01002734 - مدال,2.56,750.0,15.0,16.5,0.0,0.0,0.0,0.0,دو رنگ,نیم ست,,,Img20250605-324.jpg
2929,کار ساخته بازار,GD01002733 - کارتیه,4.04,750.0,11.0,12.5,0.0,0.0,0.0,0.0,زرد,گوشواره,,,Img20250605-707.jpg
2930,کار ساخته بازار,GD01002731 - الگانس,5.47,750.0,16.0,17.0,0.0,0.0,0.0,0.0,دو رنگ,گوشواره,,,Img20250605-347.jpg
2931,کار ساخته بازار,GD01002730 - الگانس,4.64,750.0,16.0,17.0,0.0,0.0,0.0,0.0,دو رنگ,گوشواره,,,Img20250605-425.jpg
2932,کار ساخته بازار,GD01002729 - کلاسیک,4.45,750.0,14.0,14.5,0.0,0.0,0.0,0.0,دو رنگ,گوشواره,,,Img20250615-533.jpg
2933,کار ساخته بازار,GD01002728 - انگشتر,2.7,750.0,16.0,17.0,0.0,0.0,0.0,0.0,زرد,نیم ست,,,Img20250605-808.jpg
2934,کار ساخته بازار,GD01002727 - کلاسیک,4.36,750.0,14.0,14.5,0.0,0.0,0.0,0.0,دو رنگ,گوشواره,,,Img20250605-954.jpg
2935,کار ساخته بازار,GD01002726 - روبرتو,3.38,750.0,13.5,14.5,0.0,0.0,0.0,0.0,دو رنگ,گوشواره,,,Img20250615-971.jpg
2936,کار ساخته بازار,GD01002725 - گوشواره,3.29,750.0,16.0,17.0,0.0,0.0,0.0,0.0,زرد,نیم ست,,,Img20250605-832.jpg
2937,کار ساخته بازار,GD01002724 - روبرتو,3.69,750.0,13.5,14.5,0.0,0.0,0.0,0.0,دو رنگ,گوشواره,,,Img20250615-968.jpg
2938,کار ساخته بازار,GD01002723 - زنجیر,1.42,750.0,16.0,17.0,0.0,0.0,0.0,0.0,زرد,نیم ست,,,Img20250615-471.jpg
2939,کار ساخته بازار,GD01002722 - مدال,2.54,750.0,16.0,17.0,0.0,0.0,0.0,0.0,زرد,نیم ست,,,Img20250605-681.jpg
2940,کار ساخته بازار,GD01002716 - کلاسیک,4.31,750.0,14.0,14.5,0.0,0.0,0.0,0.0,دو رنگ,گوشواره,,,Img20250605-116.jpg
2941,کار ساخته بازار,GD01002715 - کلاسیک,4.45,750.0,14.0,14.5,0.0,0.0,0.0,0.0,دو رنگ,گوشواره,,,Img20250605-1185.jpg
2942,کار ساخته بازار,GD01002714 - کلاسیک,4.72,750.0,14.0,14.5,0.0,0.0,0.0,0.0,دو رنگ,گوشواره,,,Img20250605-456.jpg
2943,کار ساخته بازار,GD01002712 - کلاسیک,4.44,750.0,14.0,14.5,0.0,0.0,0.0,0.0,دو رنگ,گوشواره,,,Img20250615-999.jpg
2944,کار ساخته بازار,GD01002711 - گوشواره,3.64,750.0,12.0,14.0,0.0,0.0,0.0,0.0,زرد,نیم ست,,,Img20250615-713.jpg
2945,کار ساخته بازار,GD01002709 - گردنبند,3.47,750.0,12.0,14.0,0.0,0.0,0.0,0.0,زرد,نیم ست,,,Img20250615-357.jpg
2946,کار ساخته بازار,GD01002705 - زنجیر,0.73,750.0,12.0,14.0,0.0,0.0,0.0,0.0,زرد,زنجیر,,,Img20250605-654.jpg
2947,کار ساخته بازار,GD01002703 - هندسی,5.03,750.0,14.0,14.5,0.0,0.0,0.0,0.0,دو رنگ,گوشواره,,,Img20250615-213.jpg
2948,کار ساخته بازار,GD01002702 - گوشواره,3.49,750.0,12.0,14.0,0.0,0.0,0.0,0.0,زرد,نیم ست,,,Img20250615-795.jpg
2949,کار ساخته بازار,GD01002701 - مدال,3.62,750.0,12.0,14.0,0.0,0.0,0.0,0.0,زرد,نیم ست,,,Img20250615-970.jpg
2950,کار ساخته بازار,GD01002699 - زنجیر,1.07,750.0,12.0,14.0,0.0,0.0,0.0,0.0,زرد,نیم ست,,,Img20250615-228.jpg
2951,کار ساخته بازار,GD01002697 - انگشتر,2.54,750.0,12.0,14.0,0.0,0.0,0.0,0.0,زرد,نیم ست,,,Img20250615-871.jpg
2952,کار ساخته بازار,GD01002696 - کوشواره,4.53,750.0,12.0,14.0,0.0,0.0,0.0,0.0,زرد,نیم ست,,,Img20250605-724.jpg
2953,کار ساخته بازار,GD01002695 - هندسی,5.02,750.0,14.0,14.5,0.0,0.0,0.0,0.0,دو رنگ,گوشواره,,,Img20250615-967.jpg
2954,کار ساخته بازار,GD01002694 - مدال,3.85,750.0,12.0,14.0,0.0,0.0,0.0,0.0,زرد,نیم ست,,,Img20250605-606.jpg
2955,کار ساخته بازار,GD01002693 - هندسی,5.55,750.0,14.0,14.5,0.0,0.0,0.0,0.0,دو رنگ,گوشواره,,,Img20250605-372.jpg
2956,کار ساخته بازار,GD01002691 - اسپادانا,4.86,750.0,12.0,13.0,0.0,0.0,0.0,0.0,زرد,گوشواره,,,Img20250615-461.jpg
2957,کار ساخته بازار,GD01002690 - زنجیر پروانه,0.96,750.0,12.0,12.0,0.0,0.0,0.0,0.0,زرد,نیم ست,,,Img20250615-709.jpg
2958,کار ساخته بازار,GD01002689 - انگشتر پروانه,2.0,750.0,12.0,12.0,0.0,0.0,0.0,0.0,زرد,نیم ست,,,Img20250605-669.jpg
2959,کار ساخته بازار,GD01002686 - اسپادانا,3.67,750.0,12.0,13.0,0.0,0.0,0.0,0.0,زرد,گوشواره,,,Img20250605-917.jpg
2960,کار ساخته بازار,GD01002685 - شانل,2.96,750.0,12.0,13.0,0.0,0.0,0.0,0.0,زرد,گوشواره,,,Img20250605-894.jpg
2961,کار ساخته بازار,GD01002684 - شانل,3.56,750.0,12.0,13.0,0.0,0.0,0.0,0.0,زرد,گوشواره,,,Img20250605-775.jpg
2962,کار ساخته بازار,GD01002678 - سپاهان,7.05,750.0,14.0,16.0,0.0,0.0,0.0,0.0,دو رنگ,گوشواره,,,Img20250605-789.jpg
2963,کار ساخته بازار,GD01002676 - نرمال,4.56,750.0,14.0,16.0,0.0,0.0,0.0,0.0,دو رنگ,گوشواره,,,Img20250605-736.jpg
2964,کار ساخته بازار,GD01002675 - نرمال,5.18,750.0,14.0,16.0,0.0,0.0,0.0,0.0,زرد,گوشواره,,,Img20250615-634.jpg
2965,کار ساخته بازار,GD01002674 - تک تاژ,1.41,750.0,12.0,13.5,0.0,0.0,0.0,0.0,زرد,نیم ست,,,Img20250615-721.jpg
2966,کار ساخته بازار,GD01002673 - تک تاژ,4.26,750.0,12.0,13.5,0.0,0.0,0.0,0.0,زرد,نیم ست,,,Img20250605-498.jpg
2967,کار ساخته بازار,GD01002672 - سپاهان,9.96,750.0,14.0,16.0,0.0,0.0,0.0,0.0,سفید,گوشواره,,,Img20250615-325.jpg
2968,کار ساخته بازار,GD01002671 - تک تاژ,2.49,750.0,12.0,13.5,0.0,0.0,0.0,0.0,زرد,نیم ست,,,Img20250605-454.jpg
2969,کار ساخته بازار,GD01002670 - سپاهان,5.74,750.0,14.0,16.0,0.0,0.0,0.0,0.0,دو رنگ,گوشواره,,,Img20250605-743.jpg
2970,کار ساخته بازار,GD01002669 - سپاهان,5.02,750.0,14.0,16.0,0.0,0.0,0.0,0.0,دو رنگ,گوشواره,,,Img20250615-186.jpg
2971,کار ساخته بازار,GD01002668 - موناکو,1.7,750.0,12.0,14.0,0.0,0.0,0.0,0.0,زرد,نیم ست,,,Img20250615-633.jpg
2972,کار ساخته بازار,GD01002666 - موناکو,1.94,750.0,12.0,14.0,0.0,0.0,0.0,0.0,زرد,نیم ست,,,Img20250615-237.jpg
2973,کار ساخته بازار,GD01002665 - موناکو,4.12,750.0,12.0,14.0,0.0,0.0,0.0,0.0,زرد,نیم ست,,,Img20250605-422.jpg
2974,کار ساخته بازار,GD01002664 - عربی,9.96,750.0,4.0,7.0,0.0,0.0,0.0,0.0,زرد,گوشواره,,,Img20250615-666.jpg
2975,کار ساخته بازار,GD01002662 - موناکو,2.99,750.0,12.0,14.0,0.0,0.0,0.0,0.0,زرد,نیم ست,,,Img20250605-838.jpg
2976,کار ساخته بازار,GD01002660 - عربی,10.78,750.0,4.0,7.0,0.0,0.0,0.0,0.0,زرد,گوشواره,,,Img20260707-557.jpg
2977,کار ساخته بازار,GD01002630 - 311,2.54,750.0,7.5,8.5,0.0,0.0,0.0,0.0,سفید,النگو,0.3,,Img20250603-2706.jpg
2978,کار ساخته بازار,GD01002625 - 311,2.7,750.0,7.5,8.5,0.0,0.0,0.0,0.0,سفید,النگو,0.2,,Img20251230-49.jpg
2979,کار ساخته بازار,GD01002605,2.34,750.0,0.0,7.0,0.0,0.0,0.0,0.0,زرد,انگشتر,,,Img20250603-1519.jpg
2980,کار ساخته بازار,GD01002540,2.66,750.0,13.0,15.0,0.0,0.0,0.0,0.0,زرد,انگشتر,,,Img20250603-399.jpg
2981,کار ساخته بازار,GD01002539,3.0,750.0,13.0,15.0,0.0,0.0,0.0,0.0,زرد,انگشتر,,,Img20250603-1723.jpg
2982,کار ساخته بازار,GD01002538,3.56,750.0,12.0,12.5,0.0,0.0,0.0,0.0,زرد,انگشتر,,,Img20250603-513.jpg
2983,کار ساخته بازار,GD01002536,1.97,750.0,12.0,12.5,0.0,0.0,0.0,0.0,زرد,انگشتر,,,Img20250603-175.jpg
2984,کار ساخته بازار,GD01002535,2.19,750.0,12.0,12.5,0.0,0.0,0.0,0.0,زرد,انگشتر,,,Img20250603-197.jpg
2985,کار ساخته بازار,GD01002530 - پفکی,1.15,750.0,12.0,14.0,0.0,0.0,0.0,0.0,زرد,انگشتر,,,Img20250604-505.jpg
2986,کار ساخته بازار,GD01002520,1.59,750.0,11.0,14.0,0.0,0.0,0.0,0.0,زرد,انگشتر,,,Img20250604-871.jpg
2987,کار ساخته بازار,GD01002519,1.55,750.0,11.0,13.0,0.0,0.0,0.0,0.0,زرد,انگشتر,,,Img20250604-273.jpg
2988,کار ساخته بازار,GD01002518,2.53,750.0,11.0,13.0,0.0,0.0,0.0,0.0,زرد,انگشتر,,,Img20250604-1350.jpg
2989,کار ساخته بازار,GD01002515,1.0,750.0,11.0,13.0,0.0,0.0,0.0,0.0,زرد,انگشتر,,,Img20250604-249.jpg
2990,کار ساخته بازار,GD01002514,0.75,750.0,11.0,13.0,0.0,0.0,0.0,0.0,زرد,انگشتر,,,Img20250604-378.jpg
2991,کار ساخته بازار,GD01002512,2.04,750.0,11.0,13.0,0.0,0.0,0.0,0.0,زرد,انگشتر,,,Img20260705-761.jpg
2992,کار ساخته بازار,GD01002511,1.0,750.0,11.0,13.0,0.0,0.0,0.0,0.0,زرد,انگشتر,,,Img20250604-559.jpg
2993,کار ساخته بازار,GD01002510,0.86,750.0,11.0,13.0,0.0,0.0,0.0,0.0,زرد,انگشتر,,,Img20250604-745.jpg
2994,کار ساخته بازار,GD01002507,1.21,750.0,11.0,13.0,0.0,0.0,0.0,0.0,زرد,انگشتر,,,Img20250604-554.jpg
2995,کار ساخته بازار,GD01002506,0.92,750.0,11.0,14.0,0.0,0.0,0.0,0.0,زرد,انگشتر,,,Img20250604-145.jpg
2996,کار ساخته بازار,GD01002505,1.38,750.0,11.0,13.0,0.0,0.0,0.0,0.0,زرد,انگشتر,,,Img20250604-257.jpg
2997,کار ساخته بازار,GD01002504,1.18,750.0,11.0,13.0,0.0,0.0,0.0,0.0,زرد,انگشتر,,,Img20250604-121.jpg
2998,کار ساخته بازار,GD01002502,1.32,750.0,11.0,13.0,0.0,0.0,0.0,0.0,زرد,انگشتر,,,Img20250604-362.jpg
2999,کار ساخته بازار,GD01002501,1.57,750.0,11.0,13.0,0.0,0.0,0.0,0.0,زرد,انگشتر,,,Img20250604-901.jpg
3000,کار ساخته بازار,GD01002500,1.14,750.0,11.0,13.0,0.0,0.0,0.0,0.0,زرد,انگشتر,,,Img20250604-437.jpg
3001,کار ساخته بازار,GD01002498,2.63,750.0,11.0,13.0,0.0,0.0,0.0,0.0,زرد,انگشتر,,,Img20250604-782.jpg
3002,کار ساخته بازار,GD01002489,2.73,750.0,7.0,9.0,0.0,0.0,0.0,0.0,زرد,انگشتر,,,Img20250604-474.jpg
3003,کار ساخته بازار,GD01002484,1.74,750.0,7.0,9.0,0.0,0.0,0.0,0.0,زرد,انگشتر,,,Img20250604-805.jpg
3004,کار ساخته بازار,GD01002483,2.31,750.0,7.0,9.0,0.0,0.0,0.0,0.0,زرد,انگشتر,,,Img20250604-856.jpg
3005,کار ساخته بازار,GD01002477,2.17,750.0,7.0,9.0,0.0,0.0,0.0,0.0,زرد,انگشتر,,,Img20250604-65.jpg
3006,کار ساخته بازار,GD01002469,3.71,750.0,11.0,13.0,0.0,0.0,0.0,0.0,زرد,انگشتر,,,Img20250604-281.jpg
3007,کار ساخته بازار,GD01002468,3.33,750.0,11.0,13.0,0.0,0.0,0.0,0.0,زرد,انگشتر,,,Img20250604-693.jpg
3008,کار ساخته بازار,GD01002465,2.19,750.0,11.0,13.0,0.0,0.0,0.0,0.0,زرد,انگشتر,,,Img20250604-551.jpg
3009,کار ساخته بازار,GD01002464,2.68,750.0,11.0,13.0,0.0,0.0,0.0,0.0,زرد,انگشتر,,,Img20250604-269.jpg
3010,کار ساخته بازار,GD01002458,2.31,750.0,10.0,12.0,0.0,0.0,0.0,0.0,زرد,انگشتر,,,Img20250604-682.jpg
3011,کار ساخته بازار,GD01002456,1.6,750.0,16.0,16.5,0.0,0.0,0.0,0.0,زرد,انگشتر,,,Img20250604-741.jpg
3012,کار ساخته بازار,GD01002455,1.29,750.0,16.0,16.5,0.0,0.0,0.0,0.0,زرد,انگشتر,,,Img20250604-380.jpg
3013,کار ساخته بازار,GD01002454,2.05,750.0,16.0,16.5,0.0,0.0,0.0,0.0,زرد,انگشتر,,,Img20250604-256.jpg
3014,کار ساخته بازار,GD01002453,3.75,750.0,16.0,16.5,0.0,0.0,0.0,0.0,زرد,انگشتر,,,Img20250604-761.jpg
3015,کار ساخته بازار,GD01002452,1.42,750.0,16.0,16.5,0.0,0.0,0.0,0.0,زرد,انگشتر,,,Img20250604-354.jpg
3016,کار ساخته بازار,GD01002447,2.0,750.0,16.0,16.5,0.0,0.0,0.0,0.0,سفید,انگشتر,,,Img20250604-951.jpg
3017,کار ساخته بازار,GD01002446,2.35,750.0,16.0,16.5,0.0,0.0,0.0,0.0,سفید,انگشتر,,,Img20250604-839.jpg
3018,کار ساخته بازار,GD01002443,2.32,750.0,16.0,16.5,0.0,0.0,0.0,0.0,سفید,انگشتر,,,Img20250604-208.jpg
3019,کار ساخته بازار,GD01002442,1.88,750.0,16.0,16.5,0.0,0.0,0.0,0.0,سفید,انگشتر,,,Img20250604-284.jpg
3020,کار ساخته بازار,GD01002441,1.76,750.0,16.0,16.5,0.0,0.0,0.0,0.0,سفید,انگشتر,,,Img20250604-320.jpg
3021,کار ساخته بازار,GD01002439,3.35,750.0,16.0,16.5,0.0,0.0,0.0,0.0,سفید,انگشتر,,,Img20250604-661.jpg
3022,کار ساخته بازار,GD01002438,2.1,750.0,16.0,16.5,0.0,0.0,0.0,0.0,سفید,انگشتر,,,Img20250604-236.jpg
3023,کار ساخته بازار,GD01002436,2.73,750.0,16.0,16.5,0.0,0.0,0.0,0.0,سفید,انگشتر,,,Img20250604-1062.jpg
3024,کار ساخته بازار,GD01002435,2.23,750.0,16.0,16.5,0.0,0.0,0.0,0.0,سفید,انگشتر,,,Img20250604-1843.jpg
3025,کار ساخته بازار,GD01002434,2.6,750.0,16.0,16.5,0.0,0.0,0.0,0.0,سفید,انگشتر,,,Img20250604-904.jpg
3026,کار ساخته بازار,GD01002433,2.07,750.0,16.0,16.5,0.0,0.0,0.0,0.0,سفید,انگشتر,,,Img20250702-434.jpg
3027,کار ساخته بازار,GD01002432,1.7,750.0,16.0,16.5,0.0,0.0,0.0,0.0,سفید,انگشتر,,,Img20250702-678.jpg
3028,کار ساخته بازار,GD01002431,2.1,750.0,16.0,16.5,0.0,0.0,0.0,0.0,سفید,انگشتر,,,Img20250604-3.jpg
3029,کار ساخته بازار,GD01002429,3.53,750.0,16.0,16.5,0.0,0.0,0.0,0.0,سفید,انگشتر,,,Img20250604-1148.jpg
3030,کار ساخته بازار,GD01002428,3.4,750.0,16.0,16.5,0.0,0.0,0.0,0.0,سفید,انگشتر,,,Img20250604-809.jpg
3031,کار ساخته بازار,GD01002427,1.65,750.0,16.0,16.5,0.0,0.0,0.0,0.0,سفید,انگشتر,,,Img20250604-820.jpg
3032,کار ساخته بازار,GD01002426,1.8,750.0,16.0,16.5,0.0,0.0,0.0,0.0,سفید,انگشتر,,,Img20250604-653.jpg
3033,کار ساخته بازار,GD01002425,1.61,750.0,16.0,16.5,0.0,0.0,0.0,0.0,سفید,انگشتر,,,Img20250604-494.jpg
3034,کار ساخته بازار,GD01002424,1.71,750.0,16.0,16.5,0.0,0.0,0.0,0.0,سفید,انگشتر,,,Img20250604-156.jpg
3035,کار ساخته بازار,GD01002422,1.98,750.0,16.0,16.5,0.0,0.0,0.0,0.0,سفید,انگشتر,,,Img20250604-403.jpg
3036,کار ساخته بازار,GD01002421,3.43,750.0,16.0,16.5,0.0,0.0,0.0,0.0,زرد,انگشتر,,,Img20250604-715.jpg
3037,کار ساخته بازار,GD01002420,1.6,750.0,16.0,16.5,0.0,0.0,0.0,0.0,زرد,انگشتر,,,Img20250604-833.jpg
3038,کار ساخته بازار,GD01002414,4.0,750.0,16.0,16.5,0.0,0.0,0.0,0.0,زرد,انگشتر,,,Img20250604-343.jpg
3039,کار ساخته بازار,GD01002412,3.13,750.0,16.0,16.5,0.0,0.0,0.0,0.0,زرد,انگشتر,,,Img20250604-377.jpg
3040,کار ساخته بازار,GD01002411,3.88,750.0,16.0,16.5,0.0,0.0,0.0,0.0,زرد,انگشتر,,,Img20250604-1832.jpg
3041,کار ساخته بازار,GD01002409,3.92,750.0,16.0,16.5,0.0,0.0,0.0,0.0,زرد,انگشتر,,,Img20250604-328.jpg
3042,کار ساخته بازار,GD01002408,3.59,750.0,16.0,16.5,0.0,0.0,0.0,0.0,زرد,انگشتر,,,Img20250604-720.jpg
3043,کار ساخته بازار,GD01002406,5.15,750.0,16.0,16.5,0.0,0.0,0.0,0.0,سفید,انگشتر,,,Img20250604-1926.jpg
3044,کار ساخته بازار,GD01002405,4.24,750.0,16.0,16.5,0.0,0.0,0.0,0.0,سفید,انگشتر,,,Img20250604-197.jpg
3045,کار ساخته بازار,GD01002404,1.83,750.0,16.0,16.5,0.0,0.0,0.0,0.0,سفید,انگشتر,,,Img20250604-1935.jpg
3046,کار ساخته بازار,GD01002403,1.95,750.0,16.0,16.5,0.0,0.0,0.0,0.0,سفید,انگشتر,,,Img20250604-360.jpg
3047,کار ساخته بازار,GD01002402,2.5,750.0,16.0,16.5,0.0,0.0,0.0,0.0,سفید,انگشتر,,,Img20250604-898.jpg
3048,کار ساخته بازار,GD01002400,3.57,750.0,16.0,16.5,0.0,0.0,0.0,0.0,سفید,انگشتر,,,Img20250604-750.jpg
3049,کار ساخته بازار,GD01002398,2.39,750.0,16.0,16.5,0.0,0.0,0.0,0.0,سفید,انگشتر,,,Img20250604-44.jpg
3050,کار ساخته بازار,GD01002397,3.8,750.0,16.0,16.5,0.0,0.0,0.0,0.0,سفید,انگشتر,,,Img20250604-577.jpg
3051,کار ساخته بازار,GD01002396,3.75,750.0,16.0,16.5,0.0,0.0,0.0,0.0,سفید,انگشتر,,,Img20250604-527.jpg
3052,کار ساخته بازار,GD01002395,1.97,750.0,16.0,16.5,0.0,0.0,0.0,0.0,سفید,انگشتر,,,Img20250604-803.jpg
3053,کار ساخته بازار,GD01002393,1.98,750.0,16.0,16.5,0.0,0.0,0.0,0.0,سفید,انگشتر,,,Img20250604-307.jpg
3054,کار ساخته بازار,GD01002392,1.93,750.0,16.0,16.5,0.0,0.0,0.0,0.0,سفید,انگشتر,,,Img20250604-582.jpg
3055,کار ساخته بازار,GD01002391,2.45,750.0,16.0,16.5,0.0,0.0,0.0,0.0,سفید,انگشتر,,,Img20250604-449.jpg
3056,کار ساخته بازار,GD01002390,3.73,750.0,16.0,16.5,0.0,0.0,0.0,0.0,سفید,انگشتر,,,Img20250604-869.jpg
3057,کار ساخته بازار,GD01002389,1.51,750.0,16.0,16.5,0.0,0.0,0.0,0.0,سفید,انگشتر,,,Img20250604-295.jpg
3058,کار ساخته بازار,GD01002388,3.89,750.0,16.0,16.5,0.0,0.0,0.0,0.0,سفید,انگشتر,,,Img20250604-16.jpg
3059,کار ساخته بازار,GD01002387,3.34,750.0,16.0,16.5,0.0,0.0,0.0,0.0,سفید,انگشتر,,,Img20250604-655.jpg
3060,کار ساخته بازار,GD01002385,4.57,750.0,16.0,16.5,0.0,0.0,0.0,0.0,سفید,انگشتر,,,Img20250604-1875.jpg
3061,کار ساخته بازار,GD01002384,2.52,750.0,16.0,16.5,0.0,0.0,0.0,0.0,سفید,انگشتر,,,Img20250604-514.jpg
3062,کار ساخته بازار,GD01002383,5.41,750.0,16.0,16.5,0.0,0.0,0.0,0.0,سفید,انگشتر,,,Img20250604-978.jpg
3063,کار ساخته بازار,GD01002382,3.3,750.0,16.0,16.5,0.0,0.0,0.0,0.0,سفید,انگشتر,,,Img20250604-148.jpg
3064,کار ساخته بازار,GD01002380,3.43,750.0,16.0,16.5,0.0,0.0,0.0,0.0,سفید,انگشتر,,,Img20250604-57.jpg
3065,کار ساخته بازار,GD01002378,4.5,750.0,16.0,16.5,0.0,0.0,0.0,0.0,سفید,انگشتر,,,Img20250604-427.jpg
3066,کار ساخته بازار,GD01002377,4.85,750.0,16.0,16.5,0.0,0.0,0.0,0.0,سفید,انگشتر,,,Img20250604-250.jpg
3067,کار ساخته بازار,GD01002371,2.62,750.0,16.0,16.5,0.0,0.0,0.0,0.0,سفید,انگشتر,,,Img20250604-475.jpg
3068,کار ساخته بازار,GD01002370,5.57,750.0,16.0,16.5,0.0,0.0,0.0,0.0,سفید,انگشتر,,,Img20250604-708.jpg
3069,کار ساخته بازار,GD01002369,5.27,750.0,16.0,16.5,0.0,0.0,0.0,0.0,سفید,انگشتر,,,Img20250604-519.jpg
3070,کار ساخته بازار,GD01002366,3.41,750.0,16.0,16.0,0.0,0.0,0.0,0.0,سفید,انگشتر,,,Img20250604-763.jpg
3071,کار ساخته بازار,GD01002365,3.49,750.0,16.0,16.0,0.0,0.0,0.0,0.0,سفید,انگشتر,,,Img20250604-179.jpg
3072,کار ساخته بازار,GD01002364,2.4,750.0,16.0,18.0,0.0,0.0,0.0,0.0,سفید,انگشتر,,,Img20250604-20.jpg
3073,کار ساخته بازار,GD01002361,3.06,750.0,16.0,18.0,0.0,0.0,0.0,0.0,زرد,انگشتر,,,Img20250604-877.jpg
3074,کار ساخته بازار,GD01002360,2.68,750.0,16.0,18.0,0.0,0.0,0.0,0.0,زرد,انگشتر,,,Img20250604-401.jpg
3075,کار ساخته بازار,GD01002358,4.43,750.0,12.0,12.5,0.0,0.0,0.0,0.0,زرد,انگشتر,,,Img20250604-127.jpg
3076,کار ساخته بازار,GD01002353,4.66,750.0,12.0,12.0,0.0,0.0,0.0,0.0,زرد,انگشتر,,,Img20250604-146.jpg
3077,کار ساخته بازار,GD01002350,3.55,750.0,12.5,14.0,0.0,0.0,0.0,0.0,زرد,انگشتر,,,Img20250604-777.jpg
3078,کار ساخته بازار,GD01002344,5.19,750.0,7.0,9.0,0.0,0.0,0.0,0.0,زرد,انگشتر,,,Img20260705-123.jpg
3079,کار ساخته بازار,GD01002340,4.48,750.0,11.0,12.5,0.0,0.0,0.0,0.0,زرد,انگشتر,,,Img20250604-930.jpg
3080,کار ساخته بازار,GD01002338,4.81,750.0,11.0,12.5,0.0,0.0,0.0,0.0,زرد,انگشتر,,,Img20250604-890.jpg
3081,کار ساخته بازار,GD01002337,3.93,750.0,11.0,12.5,0.0,0.0,0.0,0.0,زرد,انگشتر,,,Img20250604-948.jpg
3082,کار ساخته بازار,GD01002333,4.51,750.0,12.5,14.0,0.0,0.0,0.0,0.0,زرد,انگشتر,,,Img20250604-259.jpg
3083,کار ساخته بازار,GD01002330,3.75,750.0,19.5,26.5,0.0,0.0,0.0,0.0,دو رنگ,انگشتر,,,Img20250603-233.jpg
3084,کار ساخته بازار,GD01002329,2.27,750.0,7.0,9.0,0.0,0.0,0.0,0.0,زرد,انگشتر,,,Img20250603-789.jpg
3085,کار ساخته بازار,GD01002326,2.63,750.0,7.0,9.0,0.0,0.0,0.0,0.0,زرد,انگشتر,,,Img20250604-130.jpg
3086,کار ساخته بازار,GD01002323,2.01,750.0,7.0,9.0,0.0,0.0,0.0,0.0,زرد,انگشتر,,,Img20250604-1136.jpg
3087,کار ساخته بازار,GD01002322,4.58,750.0,7.0,9.0,0.0,0.0,0.0,0.0,زرد,انگشتر,,,Img20250603-881.jpg
3088,کار ساخته بازار,GD01002321,4.47,750.0,15.0,16.0,0.0,0.0,0.0,0.0,زرد,انگشتر,,,Img20250603-749.jpg
3089,کار ساخته بازار,GD01002320,4.13,750.0,15.0,16.0,0.0,0.0,0.0,0.0,زرد,انگشتر,,,Img20250603-765.jpg
3090,کار ساخته بازار,GD01002319,4.11,750.0,15.0,16.0,0.0,0.0,0.0,0.0,زرد,انگشتر,,,Img20250604-804.jpg
3091,کار ساخته بازار,GD01002317,4.08,750.0,15.0,16.0,0.0,0.0,0.0,0.0,زرد,انگشتر,,,Img20250604-212.jpg
3092,کار ساخته بازار,GD01002315,4.33,750.0,12.5,14.0,0.0,0.0,0.0,0.0,دو رنگ,انگشتر,,,Img20250604-34.jpg
3093,کار ساخته بازار,GD01002314,3.89,750.0,12.5,14.0,0.0,0.0,0.0,0.0,دو رنگ,انگشتر,,,Img20250604-940.jpg
3094,کار ساخته بازار,GD01002313,4.81,750.0,12.5,14.0,0.0,0.0,0.0,0.0,دو رنگ,انگشتر,,,Img20250604-501.jpg
3095,کار ساخته بازار,GD01002311,5.23,750.0,12.5,14.0,0.0,0.0,0.0,0.0,دو رنگ,انگشتر,,,Img20250603-78.jpg
3096,کار ساخته بازار,GD01002307,2.58,750.0,11.5,13.0,0.0,0.0,0.0,0.0,زرد,انگشتر,,,Img20250603-117.jpg
3097,کار ساخته بازار,GD01002306,2.3,750.0,11.5,13.0,0.0,0.0,0.0,0.0,زرد,انگشتر,,,Img20250603-2636.jpg
3098,کار ساخته بازار,GD01002296,2.25,750.0,10.0,11.0,0.0,0.0,0.0,0.0,زرد,انگشتر,,,Img20250603-486.jpg
3099,کار ساخته بازار,GD01002293,3.12,750.0,10.0,11.0,0.0,0.0,0.0,0.0,زرد,انگشتر,,,Img20250603-183.jpg
3100,کار ساخته بازار,GD01002289,2.71,750.0,10.0,11.0,0.0,0.0,0.0,0.0,زرد,انگشتر,,,Img20250603-517.jpg
3101,کار ساخته بازار,GD01002288,3.24,750.0,10.0,11.0,0.0,0.0,0.0,0.0,زرد,انگشتر,,,Img20250603-353.jpg
3102,کار ساخته بازار,GD01002284,2.06,750.0,10.0,11.0,0.0,0.0,0.0,0.0,زرد,انگشتر,,,Img20250603-338.jpg
3103,کار ساخته بازار,GD01002281,1.76,750.0,10.0,10.5,0.0,0.0,0.0,0.0,زرد,انگشتر,,,Img20250603-19.jpg
3104,کار ساخته بازار,GD01002278,2.01,750.0,10.0,10.5,0.0,0.0,0.0,0.0,زرد,انگشتر,,,Img20250603-1762.jpg
3105,کار ساخته بازار,GD01002276,1.53,750.0,10.0,10.5,0.0,0.0,0.0,0.0,زرد,انگشتر,,,Img20250607-433.jpg
3106,کار ساخته بازار,GD01002271,1.78,750.0,10.0,13.0,0.0,0.0,0.0,0.0,زرد,انگشتر,,,Img20250603-645.jpg
3107,کار ساخته بازار,GD01002257,2.06,750.0,10.5,13.0,0.0,0.0,0.0,0.0,دو رنگ,انگشتر,,,Img20250603-897.jpg
3108,کار ساخته بازار,GD01002250,1.78,750.0,10.5,13.0,0.0,0.0,0.0,0.0,دو رنگ,انگشتر,,,Img20250603-519.jpg
3109,کار ساخته بازار,GD01002249,1.84,750.0,10.5,13.0,0.0,0.0,0.0,0.0,دو رنگ,انگشتر,,,Img20250607-268.jpg
3110,کار ساخته بازار,GD01002246,1.76,750.0,10.5,13.0,0.0,0.0,0.0,0.0,دو رنگ,انگشتر,,,Img20250607-474.jpg
3111,کار ساخته بازار,GD01002243,1.71,750.0,10.5,13.0,0.0,0.0,0.0,0.0,دو رنگ,انگشتر,,,Img20250607-481.jpg
3112,کار ساخته بازار,GD01002237,1.73,750.0,10.5,13.0,0.0,0.0,0.0,0.0,دو رنگ,انگشتر,,,Img20250607-811.jpg
3113,کار ساخته بازار,GD01002232,2.44,750.0,10.5,13.0,0.0,0.0,0.0,0.0,دو رنگ,انگشتر,,,Img20250607-333.jpg
3114,کار ساخته بازار,GD01002229,2.28,750.0,10.5,13.0,0.0,0.0,0.0,0.0,دو رنگ,انگشتر,,,Img20250607-326.jpg
3115,کار ساخته بازار,GD01002227,2.23,750.0,10.5,13.0,0.0,0.0,0.0,0.0,دو رنگ,انگشتر,,,Img20250603-591.jpg
3116,کار ساخته بازار,GD01002225,3.67,750.0,10.5,13.0,0.0,0.0,0.0,0.0,دو رنگ,انگشتر,,,Img20250607-491.jpg
3117,کار ساخته بازار,GD01002224,2.95,750.0,10.0,12.0,0.0,0.0,0.0,0.0,زرد,انگشتر,,,Img20250607-356.jpg
3118,کار ساخته بازار,GD01002222,2.99,750.0,13.0,13.5,0.0,0.0,0.0,0.0,زرد,انگشتر,,,Img20250607-863.jpg
3119,کار ساخته بازار,GD01002220,2.95,750.0,12.5,14.0,0.0,0.0,0.0,0.0,دو رنگ,انگشتر,,,Img20250607-60.jpg
3120,کار ساخته بازار,GD01002219,4.21,750.0,12.5,13.5,0.0,0.0,0.0,0.0,دو رنگ,انگشتر,,,Img20250607-826.jpg
3121,کار ساخته بازار,GD01002218,3.95,750.0,12.5,13.5,0.0,0.0,0.0,0.0,دو رنگ,انگشتر,,,Img20260705-560.jpg
3122,کار ساخته بازار,GD01002217,3.6,750.0,12.5,13.5,0.0,0.0,0.0,0.0,دو رنگ,انگشتر,,,Img20250607-1125.jpg
3123,کار ساخته بازار,GD01002216,2.25,750.0,12.5,13.5,0.0,0.0,0.0,0.0,دو رنگ,انگشتر,,,Img20250607-120.jpg
3124,کار ساخته بازار,GD01002214,4.01,750.0,12.0,13.0,0.0,0.0,0.0,0.0,دو رنگ,انگشتر,,,Img20250603-817.jpg
3125,کار ساخته بازار,GD01002212,2.53,750.0,12.0,13.0,0.0,0.0,0.0,0.0,دو رنگ,انگشتر,,,Img20250607-24.jpg
3126,کار ساخته بازار,GD01002209,1.99,750.0,12.0,13.0,0.0,0.0,0.0,0.0,دو رنگ,انگشتر,,,Img20250607-517.jpg
3127,کار ساخته بازار,GD01002208,2.7,750.0,12.0,13.0,0.0,0.0,0.0,0.0,دو رنگ,انگشتر,,,Img20250607-451.jpg
3128,کار ساخته بازار,GD01002207,3.2,750.0,12.5,13.5,0.0,0.0,0.0,0.0,دو رنگ,انگشتر,,,Img20250607-857.jpg
3129,کار ساخته بازار,GD01002206,3.23,750.0,12.5,13.5,0.0,0.0,0.0,0.0,دو رنگ,انگشتر,,,Img20250607-208.jpg
3130,کار ساخته بازار,GD01002205,4.11,750.0,12.5,13.5,0.0,0.0,0.0,0.0,دو رنگ,انگشتر,,,Img20250607-406.jpg
3131,کار ساخته بازار,GD01002203,2.99,750.0,12.5,13.5,0.0,0.0,0.0,0.0,دو رنگ,انگشتر,,,Img20250607-436.jpg
3132,کار ساخته بازار,GD01002202,3.1,750.0,12.5,13.5,0.0,0.0,0.0,0.0,دو رنگ,انگشتر,,,Img20250607-276.jpg
3133,کار ساخته بازار,GD01002199,2.98,750.0,12.5,13.0,0.0,0.0,0.0,0.0,زرد,انگشتر,,,Img20250607-850.jpg
3134,کار ساخته بازار,GD01002198,2.97,750.0,12.5,13.0,0.0,0.0,0.0,0.0,زرد,انگشتر,,,Img20250607-876.jpg
3135,کار ساخته بازار,GD01002196,3.1,750.0,12.5,13.0,0.0,0.0,0.0,0.0,زرد,انگشتر,,,Img20250607-131.jpg
3136,کار ساخته بازار,GD01002195,2.58,750.0,12.5,13.0,0.0,0.0,0.0,0.0,زرد,انگشتر,,,Img20250607-28.jpg
3137,کار ساخته بازار,GD01002194,2.99,750.0,12.5,13.0,0.0,0.0,0.0,0.0,زرد,انگشتر,,,Img20250607-599.jpg
3138,کار ساخته بازار,GD01002193,3.43,750.0,12.5,13.0,0.0,0.0,0.0,0.0,زرد,انگشتر,,,Img20250603-497.jpg
3139,کار ساخته بازار,GD01002190,2.02,750.0,12.0,12.0,0.0,0.0,0.0,0.0,زرد,انگشتر,,,Img20250603-190.jpg
3140,کار ساخته بازار,GD01002188,1.83,750.0,12.0,13.0,0.0,0.0,0.0,0.0,زرد,انگشتر,,,Img20250603-761.jpg
3141,کار ساخته بازار,GD01002187,1.89,750.0,12.0,13.0,0.0,0.0,0.0,0.0,زرد,انگشتر,,,Img20250603-918.jpg
3142,کار ساخته بازار,GD01002185,2.44,750.0,12.0,13.0,0.0,0.0,0.0,0.0,زرد,انگشتر,,,Img20250612-863.jpg
3143,کار ساخته بازار,GD01002177,2.33,750.0,12.0,13.0,0.0,0.0,0.0,0.0,زرد,انگشتر,,,Img20250612-857.jpg
3144,کار ساخته بازار,GD01002176,1.99,750.0,12.0,13.0,0.0,0.0,0.0,0.0,زرد,انگشتر,,,Img20250603-695.jpg
3145,کار ساخته بازار,GD01002171,2.51,750.0,12.0,13.0,0.0,0.0,0.0,0.0,زرد,انگشتر,,,Img20250612-702.jpg
3146,کار ساخته بازار,GD01002163,3.57,750.0,12.0,13.0,0.0,0.0,0.0,0.0,زرد,انگشتر,,,Img20250612-403.jpg
3147,کار ساخته بازار,GD01002160,1.95,750.0,12.0,13.0,0.0,0.0,0.0,0.0,زرد,انگشتر,,,Img20250612-79.jpg
3148,کار ساخته بازار,GD01002159,2.37,750.0,12.0,13.0,0.0,0.0,0.0,0.0,زرد,انگشتر,,,Img20250603-772.jpg
3149,کار ساخته بازار,GD01002151,1.75,750.0,8.5,10.0,0.0,0.0,0.0,0.0,دو رنگ,انگشتر,,,Img20250612-88.jpg
3150,کار ساخته بازار,GD01002135,2.06,750.0,8.5,10.0,0.0,0.0,0.0,0.0,دو رنگ,انگشتر,,,Img20250612-94.jpg
3151,کار ساخته بازار,GD01002125,4.0,750.0,12.5,13.0,0.0,0.0,0.0,0.0,دو رنگ,انگشتر,,,Img20250607-133.jpg
3152,کار ساخته بازار,GD01002118,3.79,750.0,13.0,14.5,0.0,0.0,0.0,0.0,زرد,انگشتر,,,Img20260705-401.jpg
3153,کار ساخته بازار,GD01002116,1.92,750.0,13.0,14.5,0.0,0.0,0.0,0.0,زرد,انگشتر,,,Img20250607-449.jpg
3154,کار ساخته بازار,GD01002110,2.98,750.0,9.0,10.0,0.0,0.0,0.0,0.0,زرد,انگشتر,,,Img20250607-713.jpg
3155,کار ساخته بازار,GD01002109,3.12,750.0,13.0,13.0,0.0,0.0,0.0,0.0,زرد,انگشتر,,,Img20250607-637.jpg
3156,کار ساخته بازار,GD01002108,2.56,750.0,16.0,16.0,0.0,0.0,0.0,0.0,زرد,انگشتر,,,Img20250607-608.jpg
3157,کار ساخته بازار,GD01002107,3.78,750.0,13.0,15.0,0.0,0.0,0.0,0.0,زرد,انگشتر,,,Img20250607-912.jpg
3158,کار ساخته بازار,GD01002106,1.35,750.0,13.0,15.0,0.0,0.0,0.0,0.0,زرد,انگشتر,,,Img20250607-925.jpg
3159,کار ساخته بازار,GD01002104,2.07,750.0,13.0,15.0,0.0,0.0,0.0,0.0,زرد,انگشتر,,,Img20250612-1574.jpg
3160,کار ساخته بازار,GD01002103,3.06,750.0,13.0,15.0,0.0,0.0,0.0,0.0,زرد,انگشتر,,,Img20250607-579.jpg
3161,کار ساخته بازار,GD01002101,2.36,750.0,13.0,15.0,0.0,0.0,0.0,0.0,زرد,انگشتر,,,Img20250607-553.jpg
3162,کار ساخته بازار,GD01002099,1.34,750.0,13.0,15.0,0.0,0.0,0.0,0.0,زرد,انگشتر,,,Img20250607-950.jpg
3163,کار ساخته بازار,GD01002098,3.98,750.0,13.0,15.0,0.0,0.0,0.0,0.0,زرد,انگشتر,,,Img20250607-69.jpg
3164,کار ساخته بازار,GD01002097,2.16,750.0,9.0,10.5,0.0,0.0,0.0,0.0,زرد,انگشتر,,,Img20250607-13.jpg
3165,کار ساخته بازار,GD01002095,2.04,750.0,9.0,10.5,0.0,0.0,0.0,0.0,زرد,انگشتر,,,Img20250607-429.jpg
3166,کار ساخته بازار,GD01002092,2.24,750.0,9.0,10.5,0.0,0.0,0.0,0.0,زرد,انگشتر,,,Img20250607-737.jpg
3167,کار ساخته بازار,GD01002091,2.48,750.0,11.0,12.0,0.0,0.0,0.0,0.0,زرد,انگشتر,,,Img20250607-889.jpg
3168,کار ساخته بازار,GD01002089,3.56,750.0,11.0,12.0,0.0,0.0,0.0,0.0,زرد,انگشتر,,,Img20250607-933.jpg
3169,کار ساخته بازار,GD01002088,2.71,750.0,11.0,12.0,0.0,0.0,0.0,0.0,زرد,انگشتر,,,Img20250607-12.jpg
3170,کار ساخته بازار,GD01002087,2.63,750.0,11.0,12.0,0.0,0.0,0.0,0.0,زرد,انگشتر,,,Img20250607-797.jpg
3171,کار ساخته بازار,GD01002086,2.1,750.0,11.0,12.0,0.0,0.0,0.0,0.0,زرد,انگشتر,,,Img20250607-722.jpg
3172,کار ساخته بازار,GD01002084,2.65,750.0,11.0,13.0,0.0,0.0,0.0,0.0,زرد,انگشتر,,,Img20250607-1812.jpg
3173,کار ساخته بازار,GD01002081,2.31,750.0,14.0,16.0,0.0,0.0,0.0,0.0,زرد,انگشتر,,,Img20250607-984.jpg
3174,کار ساخته بازار,GD01002080,1.64,750.0,14.0,16.0,0.0,0.0,0.0,0.0,زرد,انگشتر,,,Img20250607-835.jpg
3175,کار ساخته بازار,GD01002079,2.47,750.0,14.0,16.0,0.0,0.0,0.0,0.0,زرد,انگشتر,,,Img20250607-816.jpg
3176,کار ساخته بازار,GD01002078,1.32,750.0,14.0,16.0,0.0,0.0,0.0,0.0,زرد,انگشتر,,,Img20250607-482.jpg
3177,کار ساخته بازار,GD01002077,3.74,750.0,14.0,16.0,0.0,0.0,0.0,0.0,زرد,انگشتر,,,Img20250607-397.jpg
3178,کار ساخته بازار,GD01002074,2.27,750.0,13.0,14.5,0.0,0.0,0.0,0.0,زرد,انگشتر,,,Img20250607-1764.jpg
3179,کار ساخته بازار,GD01002073,1.93,750.0,13.0,14.5,0.0,0.0,0.0,0.0,زرد,انگشتر,,,Img20250607-738.jpg
3180,کار ساخته بازار,GD01002072,1.75,750.0,13.0,14.5,0.0,0.0,0.0,0.0,زرد,انگشتر,,,Img20250607-352.jpg
3181,کار ساخته بازار,GD01002071,1.84,750.0,13.0,14.5,0.0,0.0,0.0,0.0,زرد,انگشتر,,,Img20250607-687.jpg
3182,کار ساخته بازار,GD01002070,0.96,750.0,12.0,14.0,0.0,0.0,0.0,0.0,زرد,انگشتر,,,Img20250607-741.jpg
3183,کار ساخته بازار,GD01002069,1.25,750.0,12.0,14.0,0.0,0.0,0.0,0.0,زرد,انگشتر,,,Img20250607-675.jpg
3184,کار ساخته بازار,GD01002068,0.83,750.0,12.0,14.0,0.0,0.0,0.0,0.0,زرد,انگشتر,,,Img20250607-209.jpg
3185,کار ساخته بازار,GD01002066,1.65,750.0,12.0,14.0,0.0,0.0,0.0,0.0,زرد,انگشتر,,,Img20250607-74.jpg
3186,کار ساخته بازار,GD01002063,2.95,750.0,16.0,17.0,0.0,0.0,0.0,0.0,زرد,انگشتر,,,Img20250607-186.jpg
3187,کار ساخته بازار,GD01002060,3.46,750.0,16.0,17.0,0.0,0.0,0.0,0.0,زرد,انگشتر,,,Img20250607-989.jpg
3188,کار ساخته بازار,GD01002058,4.35,750.0,16.0,17.0,0.0,0.0,0.0,0.0,زرد,انگشتر,,,Img20250607-27.jpg
3189,کار ساخته بازار,GD01002057,3.51,750.0,16.0,17.0,0.0,0.0,0.0,0.0,زرد,انگشتر,,,Img20250607-725.jpg
3190,کار ساخته بازار,GD01002056,1.73,750.0,16.0,17.0,0.0,0.0,0.0,0.0,زرد,انگشتر,,,Img20250607-83.jpg
3191,کار ساخته بازار,GD01002055,2.61,750.0,16.0,17.0,0.0,0.0,0.0,0.0,زرد,انگشتر,,,Img20250607-421.jpg
3192,کار ساخته بازار,GD01002053,3.4,750.0,16.0,17.0,0.0,0.0,0.0,0.0,زرد,انگشتر,,,Img20250607-340.jpg
3193,کار ساخته بازار,GD01002052,2.5,750.0,16.0,17.0,0.0,0.0,0.0,0.0,زرد,انگشتر,,,Img20250607-757.jpg
3194,کار ساخته بازار,GD01002050,2.79,750.0,16.0,17.0,0.0,0.0,0.0,0.0,زرد,انگشتر,,,Img20250607-117.jpg
3195,کار ساخته بازار,GD01002047,1.51,750.0,16.0,17.0,0.0,0.0,0.0,0.0,زرد,انگشتر,,,Img20250607-388.jpg
3196,کار ساخته بازار,GD01002041,2.95,750.0,16.0,17.0,0.0,0.0,0.0,0.0,زرد,انگشتر,,,Img20250607-890.jpg
3197,کار ساخته بازار,GD01002038,3.31,750.0,16.0,17.0,0.0,0.0,0.0,0.0,زرد,انگشتر,,,Img20250607-291.jpg
3198,کار ساخته بازار,GD01002036,2.35,750.0,17.0,18.0,0.0,0.0,0.0,0.0,زرد,انگشتر,,,Img20250607-833.jpg
3199,کار ساخته بازار,GD01002034,3.44,750.0,16.0,17.0,0.0,0.0,0.0,0.0,زرد,انگشتر,,,Img20250603-632.jpg
3200,کار ساخته بازار,GD01002032,3.26,750.0,12.0,13.0,0.0,0.0,0.0,0.0,زرد,انگشتر,,,Img20250603-932.jpg
3201,کار ساخته بازار,GD01002029,2.44,750.0,9.0,10.0,0.0,0.0,0.0,0.0,زرد,انگشتر,,,Img20250603-771.jpg
3202,کار ساخته بازار,GD01002022,3.1,750.0,11.0,12.5,0.0,0.0,0.0,0.0,زرد,انگشتر,,,Img20250603-520.jpg
3203,کار ساخته بازار,GD01002017,3.28,750.0,10.0,12.0,0.0,0.0,0.0,0.0,زرد,انگشتر,,,Img20250603-501.jpg
3204,کار ساخته بازار,GD01002015,2.36,750.0,10.0,12.0,0.0,0.0,0.0,0.0,زرد,انگشتر,,,Img20250603-153.jpg
3205,کار ساخته بازار,GD01002011,2.7,750.0,10.0,12.0,0.0,0.0,0.0,0.0,زرد,انگشتر,,,Img20260504-293.jpg
3206,کار ساخته بازار,GD01002005,3.12,750.0,12.0,13.5,0.0,0.0,0.0,0.0,زرد,انگشتر,,,Img20250603-122.jpg
3207,کار ساخته بازار,GD01001993,1.82,750.0,7.0,10.0,0.0,0.0,0.0,0.0,زرد,انگشتر,,,Img20250603-131.jpg
3208,کار ساخته بازار,GD01001990,2.8,750.0,13.5,14.5,0.0,0.0,0.0,0.0,دو رنگ,انگشتر,,,Img20250603-660.jpg
3209,کار ساخته بازار,GD01001981,3.7,750.0,12.5,14.0,0.0,0.0,0.0,0.0,زرد,انگشتر,,,Img20250603-944.jpg
3210,کار ساخته بازار,GD01001975,6.65,750.0,12.5,14.0,0.0,0.0,0.0,0.0,زرد,انگشتر,,,Img20250603-750.jpg
3211,کار ساخته بازار,GD01001970,4.96,750.0,15.0,16.5,0.0,0.0,0.0,0.0,زرد,انگشتر,,,Img20250603-637.jpg
3212,کار ساخته بازار,GD01001968,3.66,750.0,15.0,16.5,0.0,0.0,0.0,0.0,زرد,انگشتر,,,Img20250603-284.jpg
3213,کار ساخته بازار,GD01001965,4.4,750.0,12.0,13.5,0.0,0.0,0.0,0.0,زرد,انگشتر,,,Img20250603-465.jpg
3214,کار ساخته بازار,GD01001961,3.19,750.0,12.5,13.5,0.0,0.0,0.0,0.0,دو رنگ,انگشتر,,,Img20250603-402.jpg
3215,کار ساخته بازار,GD01001960,3.71,750.0,12.5,13.5,0.0,0.0,0.0,0.0,دو رنگ,انگشتر,,,Img20250603-740.jpg
3216,کار ساخته بازار,GD01001958,4.25,750.0,12.5,13.5,0.0,0.0,0.0,0.0,دو رنگ,انگشتر,,,Img20250603-885.jpg
3217,کار ساخته بازار,GD01001955,4.59,750.0,13.5,14.5,0.0,0.0,0.0,0.0,زرد,انگشتر,,,Img20250603-393.jpg
3218,کار ساخته بازار,GD01001954,3.93,750.0,13.5,14.5,0.0,0.0,0.0,0.0,زرد,انگشتر,,,Img20250603-107.jpg
3219,کار ساخته بازار,GD01001953,3.6,750.0,13.5,14.5,0.0,0.0,0.0,0.0,زرد,انگشتر,,,Img20250603-266.jpg
3220,کار ساخته بازار,GD01001941,3.25,750.0,13.5,14.5,0.0,0.0,0.0,0.0,دو رنگ,انگشتر,,,Img20250603-759.jpg
3221,کار ساخته بازار,GD01001939,2.78,750.0,13.5,14.5,0.0,0.0,0.0,0.0,دو رنگ,انگشتر,,,Img20250603-809.jpg
3222,کار ساخته بازار,GD01001937,3.21,750.0,13.5,14.5,0.0,0.0,0.0,0.0,دو رنگ,انگشتر,,,Img20250603-21.jpg
3223,کار ساخته بازار,GD01001933,4.28,750.0,12.5,13.5,0.0,0.0,0.0,0.0,زرد,انگشتر,,,Img20250603-516.jpg
3224,کار ساخته بازار,GD01001932,3.46,750.0,12.5,13.5,0.0,0.0,0.0,0.0,زرد,انگشتر,,,Img20250603-961.jpg
3225,کار ساخته بازار,GD01001931,3.97,750.0,12.5,13.5,0.0,0.0,0.0,0.0,زرد,انگشتر,,,Img20250603-1832.jpg
3226,کار ساخته بازار,GD01001930,3.42,750.0,12.5,13.5,0.0,0.0,0.0,0.0,زرد,انگشتر,,,Img20250603-26.jpg
3227,کار ساخته بازار,GD01001929,4.09,750.0,12.5,13.5,0.0,0.0,0.0,0.0,زرد,انگشتر,,,Img20250603-622.jpg
3228,کار ساخته بازار,GD01001925,5.05,750.0,12.5,13.5,0.0,0.0,0.0,0.0,زرد,انگشتر,,,Img20250603-8.jpg
3229,کار ساخته بازار,GD01001924,3.16,750.0,12.5,13.5,0.0,0.0,0.0,0.0,زرد,انگشتر,,,Img20250603-45.jpg
3230,کار ساخته بازار,GD01001920,3.45,750.0,12.0,13.0,0.0,0.0,0.0,0.0,زرد,انگشتر,,,Img20250603-130.jpg
3231,کار ساخته بازار,GD01001916,4.0,750.0,12.0,13.0,0.0,0.0,0.0,0.0,زرد,انگشتر,,,Img20250603-845.jpg
3232,کار ساخته بازار,GD01001913,3.96,750.0,12.0,13.5,0.0,0.0,0.0,0.0,زرد,انگشتر,,,Img20250603-587.jpg
3233,کار ساخته بازار,GD01001912,4.05,750.0,12.0,13.5,0.0,0.0,0.0,0.0,زرد,انگشتر,,,Img20250603-642.jpg
3234,کار ساخته بازار,GD01001911,3.66,750.0,12.0,13.5,0.0,0.0,0.0,0.0,زرد,انگشتر,,,Img20250603-800.jpg
3235,کار ساخته بازار,GD01001907,3.21,750.0,12.0,13.5,0.0,0.0,0.0,0.0,زرد,انگشتر,,,Img20250603-457.jpg
3236,کار ساخته بازار,GD01001906 - آرین,7.68,750.0,7.5,8.0,0.0,0.0,0.0,0.0,زرد,النگو,3.0,,Img20250603-168.jpg
3237,کار ساخته بازار,GD01001905 - آرین,7.87,750.0,7.5,8.0,0.0,0.0,0.0,0.0,زرد,النگو,3.0,,Img20250603-577.jpg
3238,کار ساخته بازار,GD01001904 - آرین,7.53,750.0,7.5,8.0,0.0,0.0,0.0,0.0,زرد,النگو,3.0,,Img20250603-40.jpg
3239,کار ساخته بازار,GD01001903 - آرین,6.85,750.0,7.5,8.0,0.0,0.0,0.0,0.0,زرد,النگو,2.0,,Img20250603-169.jpg
3240,کار ساخته بازار,GD01001902 - آرین,7.03,750.0,7.5,8.0,0.0,0.0,0.0,0.0,زرد,النگو,2.0,,Img20250603-87.jpg
3241,کار ساخته بازار,GD01001901 - آرین,7.01,750.0,7.5,8.0,0.0,0.0,0.0,0.0,زرد,النگو,2.0,,Img20250603-734.jpg
3242,کار ساخته بازار,GD01001900 - آرین,7.2,750.0,7.5,8.0,0.0,0.0,0.0,0.0,زرد,النگو,2.0,,Img20250603-415.jpg
3243,کار ساخته بازار,GD01001899 - آرین,6.67,750.0,7.5,8.0,0.0,0.0,0.0,0.0,زرد,النگو,1.0,,Img20250602-918.jpg
3244,کار ساخته بازار,GD01001874,1.62,750.0,2.5,7.0,0.0,0.0,0.0,0.0,زرد,النگو,0.3,,Img20250602-1041.jpg
3245,کار ساخته بازار,GD01001869 - 1232,3.18,750.0,4.5,7.0,0.0,0.0,0.0,0.0,سفید,النگو,3.0,,Img20250602-1407.jpg
3246,کار ساخته بازار,GD01001868 - 1232,3.16,750.0,4.5,7.0,0.0,0.0,0.0,0.0,سفید,النگو,3.0,,Img20250602-1626.jpg
3247,کار ساخته بازار,GD01001867 - 1232,3.15,750.0,4.5,7.0,0.0,0.0,0.0,0.0,سفید,النگو,3.0,,Img20250602-1596.jpg
3248,کار ساخته بازار,GD01001866 - 1232,3.66,750.0,4.5,7.0,0.0,0.0,0.0,0.0,سفید,النگو,3.0,,Img20250602-762.jpg
3249,کار ساخته بازار,GD01001865 - 1232,3.57,750.0,4.5,7.0,0.0,0.0,0.0,0.0,سفید,النگو,3.0,,Img20250602-2802.jpg
3250,کار ساخته بازار,GD01001864 - 1232,3.18,750.0,4.5,7.0,0.0,0.0,0.0,0.0,سفید,النگو,3.0,,Img20250602-373.jpg
3251,کار ساخته بازار,GD01001860 - 1232,2.88,750.0,4.5,7.0,0.0,0.0,0.0,0.0,سفید,النگو,1.0,,Img20250602-179.jpg
3252,کار ساخته بازار,GD01001859 - ارین,6.19,750.0,6.5,7.5,0.0,0.0,0.0,0.0,زرد,النگو,1.0,,Img20250602-124.jpg
3253,کار ساخته بازار,GD01001648 - 450,3.81,750.0,7.0,8.0,0.0,0.0,0.0,0.0,سفید,النگو,3.0,,Img20250602-1587.jpg
3254,کار ساخته بازار,GD01001647 - 450,3.61,750.0,7.0,8.0,0.0,0.0,0.0,0.0,سفید,النگو,3.0,,Img20250602-980.jpg
3255,کار ساخته بازار,GD01001645 - 450,3.58,750.0,7.0,8.0,0.0,0.0,0.0,0.0,سفید,النگو,3.0,,Img20250602-1461.jpg
3256,کار ساخته بازار,GD01001644 - 450,3.85,750.0,7.0,8.0,0.0,0.0,0.0,0.0,سفید,النگو,3.0,,Img20250602-2021.jpg
3257,کار ساخته بازار,GD01001641 - 450,3.26,750.0,7.0,8.0,0.0,0.0,0.0,0.0,سفید,النگو,3.0,,Img20250602-1217.jpg
3258,کار ساخته بازار,GD01001637 - 450,3.45,750.0,7.0,8.0,0.0,0.0,0.0,0.0,سفید,النگو,1.0,,Img20250602-387.jpg
3259,کار ساخته بازار,GD01001635 - 450,3.74,750.0,7.0,8.0,0.0,0.0,0.0,0.0,سفید,النگو,1.0,,Img20250602-635.jpg
3260,کار ساخته بازار,GD01001634 - 450,3.14,750.0,7.0,8.0,0.0,0.0,0.0,0.0,سفید,النگو,1.0,,Img20250602-1780.jpg
3261,کار ساخته بازار,GD01001633 - 450,3.5,750.0,7.0,8.0,0.0,0.0,0.0,0.0,سفید,النگو,1.0,,Img20250602-750.jpg
3262,کار ساخته بازار,GD01001632 - 450,3.33,750.0,7.0,8.0,0.0,0.0,0.0,0.0,سفید,النگو,1.0,,Img20250602-812.jpg
3263,کار ساخته بازار,GD01001631 - 450,3.4,750.0,7.0,8.0,0.0,0.0,0.0,0.0,سفید,النگو,1.0,,Img20250602-934.jpg
3264,کار ساخته بازار,GD01001630 - 450,3.38,750.0,7.0,8.0,0.0,0.0,0.0,0.0,سفید,النگو,1.0,,Img20250602-205.jpg
3265,کار ساخته بازار,GD01001629 - 1416,3.62,750.0,4.5,7.0,0.0,0.0,0.0,0.0,سفید,النگو,3.0,,Img20250602-325.jpg
3266,کار ساخته بازار,GD01001628 - 1416,3.7,750.0,4.5,7.0,0.0,0.0,0.0,0.0,سفید,النگو,3.0,,Img20250602-1941.jpg
3267,کار ساخته بازار,GD01001627 - 1416,3.76,750.0,4.5,7.0,0.0,0.0,0.0,0.0,سفید,النگو,3.0,,Img20250602-21.jpg
3268,کار ساخته بازار,GD01001625 - 1416,3.7,750.0,4.5,7.0,0.0,0.0,0.0,0.0,سفید,النگو,3.0,,Img20250602-589.jpg
3269,کار ساخته بازار,GD01001624 - 1416,3.69,750.0,4.5,7.0,0.0,0.0,0.0,0.0,سفید,النگو,3.0,,Img20250602-2252.jpg
3270,کار ساخته بازار,GD01001615 - 1416,3.14,750.0,4.5,7.0,0.0,0.0,0.0,0.0,سفید,النگو,1.0,,Img20250602-1388.jpg
3271,کار ساخته بازار,GD01001611 - 1416,2.97,750.0,4.5,7.0,0.0,0.0,0.0,0.0,سفید,النگو,1.0,,Img20250602-1391.jpg
3272,کار ساخته بازار,GD01001596 - 278,3.46,750.0,7.0,8.0,0.0,0.0,0.0,0.0,سفید,النگو,1.0,,Img20250602-122.jpg
3273,کار ساخته بازار,GD01001594 - 278,3.59,750.0,7.0,8.0,0.0,0.0,0.0,0.0,سفید,النگو,1.0,,Img20250602-878.jpg
3274,کار ساخته بازار,GD01001593 - 278,3.73,750.0,7.0,8.0,0.0,0.0,0.0,0.0,سفید,النگو,1.0,,Img20250602-694.jpg
3275,کار ساخته بازار,GD01001592 - 278,4.58,750.0,7.0,8.0,0.0,0.0,0.0,0.0,سفید,النگو,3.0,,Img20250602-940.jpg
3276,کار ساخته بازار,GD01001591 - 278,4.49,750.0,7.0,8.0,0.0,0.0,0.0,0.0,سفید,النگو,3.0,,Img20250602-1114.jpg
3277,کار ساخته بازار,GD01001586 - 278,3.63,750.0,7.0,8.0,0.0,0.0,0.0,0.0,سفید,النگو,2.0,,Img20250602-545.jpg
3278,کار ساخته بازار,GD01001584 - 278,3.72,750.0,7.0,8.0,0.0,0.0,0.0,0.0,سفید,النگو,2.0,,Img20250602-126.jpg
3279,کار ساخته بازار,GD01001583 - 278,3.92,750.0,7.0,8.0,0.0,0.0,0.0,0.0,سفید,النگو,2.0,,Img20250602-889.jpg
3280,کار ساخته بازار,GD01001580 - 278,3.58,750.0,7.0,8.0,0.0,0.0,0.0,0.0,سفید,النگو,1.0,,Img20250602-1803.jpg
3281,کار ساخته بازار,GD01001579 - 278,3.51,750.0,7.0,8.0,0.0,0.0,0.0,0.0,سفید,النگو,1.0,,Img20250602-1795.jpg
3282,کار ساخته بازار,GD01001578 - یاقوت,2.77,750.0,6.0,7.0,0.0,0.0,0.0,0.0,سفید,النگو,3.0,,Img20250602-654.jpg
3283,کار ساخته بازار,GD01001577 - یاقوت,2.09,750.0,6.0,7.0,0.0,0.0,0.0,0.0,سفید,النگو,1.0,,Img20250602-585.jpg
3284,کار ساخته بازار,GD01001576 - یاقوت,2.1,750.0,6.0,7.0,0.0,0.0,0.0,0.0,سفید,النگو,1.0,,Img20250602-130.jpg
3285,کار ساخته بازار,GD01001575 - یاقوت,2.19,750.0,6.0,7.0,0.0,0.0,0.0,0.0,سفید,النگو,1.0,,Img20250602-1797.jpg
3286,کار ساخته بازار,GD01001574 - یاقوت,2.86,750.0,6.0,7.0,0.0,0.0,0.0,0.0,سفید,النگو,3.0,,Img20250602-659.jpg
3287,کار ساخته بازار,GD01001573 - یاقوت,2.75,750.0,6.0,7.0,0.0,0.0,0.0,0.0,سفید,النگو,3.0,,Img20250602-45.jpg
3288,کار ساخته بازار,GD01001572 - یاقوت,2.83,750.0,6.0,7.0,0.0,0.0,0.0,0.0,سفید,النگو,3.0,,Img20250602-546.jpg
3289,کار ساخته بازار,GD01001571 - یاقوت,2.16,750.0,6.0,7.0,0.0,0.0,0.0,0.0,سفید,النگو,1.0,,Img20250602-196.jpg
3290,کار ساخته بازار,GD01001570 - یاقوت,2.82,750.0,6.0,7.0,0.0,0.0,0.0,0.0,سفید,النگو,3.0,,Img20250602-911.jpg
3291,کار ساخته بازار,GD01001569 - یاقوت,2.87,750.0,6.0,7.0,0.0,0.0,0.0,0.0,سفید,النگو,3.0,,Img20250602-887.jpg
3292,کار ساخته بازار,GD01001568 - یاقوت,2.51,750.0,6.0,7.0,0.0,0.0,0.0,0.0,سفید,النگو,2.0,,Img20250602-525.jpg
3293,کار ساخته بازار,GD01001567 - یاقوت,2.48,750.0,6.0,7.0,0.0,0.0,0.0,0.0,سفید,النگو,2.0,,Img20250602-553.jpg
3294,کار ساخته بازار,GD01001566 - یاقوت,2.49,750.0,6.0,7.0,0.0,0.0,0.0,0.0,سفید,النگو,2.0,,Img20250602-613.jpg
3295,کار ساخته بازار,GD01001565 - یاقوت,2.17,750.0,6.0,7.0,0.0,0.0,0.0,0.0,سفید,النگو,1.0,,Img20250602-229.jpg
3296,کار ساخته بازار,GD01001563 - یاقوت,2.15,750.0,6.0,7.0,0.0,0.0,0.0,0.0,سفید,النگو,1.0,,Img20250602-561.jpg
3297,کار ساخته بازار,GD01001562 - یاقوت,2.34,750.0,6.0,7.0,0.0,0.0,0.0,0.0,سفید,النگو,1.0,,Img20250602-604.jpg
3298,کار ساخته بازار,GD01001561 - یاقوت,2.74,750.0,6.0,7.0,0.0,0.0,0.0,0.0,زرد,النگو,3.0,,Img20250602-906.jpg
3299,کار ساخته بازار,GD01001560 - یاقوت,2.78,750.0,6.0,7.0,0.0,0.0,0.0,0.0,زرد,النگو,3.0,,Img20250602-432.jpg
3300,کار ساخته بازار,GD01001559 - یاقوت,2.39,750.0,6.0,7.0,0.0,0.0,0.0,0.0,زرد,النگو,2.0,,Img20250602-459.jpg
3301,کار ساخته بازار,GD01001558 - یاقوت,2.76,750.0,6.0,7.0,0.0,0.0,0.0,0.0,زرد,النگو,3.0,,Img20250602-582.jpg
3302,کار ساخته بازار,GD01001557 - یاقوت,2.32,750.0,6.0,7.0,0.0,0.0,0.0,0.0,زرد,النگو,1.0,,Img20250602-748.jpg
3303,کار ساخته بازار,GD01001556 - یاقوت,2.89,750.0,6.0,7.0,0.0,0.0,0.0,0.0,زرد,النگو,3.0,,Img20250602-1040.jpg
3304,کار ساخته بازار,GD01001555 - یاقوت,2.85,750.0,6.0,7.0,0.0,0.0,0.0,0.0,زرد,النگو,3.0,,Img20250602-368.jpg
3305,کار ساخته بازار,GD01001554 - یاقوت,2.78,750.0,6.0,7.0,0.0,0.0,0.0,0.0,زرد,النگو,3.0,,Img20250602-756.jpg
3306,کار ساخته بازار,GD01001553 - یاقوت,2.21,750.0,6.0,7.0,0.0,0.0,0.0,0.0,زرد,النگو,2.0,,Img20250602-268.jpg
3307,کار ساخته بازار,GD01001552 - یاقوت,2.47,750.0,6.0,7.0,0.0,0.0,0.0,0.0,زرد,النگو,2.0,,Img20250602-1728.jpg
3308,کار ساخته بازار,GD01001551 - یاقوت,2.5,750.0,6.0,7.0,0.0,0.0,0.0,0.0,زرد,النگو,2.0,,Img20250602-966.jpg
3309,کار ساخته بازار,GD01001550 - امید,2.82,750.0,6.0,7.0,0.0,0.0,0.0,0.0,سفید,النگو,3.0,,Img20250602-572.jpg
3310,کار ساخته بازار,GD01001549 - امید,2.67,750.0,6.0,7.0,0.0,0.0,0.0,0.0,سفید,النگو,3.0,,Img20250602-641.jpg
3311,کار ساخته بازار,GD01001548 - امید,3.02,750.0,6.0,7.0,0.0,0.0,0.0,0.0,سفید,النگو,3.0,,Img20250602-608.jpg
3312,کار ساخته بازار,GD01001547 - امید,2.78,750.0,6.0,7.0,0.0,0.0,0.0,0.0,سفید,النگو,3.0,,Img20250602-793.jpg
3313,کار ساخته بازار,GD01001546 - امید,3.15,750.0,6.0,7.0,0.0,0.0,0.0,0.0,سفید,النگو,3.0,,Img20250602-33.jpg
3314,کار ساخته بازار,GD01001545 - امید,2.36,750.0,6.0,7.0,0.0,0.0,0.0,0.0,سفید,النگو,2.0,,Img20250602-6.jpg
3315,کار ساخته بازار,GD01001544 - امید,2.58,750.0,6.0,7.0,0.0,0.0,0.0,0.0,سفید,النگو,3.0,,Img20250602-1485.jpg
3316,کار ساخته بازار,GD01001543 - امید,2.5,750.0,6.0,7.0,0.0,0.0,0.0,0.0,سفید,النگو,2.0,,Img20250602-586.jpg
3317,کار ساخته بازار,GD01001542 - امید,2.68,750.0,6.0,7.0,0.0,0.0,0.0,0.0,سفید,النگو,2.0,,Img20250602-767.jpg
3318,کار ساخته بازار,GD01001541 - امید,2.57,750.0,6.0,7.0,0.0,0.0,0.0,0.0,سفید,النگو,2.0,,Img20250602-1013.jpg
3319,کار ساخته بازار,GD01001540 - امید,2.64,750.0,6.0,7.0,0.0,0.0,0.0,0.0,سفید,النگو,2.0,,Img20250602-736.jpg
3320,کار ساخته بازار,GD01001537 - امید,2.75,750.0,6.0,7.0,0.0,0.0,0.0,0.0,سفید,النگو,2.0,,Img20250602-440.jpg
3321,کار ساخته بازار,GD01001531 - امید,2.43,750.0,6.0,7.0,0.0,0.0,0.0,0.0,سفید,النگو,1.0,,Img20250602-458.jpg
3322,کار ساخته بازار,GD01001528 - 80,3.7,750.0,7.5,8.0,0.0,0.0,0.0,0.0,سفید,النگو,3.0,,Img20250602-688.jpg
3323,کار ساخته بازار,GD01001527 - 80,3.63,750.0,7.5,8.0,0.0,0.0,0.0,0.0,سفید,النگو,3.0,,Img20250602-922.jpg
3324,کار ساخته بازار,GD01001526 - 80,3.73,750.0,7.5,8.0,0.0,0.0,0.0,0.0,سفید,النگو,3.0,,Img20250602-705.jpg
3325,کار ساخته بازار,GD01001525 - 80,3.6,750.0,7.5,8.0,0.0,0.0,0.0,0.0,سفید,النگو,3.0,,Img20250602-57.jpg
3326,کار ساخته بازار,GD01001524 - 80,3.77,750.0,7.5,8.0,0.0,0.0,0.0,0.0,سفید,النگو,3.0,,Img20250602-162.jpg
3327,کار ساخته بازار,GD01001523 - 80,3.41,750.0,7.5,8.0,0.0,0.0,0.0,0.0,سفید,النگو,2.0,,Img20250602-59.jpg
3328,کار ساخته بازار,GD01001522 - 80,3.63,750.0,7.5,8.0,0.0,0.0,0.0,0.0,سفید,النگو,3.0,,Img20250602-1665.jpg
3329,کار ساخته بازار,GD01001521 - 80,3.33,750.0,7.5,8.0,0.0,0.0,0.0,0.0,سفید,النگو,2.0,,Img20250602-822.jpg
3330,کار ساخته بازار,GD01001520 - 80,3.46,750.0,7.5,8.0,0.0,0.0,0.0,0.0,سفید,النگو,2.0,,Img20250602-1931.jpg
3331,کار ساخته بازار,GD01001519 - 80,3.26,750.0,7.5,8.0,0.0,0.0,0.0,0.0,سفید,النگو,2.0,,Img20250602-191.jpg
3332,کار ساخته بازار,GD01001518 - 80,3.53,750.0,7.5,8.0,0.0,0.0,0.0,0.0,سفید,النگو,3.0,,Img20250602-12.jpg
3333,کار ساخته بازار,GD01001517 - 80,3.29,750.0,7.5,8.0,0.0,0.0,0.0,0.0,سفید,النگو,2.0,,Img20250602-781.jpg
3334,کار ساخته بازار,GD01001516 - 80,3.44,750.0,7.5,8.0,0.0,0.0,0.0,0.0,سفید,النگو,2.0,,Img20250602-652.jpg
3335,کار ساخته بازار,GD01001515 - 80,3.25,750.0,7.5,8.0,0.0,0.0,0.0,0.0,سفید,النگو,1.0,,Img20250602-533.jpg
3336,کار ساخته بازار,GD01001514 - 80,3.44,750.0,7.5,8.0,0.0,0.0,0.0,0.0,سفید,النگو,1.0,,Img20250602-700.jpg
3337,کار ساخته بازار,GD01001513 - 80,3.26,750.0,7.5,8.0,0.0,0.0,0.0,0.0,سفید,النگو,1.0,,Img20250602-1722.jpg
3338,کار ساخته بازار,GD01001512 - 80,3.23,750.0,7.5,8.0,0.0,0.0,0.0,0.0,سفید,النگو,1.0,,Img20250602-779.jpg
3339,کار ساخته بازار,GD01001511 - 80,3.22,750.0,7.5,8.0,0.0,0.0,0.0,0.0,سفید,النگو,1.0,,Img20250602-266.jpg
3340,کار ساخته بازار,GD01001510 - 80,3.37,750.0,7.5,8.0,0.0,0.0,0.0,0.0,سفید,النگو,1.0,,Img20250602-139.jpg
3341,کار ساخته بازار,GD01001509 - 80,3.4,750.0,7.5,8.0,0.0,0.0,0.0,0.0,سفید,النگو,1.0,,Img20250602-486.jpg
3342,کار ساخته بازار,GD01001508 - 80,3.26,750.0,7.5,8.0,0.0,0.0,0.0,0.0,دو رنگ,النگو,1.0,,Img20250601-29.jpg
3343,کار ساخته بازار,GD01001474 - 212,5.81,750.0,6.5,7.5,0.0,0.0,0.0,0.0,زرد,النگو,2.0,,Img20250601-2166.jpg
3344,کار ساخته بازار,GD01001473 - 212,5.81,750.0,6.5,7.5,0.0,0.0,0.0,0.0,زرد,النگو,2.0,,Img20250601-70.jpg
3345,کار ساخته بازار,GD01001472 - 212,5.76,750.0,6.5,7.5,0.0,0.0,0.0,0.0,زرد,النگو,2.0,,Img20250601-1429.jpg
3346,کار ساخته بازار,GD01001471 - 212,5.84,750.0,6.5,7.5,0.0,0.0,0.0,0.0,زرد,النگو,2.0,,Img20250601-23.jpg
3347,کار ساخته بازار,GD01001470 - 212,5.28,750.0,6.5,7.5,0.0,0.0,0.0,0.0,زرد,النگو,1.0,,Img20250601-735.jpg
3348,کار ساخته بازار,GD01001469 - 212,5.37,750.0,6.5,7.5,0.0,0.0,0.0,0.0,زرد,النگو,1.0,,Img20260707-274.jpg
3349,کار ساخته بازار,GD01001468 - 212,5.5,750.0,6.5,7.5,0.0,0.0,0.0,0.0,زرد,النگو,1.0,,Img20250601-643.jpg
3350,کار ساخته بازار,GD01001467 - 212,5.49,750.0,6.5,7.5,0.0,0.0,0.0,0.0,زرد,النگو,1.0,,Img20250601-190.jpg
3351,کار ساخته بازار,GD01001466 - 212,5.33,750.0,6.5,7.5,0.0,0.0,0.0,0.0,زرد,النگو,1.0,,Img20250602-788.jpg
3352,کار ساخته بازار,GD01001464 - 451,3.2,750.0,7.0,8.0,0.0,0.0,0.0,0.0,سفید,النگو,2.0,,Img20250602-439.jpg
3353,کار ساخته بازار,GD01001463 - 219,5.46,750.0,5.0,7.0,0.0,0.0,0.0,0.0,سفید,النگو,1.0,,Img20250601-127.jpg
3354,کار ساخته بازار,GD01001461 - 325,3.78,750.0,7.0,8.0,0.0,0.0,0.0,0.0,سفید,النگو,3.0,,Img20250602-726.jpg
3355,کار ساخته بازار,GD01001460 - هلن,6.68,750.0,8.0,8.0,0.0,0.0,0.0,0.0,زرد,النگو,1.0,,Img20250601-2917.jpg
3356,کار ساخته بازار,GD01001459 - 325,4.09,750.0,7.0,8.0,0.0,0.0,0.0,0.0,سفید,النگو,3.0,,Img20250602-555.jpg
3357,کار ساخته بازار,GD01001458 - هلن,6.55,750.0,8.0,8.0,0.0,0.0,0.0,0.0,زرد,النگو,1.0,,Img20250601-734.jpg
3358,کار ساخته بازار,GD01001457 - 325,4.23,750.0,7.0,8.0,0.0,0.0,0.0,0.0,سفید,النگو,3.0,,Img20250602-684.jpg
3359,کار ساخته بازار,GD01001456 - هلن,6.61,750.0,8.0,8.0,0.0,0.0,0.0,0.0,زرد,النگو,1.0,,Img20250601-797.jpg
3360,کار ساخته بازار,GD01001455 - 325,3.9,750.0,7.0,8.0,0.0,0.0,0.0,0.0,سفید,النگو,3.0,,Img20250601-550.jpg
3361,کار ساخته بازار,GD01001454 - 325,3.79,750.0,7.0,8.0,0.0,0.0,0.0,0.0,سفید,النگو,3.0,,Img20250601-1042.jpg
3362,کار ساخته بازار,GD01001453 - 325,4.43,750.0,7.0,8.0,0.0,0.0,0.0,0.0,سفید,النگو,3.0,,Img20250601-584.jpg
3363,کار ساخته بازار,GD01001452 - 325,3.51,750.0,7.0,8.0,0.0,0.0,0.0,0.0,سفید,النگو,2.0,,Img20250602-1964.jpg
3364,کار ساخته بازار,GD01001451 - 761,4.69,750.0,7.0,8.0,0.0,0.0,0.0,0.0,زرد,النگو,1.0,,Img20250601-1262.jpg
3365,کار ساخته بازار,GD01001450 - 325,3.69,750.0,7.0,8.0,0.0,0.0,0.0,0.0,سفید,النگو,2.0,,Img20250601-187.jpg
3366,کار ساخته بازار,GD01001449 - 325,3.76,750.0,7.0,8.0,0.0,0.0,0.0,0.0,سفید,النگو,2.0,,Img20250601-1783.jpg
3367,کار ساخته بازار,GD01001448 - 325,3.69,750.0,7.0,8.0,0.0,0.0,0.0,0.0,سفید,النگو,2.0,,Img20250601-1816.jpg
3368,کار ساخته بازار,GD01001447 - 325,3.86,750.0,7.0,8.0,0.0,0.0,0.0,0.0,سفید,النگو,2.0,,Img20250602-1275.jpg
3369,کار ساخته بازار,GD01001446 - 761,4.61,750.0,7.0,8.0,0.0,0.0,0.0,0.0,زرد,النگو,1.0,,Img20250601-379.jpg
3370,کار ساخته بازار,GD01001445 - 325,3.81,750.0,7.0,8.0,0.0,0.0,0.0,0.0,سفید,النگو,2.0,,Img20250601-1404.jpg
3371,کار ساخته بازار,GD01001444 - 325,3.54,750.0,7.0,8.0,0.0,0.0,0.0,0.0,سفید,النگو,1.0,,Img20250601-957.jpg
3372,کار ساخته بازار,GD01001443 - 325,3.52,750.0,7.0,8.0,0.0,0.0,0.0,0.0,سفید,النگو,1.0,,Img20250601-612.jpg
3373,کار ساخته بازار,GD01001442 - 325,3.65,750.0,7.0,8.0,0.0,0.0,0.0,0.0,سفید,النگو,1.0,,Img20250601-653.jpg
3374,کار ساخته بازار,GD01001440 - 325,3.44,750.0,7.0,8.0,0.0,0.0,0.0,0.0,سفید,النگو,1.0,,Img20250601-871.jpg
3375,کار ساخته بازار,GD01001439 - 325,3.32,750.0,7.0,8.0,0.0,0.0,0.0,0.0,سفید,النگو,1.0,,Img20250601-1006.jpg
3376,کار ساخته بازار,GD01001438 - 325,3.35,750.0,7.0,8.0,0.0,0.0,0.0,0.0,سفید,النگو,1.0,,Img20250601-145.jpg
3377,کار ساخته بازار,GD01001435 - 212,5.95,750.0,7.5,8.5,0.0,0.0,0.0,0.0,زرد,النگو,3.0,,Img20250601-1191.jpg
3378,کار ساخته بازار,GD01001432 - 212,6.24,750.0,7.5,8.5,0.0,0.0,0.0,0.0,زرد,النگو,3.0,,Img20250601-732.jpg
3379,کار ساخته بازار,GD01001431 - 212,5.81,750.0,7.5,8.5,0.0,0.0,0.0,0.0,زرد,النگو,3.0,,Img20250601-627.jpg
3380,کار ساخته بازار,GD01001429 - 212,5.87,750.0,7.5,8.5,0.0,0.0,0.0,0.0,زرد,النگو,2.0,,Img20250601-688.jpg
3381,کار ساخته بازار,GD01001427 - 212,5.88,750.0,7.5,8.5,0.0,0.0,0.0,0.0,زرد,النگو,2.0,,Img20250601-247.jpg
3382,کار ساخته بازار,GD01001419 - 333,4.26,750.0,8.0,9.0,0.0,0.0,0.0,0.0,سفید,النگو,3.0,,Img20250601-591.jpg
3383,کار ساخته بازار,GD01001418 - 2040,3.15,750.0,6.0,7.0,0.0,0.0,0.0,0.0,دو رنگ,النگو,2.0,,Img20250601-151.jpg
3384,کار ساخته بازار,GD01001417 - 333,3.92,750.0,8.0,9.0,0.0,0.0,0.0,0.0,سفید,النگو,3.0,,Img20250601-679.jpg
3385,کار ساخته بازار,GD01001416 - 333,3.77,750.0,8.0,9.0,0.0,0.0,0.0,0.0,سفید,النگو,3.0,,Img20250601-625.jpg
3386,کار ساخته بازار,GD01001414 - 333,3.96,750.0,8.0,9.0,0.0,0.0,0.0,0.0,سفید,النگو,3.0,,Img20250601-2090.jpg
3387,کار ساخته بازار,GD01001412 - 333,3.92,750.0,8.0,9.0,0.0,0.0,0.0,0.0,سفید,النگو,3.0,,Img20250601-18.jpg
3388,کار ساخته بازار,GD01001409 - 333,3.91,750.0,8.0,9.0,0.0,0.0,0.0,0.0,سفید,النگو,3.0,,Img20250601-209.jpg
3389,کار ساخته بازار,GD01001405 - 333,3.64,750.0,8.0,9.0,0.0,0.0,0.0,0.0,سفید,النگو,2.0,,Img20250601-810.jpg
3390,کار ساخته بازار,GD01001403 - 333,3.62,750.0,8.0,9.0,0.0,0.0,0.0,0.0,سفید,النگو,2.0,,Img20250601-1091.jpg
3391,کار ساخته بازار,GD01001401 - 333,3.84,750.0,8.0,9.0,0.0,0.0,0.0,0.0,سفید,النگو,2.0,,Img20250601-624.jpg
3392,کار ساخته بازار,GD01001399 - 333,3.61,750.0,8.0,9.0,0.0,0.0,0.0,0.0,سفید,النگو,2.0,,Img20250601-1139.jpg
3393,کار ساخته بازار,GD01001398 - 333,3.55,750.0,8.0,9.0,0.0,0.0,0.0,0.0,سفید,النگو,2.0,,Img20250601-1310.jpg
3394,کار ساخته بازار,GD01001396 - 333,3.7,750.0,8.0,9.0,0.0,0.0,0.0,0.0,سفید,النگو,2.0,,Img20250601-583.jpg
3395,کار ساخته بازار,GD01001395 - 333,3.63,750.0,8.0,9.0,0.0,0.0,0.0,0.0,سفید,النگو,2.0,,Img20250601-2499.jpg
3396,کار ساخته بازار,GD01001394 - 333,3.73,750.0,8.0,9.0,0.0,0.0,0.0,0.0,سفید,النگو,2.0,,Img20250601-376.jpg
3397,کار ساخته بازار,GD01001393 - 333,3.52,750.0,8.0,9.0,0.0,0.0,0.0,0.0,سفید,النگو,2.0,,Img20250601-204.jpg
3398,کار ساخته بازار,GD01001391 - 333,3.62,750.0,8.0,9.0,0.0,0.0,0.0,0.0,سفید,النگو,1.0,,Img20250601-908.jpg
3399,کار ساخته بازار,GD01001389 - 333,3.44,750.0,8.0,9.0,0.0,0.0,0.0,0.0,سفید,النگو,1.0,,Img20250601-531.jpg
3400,کار ساخته بازار,GD01001387 - 333,3.52,750.0,8.0,9.0,0.0,0.0,0.0,0.0,سفید,النگو,1.0,,Img20250601-133.jpg
3401,کار ساخته بازار,GD01001386 - 593,5.02,750.0,9.0,9.0,0.0,0.0,0.0,0.0,دو رنگ,النگو,1.0,,Img20250601-549.jpg
3402,کار ساخته بازار,GD01001384 - 333,3.28,750.0,8.0,9.0,0.0,0.0,0.0,0.0,سفید,النگو,1.0,,Img20250601-929.jpg
3403,کار ساخته بازار,GD01001382 - 333,3.44,750.0,8.0,9.0,0.0,0.0,0.0,0.0,سفید,النگو,1.0,,Img20250601-1192.jpg
3404,کار ساخته بازار,GD01001379 - 333,3.58,750.0,8.0,9.0,0.0,0.0,0.0,0.0,سفید,النگو,1.0,,Img20250601-375.jpg
3405,کار ساخته بازار,GD01001378 - 333,3.62,750.0,8.0,9.0,0.0,0.0,0.0,0.0,سفید,النگو,1.0,,Img20250601-800.jpg
3406,کار ساخته بازار,GD01001376 - 333,3.72,750.0,8.0,9.0,0.0,0.0,0.0,0.0,سفید,النگو,1.0,,Img20250601-950.jpg
3407,کار ساخته بازار,GD01001370 - 593,5.6,750.0,9.0,9.0,0.0,0.0,0.0,0.0,دو رنگ,النگو,3.0,,Img20250601-463.jpg
3408,کار ساخته بازار,GD01001368 - 593,5.92,750.0,9.0,9.0,0.0,0.0,0.0,0.0,دو رنگ,النگو,3.0,,Img20250601-884.jpg
3409,کار ساخته بازار,GD01001366 - 593,5.95,750.0,9.0,9.0,0.0,0.0,0.0,0.0,دو رنگ,النگو,3.0,,Img20250601-95.jpg
3410,کار ساخته بازار,GD01001364 - 593,5.81,750.0,9.0,9.0,0.0,0.0,0.0,0.0,دو رنگ,النگو,3.0,,Img20250601-799.jpg
3411,کار ساخته بازار,GD01001362 - 593,5.75,750.0,9.0,9.0,0.0,0.0,0.0,0.0,دو رنگ,النگو,3.0,,Img20250601-819.jpg
3412,کار ساخته بازار,GD01001359,4.57,750.0,9.0,10.0,0.0,0.0,0.0,0.0,سفید,النگو,2.0,,Img20250601-1581.jpg
3413,کار ساخته بازار,GD01001357,3.74,750.0,9.0,10.0,0.0,0.0,0.0,0.0,سفید,النگو,1.0,,Img20250601-293.jpg
3414,کار ساخته بازار,GD01001354,5.3,750.0,9.0,10.0,0.0,0.0,0.0,0.0,سفید,النگو,1.0,,Img20250601-2529.jpg
3415,کار ساخته بازار,GD01001353,4.23,750.0,9.0,10.0,0.0,0.0,0.0,0.0,سفید,النگو,1.0,,Img20250601-848.jpg
3416,کار ساخته بازار,GD01001351,4.33,750.0,9.0,10.0,0.0,0.0,0.0,0.0,سفید,النگو,1.0,,Img20250601-556.jpg
3417,کار ساخته بازار,GD01001350,4.08,750.0,11.0,11.0,0.0,0.0,0.0,0.0,دو رنگ,النگو,2.0,,Img20250601-741.jpg
3418,کار ساخته بازار,GD01001349,4.28,750.0,11.0,11.0,0.0,0.0,0.0,0.0,دو رنگ,النگو,2.0,,Img20250601-775.jpg
3419,کار ساخته بازار,GD01001348,4.39,750.0,11.0,11.0,0.0,0.0,0.0,0.0,دو رنگ,النگو,2.0,,Img20250601-1233.jpg
3420,کار ساخته بازار,GD01001347,4.12,750.0,11.0,11.0,0.0,0.0,0.0,0.0,دو رنگ,النگو,2.0,,Img20250601-1957.jpg
3421,کار ساخته بازار,GD01001346,4.14,750.0,11.0,11.0,0.0,0.0,0.0,0.0,دو رنگ,النگو,2.0,,Img20250601-1004.jpg
3422,کار ساخته بازار,GD01001345,3.93,750.0,11.0,11.0,0.0,0.0,0.0,0.0,دو رنگ,النگو,2.0,,Img20250601-1727.jpg
3423,کار ساخته بازار,GD01001344,4.21,750.0,11.0,11.0,0.0,0.0,0.0,0.0,دو رنگ,النگو,2.0,,Img20250601-610.jpg
3424,کار ساخته بازار,GD01001343,4.2,750.0,11.0,11.0,0.0,0.0,0.0,0.0,دو رنگ,النگو,2.0,,Img20250601-886.jpg
3425,کار ساخته بازار,GD01001342,5.31,750.0,6.5,7.5,0.0,0.0,0.0,0.0,سفید,النگو,3.0,,Img20250601-295.jpg
3426,کار ساخته بازار,GD01001340,5.46,750.0,6.5,7.5,0.0,0.0,0.0,0.0,سفید,النگو,3.0,,Img20250601-1944.jpg
3427,کار ساخته بازار,GD01001339,5.4,750.0,6.5,7.5,0.0,0.0,0.0,0.0,سفید,النگو,3.0,,Img20250601-933.jpg
3428,کار ساخته بازار,GD01001337,5.06,750.0,6.5,7.5,0.0,0.0,0.0,0.0,سفید,النگو,2.0,,Img20250601-1069.jpg
3429,کار ساخته بازار,GD01001336,3.89,750.0,11.0,11.0,0.0,0.0,0.0,0.0,دو رنگ,النگو,1.0,,Img20250601-421.jpg
3430,کار ساخته بازار,GD01001333,4.32,750.0,11.0,11.0,0.0,0.0,0.0,0.0,دو رنگ,النگو,1.0,,Img20250601-163.jpg
3431,کار ساخته بازار,GD01001328,5.03,750.0,6.5,7.5,0.0,0.0,0.0,0.0,سفید,النگو,1.0,,Img20250601-703.jpg
3432,کار ساخته بازار,GD01001327 - فلامینگو,4.23,750.0,11.0,11.0,0.0,0.0,0.0,0.0,دو رنگ,النگو,2.0,,Img20250601-638.jpg
3433,کار ساخته بازار,GD01001323 - فلامینگو,4.04,750.0,11.0,11.0,0.0,0.0,0.0,0.0,دو رنگ,النگو,3.0,,Img20250601-542.jpg
3434,کار ساخته بازار,GD01001322,5.75,750.0,10.0,10.0,0.0,0.0,0.0,0.0,سفید,النگو,4.0,,Img20250601-336.jpg
3435,کار ساخته بازار,GD01001320,5.81,750.0,10.0,10.0,0.0,0.0,0.0,0.0,سفید,النگو,4.0,,Img20250601-1355.jpg
3436,کار ساخته بازار,GD01001319,5.9,750.0,10.0,10.0,0.0,0.0,0.0,0.0,سفید,النگو,4.0,,Img20250601-1092.jpg
3437,کار ساخته بازار,GD01001318,5.72,750.0,10.0,10.0,0.0,0.0,0.0,0.0,سفید,النگو,4.0,,Img20250601-1638.jpg
3438,کار ساخته بازار,GD01001317,5.89,750.0,10.0,10.0,0.0,0.0,0.0,0.0,سفید,النگو,4.0,,Img20250601-13.jpg
3439,کار ساخته بازار,GD01001316,5.62,750.0,10.0,10.0,0.0,0.0,0.0,0.0,سفید,النگو,4.0,,Img20250601-499.jpg
3440,کار ساخته بازار,GD01001315,6.03,750.0,10.0,10.0,0.0,0.0,0.0,0.0,سفید,النگو,3.0,,Img20250601-525.jpg
3441,کار ساخته بازار,GD01001314,5.21,750.0,10.0,10.0,0.0,0.0,0.0,0.0,سفید,النگو,3.0,,Img20250601-2833.jpg
3442,کار ساخته بازار,GD01001313,5.32,750.0,10.0,10.0,0.0,0.0,0.0,0.0,سفید,النگو,3.0,,Img20250601-49.jpg
3443,کار ساخته بازار,GD01001312,5.56,750.0,10.0,10.0,0.0,0.0,0.0,0.0,سفید,النگو,3.0,,Img20250601-604.jpg
3444,کار ساخته بازار,GD01001310,5.48,750.0,10.0,10.0,0.0,0.0,0.0,0.0,سفید,النگو,3.0,,Img20250601-335.jpg
3445,کار ساخته بازار,GD01001302,4.52,750.0,10.0,10.0,0.0,0.0,0.0,0.0,سفید,النگو,1.0,,Img20250601-923.jpg
3446,کار ساخته بازار,GD01001301,5.01,750.0,10.0,10.0,0.0,0.0,0.0,0.0,سفید,النگو,1.0,,Img20260707-166.jpg
3447,کار ساخته بازار,GD01001300,4.82,750.0,10.0,10.0,0.0,0.0,0.0,0.0,سفید,النگو,1.0,,Img20250601-985.jpg
3448,کار ساخته بازار,GD01001299,4.61,750.0,10.0,10.0,0.0,0.0,0.0,0.0,سفید,النگو,1.0,,Img20250601-617.jpg
3449,کار ساخته بازار,GD01001298,4.59,750.0,10.0,10.0,0.0,0.0,0.0,0.0,سفید,النگو,1.0,,Img20250601-961.jpg
3450,کار ساخته بازار,GD01001295 - پارسیان,1.93,750.0,7.0,7.0,0.0,0.0,0.0,0.0,دو رنگ,النگو,2.0,,Img20250601-785.jpg
3451,کار ساخته بازار,GD01001294 - پارسیان,1.91,750.0,7.0,7.0,0.0,0.0,0.0,0.0,دو رنگ,النگو,2.0,,Img20250601-188.jpg
3452,کار ساخته بازار,GD01001293 - پارسیان,1.86,750.0,7.0,7.0,0.0,0.0,0.0,0.0,دو رنگ,النگو,2.0,,Img20250601-1911.jpg
3453,کار ساخته بازار,GD01001292 - پارسیان,2.09,750.0,7.0,7.0,0.0,0.0,0.0,0.0,دو رنگ,النگو,3.0,,Img20250601-350.jpg
3454,کار ساخته بازار,GD01001290 - پارسیان,1.9,750.0,7.0,7.0,0.0,0.0,0.0,0.0,دو رنگ,النگو,3.0,,Img20250601-576.jpg
3455,کار ساخته بازار,GD01001289 - پارسیان,2.07,750.0,7.0,7.0,0.0,0.0,0.0,0.0,دو رنگ,النگو,3.0,,Img20250601-1609.jpg
3456,کار ساخته بازار,GD01001287 - پارسیان,1.87,750.0,7.0,7.0,0.0,0.0,0.0,0.0,دو رنگ,النگو,3.0,,Img20250601-212.jpg
3457,کار ساخته بازار,GD01001279 - پارسیان,2.33,750.0,7.0,7.0,0.0,0.0,0.0,0.0,دو رنگ,النگو,5.0,,Img20250601-136.jpg
3458,کار ساخته بازار,GD01001274,4.59,750.0,10.0,10.0,0.0,0.0,0.0,0.0,زرد,النگو,1.0,,Img20250601-276.jpg
3459,کار ساخته بازار,GD01001269 - دی گلد,3.24,750.0,6.5,7.0,0.0,0.0,0.0,0.0,سفید,النگو,1.0,,Img20250601-377.jpg
3460,کار ساخته بازار,GD01001266 - ٍدی گلد,3.4,750.0,6.5,7.0,0.0,0.0,0.0,0.0,سفید,النگو,1.0,,Img20250601-75.jpg
3461,کار ساخته بازار,GD01001265 - دی گلد,3.57,750.0,6.5,7.0,0.0,0.0,0.0,0.0,سفید,النگو,1.0,,Img20250601-753.jpg
3462,کار ساخته بازار,GD01001264 - دی گلد,3.59,750.0,6.5,7.0,0.0,0.0,0.0,0.0,سفید,النگو,2.0,,Img20250601-945.jpg
3463,کار ساخته بازار,GD01001263 - دی گلد,3.68,750.0,6.5,7.0,0.0,0.0,0.0,0.0,سفید,النگو,2.0,,Img20250601-806.jpg
3464,کار ساخته بازار,GD01001261 - دی گلد,3.47,750.0,6.5,7.0,0.0,0.0,0.0,0.0,سفید,النگو,2.0,,Img20250601-398.jpg
3465,کار ساخته بازار,GD01001260 - دی گلد,3.96,750.0,6.5,7.0,0.0,0.0,0.0,0.0,سفید,النگو,3.0,,Img20250601-960.jpg
3466,کار ساخته بازار,GD01001258 - دی گلد,3.71,750.0,6.5,7.0,0.0,0.0,0.0,0.0,سفید,النگو,3.0,,Img20250601-15.jpg
3467,کار ساخته بازار,GD01001256 - دی گلد,4.09,750.0,6.5,7.0,0.0,0.0,0.0,0.0,سفید,النگو,4.0,,Img20250601-814.jpg
3468,کار ساخته بازار,GD01001252 - 606,4.93,750.0,5.9,6.0,0.0,0.0,0.0,0.0,دو رنگ,النگو,3.0,,Img20250601-539.jpg
3469,کار ساخته بازار,GD01001251 - 606,4.83,750.0,5.9,6.0,0.0,0.0,0.0,0.0,دو رنگ,النگو,3.0,,Img20250601-1057.jpg
3470,کار ساخته بازار,GD01001250 - 606,4.85,750.0,5.9,6.0,0.0,0.0,0.0,0.0,دو رنگ,النگو,3.0,,Img20250601-1658.jpg
3471,کار ساخته بازار,GD01001249 - 606,4.83,750.0,5.9,6.0,0.0,0.0,0.0,0.0,دو رنگ,النگو,3.0,,Img20250601-1854.jpg
3472,کار ساخته بازار,GD01001248 - 606,4.88,750.0,5.9,6.0,0.0,0.0,0.0,0.0,دو رنگ,النگو,3.0,,Img20250601-928.jpg
3473,کار ساخته بازار,GD01001247 - 606,4.96,750.0,5.9,6.0,0.0,0.0,0.0,0.0,دو رنگ,النگو,3.0,,Img20250601-1078.jpg
3474,کار ساخته بازار,GD01001246 - 606,4.88,750.0,5.9,6.0,0.0,0.0,0.0,0.0,دو رنگ,النگو,3.0,,Img20250601-897.jpg
3475,کار ساخته بازار,GD01001245 - 606,4.45,750.0,5.9,6.0,0.0,0.0,0.0,0.0,دو رنگ,النگو,2.0,,Img20250601-516.jpg
3476,کار ساخته بازار,GD01001244 - 606,4.26,750.0,5.9,6.0,0.0,0.0,0.0,0.0,دو رنگ,النگو,2.0,,Img20250601-1037.jpg
3477,کار ساخته بازار,GD01001243 - 606,4.55,750.0,5.9,6.0,0.0,0.0,0.0,0.0,دو رنگ,النگو,2.0,,Img20250601-723.jpg
3478,کار ساخته بازار,GD01001242 - 606,4.5,750.0,5.9,6.0,0.0,0.0,0.0,0.0,دو رنگ,النگو,2.0,,Img20260707-385.jpg
3479,کار ساخته بازار,GD01001241 - 606,4.49,750.0,5.9,6.0,0.0,0.0,0.0,0.0,دو رنگ,النگو,2.0,,Img20250601-716.jpg
3480,کار ساخته بازار,GD01001239 - سونیا,3.4,750.0,7.5,8.0,0.0,0.0,0.0,0.0,سفید,النگو,1.0,,Img20250601-910.jpg
3481,کار ساخته بازار,GD01001237 - 606,4.51,750.0,5.9,6.0,0.0,0.0,0.0,0.0,دو رنگ,النگو,2.0,,Img20250601-1606.jpg
3482,کار ساخته بازار,GD01001234 - سونیا,4.06,750.0,7.5,8.0,0.0,0.0,0.0,0.0,سفید,النگو,3.0,,Img20250601-483.jpg
3483,کار ساخته بازار,GD01001232 - سونیا,3.95,750.0,7.5,8.0,0.0,0.0,0.0,0.0,سفید,النگو,3.0,,Img20250601-284.jpg
3484,کار ساخته بازار,GD01001230 - سونیا,3.44,750.0,7.5,8.0,0.0,0.0,0.0,0.0,سفید,النگو,3.0,,Img20250601-765.jpg
3485,کار ساخته بازار,GD01001228 - سونیا,4.23,750.0,7.5,8.0,0.0,0.0,0.0,0.0,سفید,النگو,4.0,,Img20250601-1929.jpg
3486,کار ساخته بازار,GD01001222 - سونیا,4.9,750.0,7.5,8.0,0.0,0.0,0.0,0.0,سفید,النگو,5.0,,Img20250601-126.jpg
3487,کار ساخته بازار,GD01001217,11.52,750.0,9.0,10.0,0.0,0.0,0.0,0.0,زرد,النگو,2.0,,Img20260707-158.jpg
3488,کار ساخته بازار,GD01001216,11.23,750.0,9.0,10.0,0.0,0.0,0.0,0.0,زرد,النگو,2.0,,Img20250601-764.jpg
3489,کار ساخته بازار,GD01001215,11.25,750.0,9.0,10.0,0.0,0.0,0.0,0.0,زرد,النگو,2.0,,Img20250601-431.jpg
3490,کار ساخته بازار,GD01001210 - 3070,3.73,750.0,7.5,8.0,0.0,0.0,0.0,0.0,دو رنگ,النگو,4.0,,Img20250601-1115.jpg
3491,کار ساخته بازار,GD01001206 - 3070,3.75,750.0,7.5,8.0,0.0,0.0,0.0,0.0,دو رنگ,النگو,4.0,,Img20250601-530.jpg
3492,کار ساخته بازار,GD01001205,10.25,750.0,9.0,10.0,0.0,0.0,0.0,0.0,زرد,النگو,1.0,,Img20250601-1924.jpg
3493,کار ساخته بازار,GD01001204 - 3070,4.14,750.0,7.5,8.0,0.0,0.0,0.0,0.0,دو رنگ,النگو,4.0,,Img20250601-600.jpg
3494,کار ساخته بازار,GD01001203 - 3070,3.52,750.0,7.5,8.0,0.0,0.0,0.0,0.0,دو رنگ,النگو,3.0,,Img20250601-1670.jpg
3495,کار ساخته بازار,GD01001201 - 3070,3.59,750.0,7.5,8.0,0.0,0.0,0.0,0.0,دو رنگ,النگو,3.0,,Img20250601-233.jpg
3496,کار ساخته بازار,GD01001198 - 761,5.5,750.0,7.5,8.0,0.0,0.0,0.0,0.0,سفید,النگو,3.0,,Img20250601-758.jpg
3497,کار ساخته بازار,GD01001196 - 761,5.51,750.0,7.5,8.0,0.0,0.0,0.0,0.0,سفید,النگو,3.0,,Img20250601-161.jpg
3498,کار ساخته بازار,GD01001194 - 3070,3.31,750.0,7.5,8.0,0.0,0.0,0.0,0.0,دو رنگ,النگو,2.0,,Img20260707-769.jpg
3499,کار ساخته بازار,GD01001193 - 761,4.99,750.0,7.5,8.0,0.0,0.0,0.0,0.0,سفید,النگو,2.0,,Img20260707-493.jpg
3500,کار ساخته بازار,GD01001192 - 761,5.01,750.0,7.5,8.0,0.0,0.0,0.0,0.0,سفید,النگو,2.0,,Img20250601-836.jpg
3501,کار ساخته بازار,GD01001191 - 3070,3.27,750.0,7.5,8.0,0.0,0.0,0.0,0.0,دو رنگ,النگو,2.0,,Img20250601-952.jpg
3502,کار ساخته بازار,GD01001189 - 3070,3.34,750.0,7.5,8.0,0.0,0.0,0.0,0.0,دو رنگ,النگو,2.0,,Img20250601-346.jpg
3503,کار ساخته بازار,GD01001187 - 761,4.6,750.0,7.5,8.0,0.0,0.0,0.0,0.0,سفید,النگو,1.0,,Img20250601-80.jpg
3504,کار ساخته بازار,GD01001184 - 761,4.73,750.0,7.5,8.0,0.0,0.0,0.0,0.0,سفید,النگو,1.0,,Img20250601-935.jpg
3505,کار ساخته بازار,GD01001183 - 3070,3.12,750.0,7.5,8.0,0.0,0.0,0.0,0.0,دو رنگ,النگو,1.0,,Img20250601-130.jpg
3506,کار ساخته بازار,GD01001180 - 761,4.85,750.0,7.5,8.0,0.0,0.0,0.0,0.0,سفید,النگو,1.0,,Img20250601-718.jpg
3507,کار ساخته بازار,GD01001178 - 761,5.55,750.0,7.5,8.0,0.0,0.0,0.0,0.0,زرد,النگو,3.0,,Img20250601-709.jpg
3508,کار ساخته بازار,GD01001177 - 761,4.88,750.0,7.5,8.0,0.0,0.0,0.0,0.0,زرد,النگو,3.0,,Img20250601-301.jpg
3509,کار ساخته بازار,GD01001176,4.77,750.0,7.5,8.0,0.0,0.0,0.0,0.0,زرد,النگو,3.0,,Img20250601-660.jpg
3510,کار ساخته بازار,GD01001175,5.16,750.0,7.5,8.0,0.0,0.0,0.0,0.0,زرد,النگو,3.0,,Img20250601-878.jpg
3511,کار ساخته بازار,GD01001174 - 761,5.57,750.0,7.5,8.0,0.0,0.0,0.0,0.0,زرد,النگو,3.0,,Img20250601-996.jpg
3512,کار ساخته بازار,GD01001172 - 761,4.97,750.0,7.5,8.0,0.0,0.0,0.0,0.0,زرد,النگو,2.0,,Img20250601-451.jpg
3513,کار ساخته بازار,GD01001171 - 761,4.69,750.0,7.5,8.0,0.0,0.0,0.0,0.0,زرد,النگو,2.0,,Img20250601-455.jpg
3514,کار ساخته بازار,GD01001169,5.01,750.0,7.5,8.0,0.0,0.0,0.0,0.0,زرد,النگو,2.0,,Img20250601-786.jpg
3515,کار ساخته بازار,GD01001167,5.01,750.0,7.5,8.0,0.0,0.0,0.0,0.0,زرد,النگو,2.0,,Img20250601-861.jpg
3516,کار ساخته بازار,GD01001166,5.03,750.0,7.5,8.0,0.0,0.0,0.0,0.0,زرد,النگو,2.0,,Img20250601-870.jpg
3517,کار ساخته بازار,GD01001164,5.08,750.0,7.5,8.0,0.0,0.0,0.0,0.0,زرد,النگو,2.0,,Img20250601-50.jpg
3518,کار ساخته بازار,GD01001162,4.67,750.0,7.5,8.0,0.0,0.0,0.0,0.0,زرد,النگو,1.0,,Img20250601-384.jpg
3519,کار ساخته بازار,GD01001157,4.87,750.0,5.9,6.0,0.0,0.0,0.0,0.0,زرد,النگو,3.0,,Img20250601-1066.jpg
3520,کار ساخته بازار,GD01001156,4.86,750.0,5.9,6.0,0.0,0.0,0.0,0.0,زرد,النگو,3.0,,Img20250601-903.jpg
3521,کار ساخته بازار,GD01001154,4.71,750.0,5.9,6.0,0.0,0.0,0.0,0.0,زرد,النگو,3.0,,Img20250601-1336.jpg
3522,کار ساخته بازار,GD01001153,4.89,750.0,5.9,6.0,0.0,0.0,0.0,0.0,زرد,النگو,3.0,,Img20250601-207.jpg
3523,کار ساخته بازار,GD01001152,4.39,750.0,5.9,6.0,0.0,0.0,0.0,0.0,زرد,النگو,3.0,,Img20250601-661.jpg
3524,کار ساخته بازار,GD01001151,4.84,750.0,5.9,6.0,0.0,0.0,0.0,0.0,زرد,النگو,3.0,,Img20250601-795.jpg
3525,کار ساخته بازار,GD01001150,4.47,750.0,5.9,6.0,0.0,0.0,0.0,0.0,زرد,النگو,2.0,,Img20250601-1293.jpg
3526,کار ساخته بازار,GD01001149,4.49,750.0,5.9,6.0,0.0,0.0,0.0,0.0,زرد,النگو,2.0,,Img20250601-954.jpg
3527,کار ساخته بازار,GD01001147,4.49,750.0,5.9,6.0,0.0,0.0,0.0,0.0,زرد,النگو,2.0,,Img20250601-2207.jpg
3528,کار ساخته بازار,GD01001146,4.6,750.0,5.9,6.0,0.0,0.0,0.0,0.0,زرد,النگو,2.0,,Img20250601-1013.jpg
3529,کار ساخته بازار,GD01001145,4.62,750.0,5.9,6.0,0.0,0.0,0.0,0.0,زرد,النگو,2.0,,Img20250601-851.jpg
3530,کار ساخته بازار,GD01001143,4.63,750.0,5.9,6.0,0.0,0.0,0.0,0.0,زرد,النگو,2.0,,Img20250601-1381.jpg
3531,کار ساخته بازار,GD01001141,4.21,750.0,5.9,6.0,0.0,0.0,0.0,0.0,زرد,النگو,1.0,,Img20250601-1339.jpg
3532,کار ساخته بازار,GD01001138,4.26,750.0,5.9,6.0,0.0,0.0,0.0,0.0,زرد,النگو,1.0,,Img20250601-257.jpg
3533,کار ساخته بازار,GD01001137,4.29,750.0,5.9,6.0,0.0,0.0,0.0,0.0,زرد,النگو,1.0,,Img20250601-1179.jpg
3534,کار ساخته بازار,GD01001136,4.28,750.0,5.9,6.0,0.0,0.0,0.0,0.0,زرد,النگو,1.0,,Img20250601-1239.jpg
3535,کار ساخته بازار,GD01001135,4.27,750.0,5.9,6.0,0.0,0.0,0.0,0.0,زرد,النگو,1.0,,Img20250601-1872.jpg
3536,کار ساخته بازار,GD01001134,4.24,750.0,5.9,6.0,0.0,0.0,0.0,0.0,زرد,النگو,1.0,,Img20250601-2315.jpg
3537,کار ساخته بازار,GD01001133 - 606,4.27,750.0,5.9,6.0,0.0,0.0,0.0,0.0,زرد,النگو,1.0,,Img20250601-86.jpg
3538,کار ساخته بازار,GD01001132,7.68,750.0,8.0,8.0,0.0,0.0,0.0,0.0,سفید,النگو,3.0,,Img20250601-744.jpg
3539,کار ساخته بازار,GD01001131,7.42,750.0,8.0,8.0,0.0,0.0,0.0,0.0,سفید,النگو,3.0,,Img20250601-990.jpg
3540,کار ساخته بازار,GD01001130,6.99,750.0,8.0,8.0,0.0,0.0,0.0,0.0,سفید,النگو,3.0,,Img20250601-224.jpg
3541,کار ساخته بازار,GD01001129,7.53,750.0,8.0,8.0,0.0,0.0,0.0,0.0,سفید,النگو,3.0,,Img20250601-1503.jpg
3542,کار ساخته بازار,GD01001126,6.61,750.0,8.0,8.0,0.0,0.0,0.0,0.0,سفید,النگو,2.0,,Img20250601-314.jpg
3543,کار ساخته بازار,GD01001125,6.58,750.0,8.0,8.0,0.0,0.0,0.0,0.0,سفید,النگو,2.0,,Img20250601-147.jpg
3544,کار ساخته بازار,GD01001124,6.57,750.0,8.0,8.0,0.0,0.0,0.0,0.0,سفید,النگو,2.0,,Img20250601-1793.jpg
3545,کار ساخته بازار,GD01001123,6.99,750.0,8.0,8.0,0.0,0.0,0.0,0.0,سفید,النگو,2.0,,Img20250601-543.jpg
3546,کار ساخته بازار,GD01001122,6.51,750.0,8.0,8.0,0.0,0.0,0.0,0.0,سفید,النگو,2.0,,Img20250601-749.jpg
3547,کار ساخته بازار,GD01001121,6.85,750.0,8.0,8.0,0.0,0.0,0.0,0.0,سفید,النگو,2.0,,Img20250601-913.jpg
3548,کار ساخته بازار,GD01001118,6.26,750.0,8.0,8.0,0.0,0.0,0.0,0.0,سفید,النگو,1.0,,Img20250601-1003.jpg
3549,کار ساخته بازار,GD01001117,6.42,750.0,8.0,8.0,0.0,0.0,0.0,0.0,سفید,النگو,1.0,,Img20250601-390.jpg
3550,کار ساخته بازار,GD01001116,6.26,750.0,8.0,8.0,0.0,0.0,0.0,0.0,سفید,النگو,1.0,,Img20250601-1182.jpg
3551,کار ساخته بازار,GD01001115,5.86,750.0,8.0,8.0,0.0,0.0,0.0,0.0,سفید,النگو,1.0,,Img20250601-987.jpg
3552,کار ساخته بازار,GD01001113 - ژیکال,7.52,750.0,7.0,7.0,0.0,0.0,0.0,0.0,زرد,النگو,3.0,,Img20250601-100.jpg
3553,کار ساخته بازار,GD01001112 - 212,6.57,750.0,6.5,7.5,0.0,0.0,0.0,0.0,سفید,النگو,4.0,,Img20250601-831.jpg
3554,کار ساخته بازار,GD01001111 - ژیکال,7.41,750.0,7.0,7.0,0.0,0.0,0.0,0.0,زرد,النگو,3.0,,Img20250601-568.jpg
3555,کار ساخته بازار,GD01001110 - 212,6.13,750.0,6.5,7.5,0.0,0.0,0.0,0.0,سفید,النگو,3.0,,Img20250601-534.jpg
3556,کار ساخته بازار,GD01001109 - ژیکال,7.46,750.0,7.0,7.0,0.0,0.0,0.0,0.0,زرد,النگو,3.0,,Img20250601-231.jpg
3557,کار ساخته بازار,GD01001108 - 212,6.44,750.0,6.5,7.5,0.0,0.0,0.0,0.0,سفید,النگو,3.0,,Img20250601-849.jpg
3558,کار ساخته بازار,GD01001107 - 212,5.74,750.0,6.5,7.5,0.0,0.0,0.0,0.0,سفید,النگو,3.0,,Img20260707-653.jpg
3559,کار ساخته بازار,GD01001106 - ژیکال,7.63,750.0,7.0,7.0,0.0,0.0,0.0,0.0,زرد,النگو,3.0,,Img20250601-471.jpg
3560,کار ساخته بازار,GD01001105 - 212,5.65,750.0,6.5,7.5,0.0,0.0,0.0,0.0,سفید,النگو,3.0,,Img20250601-725.jpg
3561,کار ساخته بازار,GD01001104 - ژیکال,7.67,750.0,7.0,7.0,0.0,0.0,0.0,0.0,زرد,النگو,3.0,,Img20250601-1452.jpg
3562,کار ساخته بازار,GD01001103 - 212,6.11,750.0,6.5,7.5,0.0,0.0,0.0,0.0,سفید,النگو,3.0,,Img20250601-513.jpg
3563,کار ساخته بازار,GD01001102 - ژیکال,7.57,750.0,7.0,7.0,0.0,0.0,0.0,0.0,زرد,النگو,3.0,,Img20250601-658.jpg
3564,کار ساخته بازار,GD01001101 - 212,6.18,750.0,6.5,7.5,0.0,0.0,0.0,0.0,سفید,النگو,3.0,,Img20250601-676.jpg
3565,کار ساخته بازار,GD01001100 - ژیکال,5.7,750.0,7.0,7.0,0.0,0.0,0.0,0.0,زرد,النگو,2.0,,Img20250601-42.jpg
3566,کار ساخته بازار,GD01001097 - ژیکال,5.99,750.0,7.0,7.0,0.0,0.0,0.0,0.0,زرد,النگو,2.0,,Img20250601-41.jpg
3567,کار ساخته بازار,GD01001095 - ژیکال,6.1,750.0,7.0,7.0,0.0,0.0,0.0,0.0,زرد,النگو,2.0,,Img20250601-854.jpg
3568,کار ساخته بازار,GD01001093 - ژیکال,6.05,750.0,7.0,7.0,0.0,0.0,0.0,0.0,زرد,النگو,2.0,,Img20250601-1541.jpg
3569,کار ساخته بازار,GD01001091 - ژیکال,6.32,750.0,7.0,7.0,0.0,0.0,0.0,0.0,زرد,النگو,1.0,,Img20250601-405.jpg
3570,کار ساخته بازار,GD01001089 - ژیکال,6.36,750.0,7.0,7.0,0.0,0.0,0.0,0.0,زرد,النگو,1.0,,Img20250601-5.jpg
3571,کار ساخته بازار,GD01001087 - 212,5.42,750.0,6.5,7.5,0.0,0.0,0.0,0.0,سفید,النگو,1.0,,Img20250601-280.jpg
3572,کار ساخته بازار,GD01001085 - 212,5.23,750.0,6.5,7.5,0.0,0.0,0.0,0.0,سفید,النگو,1.0,,Img20250601-258.jpg
3573,کار ساخته بازار,GD01001082 - ژیکال,6.37,750.0,7.0,7.0,0.0,0.0,0.0,0.0,زرد,النگو,1.0,,Img20250601-594.jpg
3574,کار ساخته بازار,GD01001073 - ترنج,6.57,750.0,7.5,8.0,0.0,0.0,0.0,0.0,دو رنگ,النگو,1.0,,Img20250601-1203.jpg
3575,کار ساخته بازار,GD01001072 - ترنج,6.84,750.0,7.5,8.0,0.0,0.0,0.0,0.0,دو رنگ,النگو,1.0,,Img20250601-666.jpg
3576,کار ساخته بازار,GD01001069 - ترنج,6.61,750.0,7.5,8.0,0.0,0.0,0.0,0.0,دو رنگ,النگو,1.0,,Img20250601-131.jpg
3577,کار ساخته بازار,GD01001067 - ترنج,6.21,750.0,7.5,8.0,0.0,0.0,0.0,0.0,دو رنگ,النگو,1.0,,Img20250601-58.jpg
3578,کار ساخته بازار,GD01001065 - ترنج,6.45,750.0,7.5,8.0,0.0,0.0,0.0,0.0,دو رنگ,النگو,1.0,,Img20250601-457.jpg
3579,کار ساخته بازار,GD01001064 - 710,4.54,750.0,9.0,9.0,0.0,0.0,0.0,0.0,زرد,النگو,1.0,,Img20250601-623.jpg
3580,کار ساخته بازار,GD01001062 - ترنج,7.03,750.0,7.5,8.0,0.0,0.0,0.0,0.0,دو رنگ,النگو,2.0,,Img20250601-997.jpg
3581,کار ساخته بازار,GD01001059 - ترنج,6.58,750.0,7.5,8.0,0.0,0.0,0.0,0.0,دو رنگ,النگو,2.0,,Img20250601-677.jpg
3582,کار ساخته بازار,GD01001058 - 710,4.51,750.0,9.0,9.0,0.0,0.0,0.0,0.0,زرد,النگو,1.0,,Img20260707-145.jpg
3583,کار ساخته بازار,GD01001057 - ترنج,6.35,750.0,7.5,8.0,0.0,0.0,0.0,0.0,دو رنگ,النگو,2.0,,Img20250601-366.jpg
3584,کار ساخته بازار,GD01001054 - ترنج,7.22,750.0,7.5,8.0,0.0,0.0,0.0,0.0,دو رنگ,النگو,2.0,,Img20250601-648.jpg
3585,کار ساخته بازار,GD01001053 - ترنج,7.03,750.0,7.5,8.0,0.0,0.0,0.0,0.0,دو رنگ,النگو,2.0,,Img20250601-976.jpg
3586,کار ساخته بازار,GD01001052 - آرین,7.93,750.0,6.5,7.5,0.0,0.0,0.0,0.0,زرد,النگو,4.0,,Img20250601-11.jpg
3587,کار ساخته بازار,GD01001050 - ترنج,6.96,750.0,7.5,8.0,0.0,0.0,0.0,0.0,دو رنگ,النگو,3.0,,Img20250601-1177.jpg
3588,کار ساخته بازار,GD01001047 - ترنج,7.29,750.0,7.5,8.0,0.0,0.0,0.0,0.0,دو رنگ,النگو,3.0,,Img20250601-695.jpg
3589,کار ساخته بازار,GD01001045 - ترنج,7.84,750.0,7.5,8.0,0.0,0.0,0.0,0.0,دو رنگ,النگو,3.0,,Img20250601-333.jpg
3590,کار ساخته بازار,GD01001043 - آرین,7.47,750.0,6.5,7.5,0.0,0.0,0.0,0.0,زرد,النگو,3.0,,Img20250601-890.jpg
3591,کار ساخته بازار,GD01001042 - ترنج,7.38,750.0,7.5,8.0,0.0,0.0,0.0,0.0,دو رنگ,النگو,3.0,,Img20250601-665.jpg
3592,کار ساخته بازار,GD01001041 - آرین,7.42,750.0,6.5,7.5,0.0,0.0,0.0,0.0,زرد,النگو,3.0,,Img20250601-119.jpg
3593,کار ساخته بازار,GD01001039 - ترنج,7.32,750.0,7.5,8.0,0.0,0.0,0.0,0.0,دو رنگ,النگو,3.0,,Img20250601-562.jpg
3594,کار ساخته بازار,GD01001038 - آرین,7.28,750.0,6.5,7.5,0.0,0.0,0.0,0.0,زرد,النگو,3.0,,Img20250601-893.jpg
3595,کار ساخته بازار,GD01001037 - ترنج,7.34,750.0,7.5,8.0,0.0,0.0,0.0,0.0,دو رنگ,النگو,3.0,,Img20250601-79.jpg
3596,کار ساخته بازار,GD01001035 - ترنج,7.21,750.0,7.5,8.0,0.0,0.0,0.0,0.0,دو رنگ,النگو,3.0,,Img20250601-686.jpg
3597,کار ساخته بازار,GD01001033 - آرین,5.52,750.0,6.5,7.5,0.0,0.0,0.0,0.0,زرد,النگو,2.0,,Img20250601-512.jpg
3598,کار ساخته بازار,GD01001031 - آرین,5.56,750.0,6.5,7.5,0.0,0.0,0.0,0.0,زرد,النگو,2.0,,Img20250601-84.jpg
3599,کار ساخته بازار,GD01001029 - آرین,6.43,750.0,6.5,7.5,0.0,0.0,0.0,0.0,زرد,النگو,1.0,,Img20250601-448.jpg
3600,کار ساخته بازار,GD01001028 - آرین,6.57,750.0,6.5,7.5,0.0,0.0,0.0,0.0,زرد,النگو,1.0,,Img20250601-827.jpg
3601,کار ساخته بازار,GD01001027,6.53,750.0,6.5,7.5,0.0,0.0,0.0,0.0,زرد,النگو,1.0,,Img20250601-547.jpg
3602,کار ساخته بازار,GD01001026,6.65,750.0,6.5,7.5,0.0,0.0,0.0,0.0,زرد,النگو,1.0,,Img20250601-567.jpg
3603,کار ساخته بازار,GD01001025 - آرین,6.04,750.0,6.5,7.5,0.0,0.0,0.0,0.0,زرد,النگو,1.0,,Img20250601-48.jpg
3604,کار ساخته بازار,GD01001024,9.76,750.0,7.0,9.0,0.0,0.0,0.0,0.0,دو رنگ,النگو,4.0,,Img20250601-598.jpg
3605,کار ساخته بازار,GD01001023,9.12,750.0,7.0,9.0,0.0,0.0,0.0,0.0,دو رنگ,النگو,3.0,,Img20250601-183.jpg
3606,کار ساخته بازار,GD01001022,9.11,750.0,7.0,9.0,0.0,0.0,0.0,0.0,دو رنگ,النگو,3.0,,Img20250601-216.jpg
3607,کار ساخته بازار,GD01001021,9.15,750.0,7.0,9.0,0.0,0.0,0.0,0.0,دو رنگ,النگو,3.0,,Img20250601-24.jpg
3608,کار ساخته بازار,GD01001020,8.97,750.0,7.0,9.0,0.0,0.0,0.0,0.0,دو رنگ,النگو,2.0,,Img20250601-220.jpg
3609,کار ساخته بازار,GD01001019,8.34,750.0,7.0,9.0,0.0,0.0,0.0,0.0,دو رنگ,النگو,2.0,,Img20250601-932.jpg
3610,کار ساخته بازار,GD01001018,8.65,750.0,7.0,9.0,0.0,0.0,0.0,0.0,دو رنگ,النگو,2.0,,Img20250601-422.jpg
3611,کار ساخته بازار,GD01001017,7.89,750.0,7.0,9.0,0.0,0.0,0.0,0.0,دو رنگ,النگو,1.0,,Img20250601-872.jpg
3612,کار ساخته بازار,GD01001016,8.0,750.0,7.0,9.0,0.0,0.0,0.0,0.0,دو رنگ,النگو,1.0,,Img20250601-946.jpg
3613,کار ساخته بازار,GD01001015,7.72,750.0,7.0,9.0,0.0,0.0,0.0,0.0,دو رنگ,النگو,1.0,,Img20250531-653.jpg
3614,کار ساخته بازار,GD01001014 - 860,5.02,750.0,6.5,7.5,0.0,0.0,0.0,0.0,سفید,النگو,1.0,,Img20250531-12.jpg
3615,کار ساخته بازار,GD01001013,6.09,750.0,5.2,7.0,0.0,0.0,0.0,0.0,زرد,النگو,1.0,,Img20260707-119.jpg
3616,کار ساخته بازار,GD01001011,7.8,750.0,6.5,7.5,0.0,0.0,0.0,0.0,سفید,النگو,4.0,,Img20260707-882.jpg
3617,کار ساخته بازار,GD01001010,7.13,750.0,6.5,7.5,0.0,0.0,0.0,0.0,سفید,النگو,2.0,,Img20260707-613.jpg
3618,کار ساخته بازار,GD01001009,7.03,750.0,6.5,7.5,0.0,0.0,0.0,0.0,سفید,النگو,3.0,,Img20260707-973.jpg
3619,کار ساخته بازار,GD01001008,7.48,750.0,6.5,7.5,0.0,0.0,0.0,0.0,سفید,النگو,3.0,,Img20260707-251.jpg
3620,کار ساخته بازار,GD01001007,7.76,750.0,6.5,7.5,0.0,0.0,0.0,0.0,سفید,النگو,3.0,,Img20260707-261.jpg
3621,کار ساخته بازار,GD01001006,7.38,750.0,6.5,7.5,0.0,0.0,0.0,0.0,سفید,النگو,3.0,,Img20260707-680.jpg
3622,کار ساخته بازار,GD01001005,7.52,750.0,6.5,7.5,0.0,0.0,0.0,0.0,سفید,النگو,3.0,,Img20260707-169.jpg
3623,کار ساخته بازار,GD01001004,7.04,750.0,6.5,7.5,0.0,0.0,0.0,0.0,سفید,النگو,3.0,,Img20260707-295.jpg
3624,کار ساخته بازار,GD01001003,7.48,750.0,6.5,7.5,0.0,0.0,0.0,0.0,سفید,النگو,2.0,,Img20260707-938.jpg
3625,کار ساخته بازار,GD01001002,6.84,750.0,6.5,7.5,0.0,0.0,0.0,0.0,سفید,النگو,2.0,,Img20260707-1109.jpg
3626,کار ساخته بازار,GD01001001,6.89,750.0,6.5,7.5,0.0,0.0,0.0,0.0,سفید,النگو,2.0,,Img20260707-308.jpg
3627,کار ساخته بازار,GD01001000,6.82,750.0,6.5,7.5,0.0,0.0,0.0,0.0,سفید,النگو,2.0,,Img20260707-911.jpg
3628,کار ساخته بازار,GD01000999,6.84,750.0,6.5,7.5,0.0,0.0,0.0,0.0,سفید,النگو,2.0,,Img20260707-566.jpg
3629,کار ساخته بازار,GD01000998,6.97,750.0,6.5,7.5,0.0,0.0,0.0,0.0,سفید,النگو,2.0,,Img20260707-675.jpg
3630,کار ساخته بازار,GD01000997,6.87,750.0,6.5,7.5,0.0,0.0,0.0,0.0,سفید,النگو,1.0,,Img20260707-419.jpg
3631,کار ساخته بازار,GD01000996,6.72,750.0,6.5,7.5,0.0,0.0,0.0,0.0,سفید,النگو,1.0,,Img20260707-975.jpg
3632,کار ساخته بازار,GD01000995,6.51,750.0,6.5,7.5,0.0,0.0,0.0,0.0,سفید,النگو,1.0,,Img20260707-118.jpg
3633,کار ساخته بازار,GD01000993,6.58,750.0,6.5,7.5,0.0,0.0,0.0,0.0,سفید,النگو,1.0,,Img20260707-565.jpg
3634,کار ساخته بازار,GD01000992,6.14,750.0,6.5,7.5,0.0,0.0,0.0,0.0,سفید,النگو,1.0,,Img20250531-249.jpg
3635,کار ساخته بازار,GD01000975 - گوی,4.9,750.0,10.0,10.0,0.0,0.0,0.0,0.0,دو رنگ,النگو,3.0,,Img20250531-1666.jpg
3636,کار ساخته بازار,GD01000974 - گوی,4.97,750.0,10.0,10.0,0.0,0.0,0.0,0.0,دو رنگ,النگو,3.0,,Img20250531-602.jpg
3637,کار ساخته بازار,GD01000972 - گوی,5.16,750.0,10.0,10.0,0.0,0.0,0.0,0.0,دو رنگ,النگو,3.0,,Img20250601-669.jpg
3638,کار ساخته بازار,GD01000971 - ٍ451,3.47,750.0,7.0,8.0,0.0,0.0,0.0,0.0,زرد,النگو,3.0,,Img20250531-1194.jpg
3639,کار ساخته بازار,GD01000970 - گوی,4.96,750.0,10.0,10.0,0.0,0.0,0.0,0.0,دو رنگ,النگو,3.0,,Img20250601-551.jpg
3640,کار ساخته بازار,GD01000969 - 451,3.35,750.0,7.0,8.0,0.0,0.0,0.0,0.0,زرد,النگو,3.0,,Img20250601-682.jpg
3641,کار ساخته بازار,GD01000967 - 451,3.54,750.0,7.0,8.0,0.0,0.0,0.0,0.0,زرد,النگو,3.0,,Img20250601-673.jpg
3642,کار ساخته بازار,GD01000965 - 451,3.37,750.0,7.0,8.0,0.0,0.0,0.0,0.0,زرد,النگو,3.0,,Img20250601-622.jpg
3643,کار ساخته بازار,GD01000963 - 451,3.47,750.0,7.0,8.0,0.0,0.0,0.0,0.0,زرد,النگو,3.0,,Img20250601-768.jpg
3644,کار ساخته بازار,GD01000962 - 451,3.2,750.0,7.0,8.0,0.0,0.0,0.0,0.0,زرد,النگو,3.0,,Img20250601-506.jpg
3645,کار ساخته بازار,GD01000961 - 451,3.67,750.0,7.0,8.0,0.0,0.0,0.0,0.0,زرد,النگو,3.0,,Img20250601-191.jpg
3646,کار ساخته بازار,GD01000959 - 451,3.16,750.0,7.0,8.0,0.0,0.0,0.0,0.0,زرد,النگو,1.0,,Img20250601-325.jpg
3647,کار ساخته بازار,GD01000957 - 451,3.22,750.0,7.0,8.0,0.0,0.0,0.0,0.0,زرد,النگو,1.0,,Img20260707-956.jpg
3648,کار ساخته بازار,GD01000955 - 451,2.9,750.0,7.0,8.0,0.0,0.0,0.0,0.0,زرد,النگو,1.0,,Img20260707-497.jpg
3649,کار ساخته بازار,GD01000954 - 451,3.08,750.0,7.0,8.0,0.0,0.0,0.0,0.0,زرد,النگو,1.0,,Img20250601-487.jpg
3650,کار ساخته بازار,GD01000953 - 451,3.12,750.0,7.0,8.0,0.0,0.0,0.0,0.0,زرد,النگو,1.0,,Img20250601-675.jpg
3651,کار ساخته بازار,GD01000952 - 451,3.11,750.0,7.0,8.0,0.0,0.0,0.0,0.0,زرد,النگو,1.0,,Img20260707-370.jpg
3652,کار ساخته بازار,GD01000951 - 451,2.89,750.0,7.0,8.0,0.0,0.0,0.0,0.0,زرد,النگو,1.0,,Img20250601-477.jpg
3653,کار ساخته بازار,GD01000948 - 451,3.12,750.0,7.0,8.0,0.0,0.0,0.0,0.0,زرد,النگو,2.0,,Img20250601-599.jpg
3654,کار ساخته بازار,GD01000947 - 451,3.26,750.0,7.0,8.0,0.0,0.0,0.0,0.0,زرد,النگو,2.0,,Img20250601-22.jpg
3655,کار ساخته بازار,GD01000945 - 451,3.16,750.0,7.0,8.0,0.0,0.0,0.0,0.0,زرد,النگو,2.0,,Img20250601-317.jpg
3656,کار ساخته بازار,GD01000943 - 451,3.13,750.0,7.0,8.0,0.0,0.0,0.0,0.0,زرد,النگو,2.0,,Img20250601-668.jpg
3657,کار ساخته بازار,GD01000942 - 451,2.51,750.0,7.0,8.0,0.0,0.0,0.0,0.0,زرد,النگو,2.0,,Img20250601-692.jpg
3658,کار ساخته بازار,GD01000940 - 451,3.24,750.0,7.0,8.0,0.0,0.0,0.0,0.0,زرد,النگو,2.0,,Img20250601-750.jpg
3659,کار ساخته بازار,GD01000938 - 451,2.59,750.0,7.0,8.0,0.0,0.0,0.0,0.0,زرد,النگو,2.0,,Img20250601-858.jpg
3660,کار ساخته بازار,GD01000937 - 451,3.12,750.0,7.0,8.0,0.0,0.0,0.0,0.0,سفید,النگو,2.0,,Img20250601-907.jpg
3661,کار ساخته بازار,GD01000932 - 451,2.92,750.0,7.0,8.0,0.0,0.0,0.0,0.0,سفید,النگو,2.0,,Img20250601-352.jpg
3662,کار ساخته بازار,GD01000931 - 451,3.14,750.0,7.0,8.0,0.0,0.0,0.0,0.0,سفید,النگو,2.0,,Img20250601-979.jpg
3663,کار ساخته بازار,GD01000930 - 451,3.27,750.0,7.0,8.0,0.0,0.0,0.0,0.0,سفید,النگو,2.0,,Img20250601-942.jpg
3664,کار ساخته بازار,GD01000929 - 451,2.82,750.0,7.0,8.0,0.0,0.0,0.0,0.0,سفید,النگو,2.0,,Img20250601-4.jpg
3665,کار ساخته بازار,GD01000928 - 451,3.17,750.0,7.0,8.0,0.0,0.0,0.0,0.0,سفید,النگو,2.0,,Img20250601-553.jpg
3666,کار ساخته بازار,GD01000927 - 451,2.91,750.0,7.0,8.0,0.0,0.0,0.0,0.0,سفید,النگو,2.0,,Img20250601-822.jpg
3667,کار ساخته بازار,GD01000926 - 451,2.77,750.0,7.0,8.0,0.0,0.0,0.0,0.0,سفید,النگو,2.0,,Img20250601-153.jpg
3668,کار ساخته بازار,GD01000925 - 451,3.11,750.0,7.0,8.0,0.0,0.0,0.0,0.0,سفید,النگو,3.0,,Img20250601-234.jpg
3669,کار ساخته بازار,GD01000924 - 451,2.95,750.0,7.0,8.0,0.0,0.0,0.0,0.0,سفید,النگو,3.0,,Img20250601-178.jpg
3670,کار ساخته بازار,GD01000923 - 451,3.08,750.0,7.0,8.0,0.0,0.0,0.0,0.0,سفید,النگو,3.0,,Img20250601-959.jpg
3671,کار ساخته بازار,GD01000922 - 451,3.42,750.0,7.0,8.0,0.0,0.0,0.0,0.0,سفید,النگو,3.0,,Img20250531-178.jpg
3672,کار ساخته بازار,GD01000921 - 219,6.09,750.0,5.0,7.0,0.0,0.0,0.0,0.0,سفید,النگو,3.0,,Img20250531-794.jpg
3673,کار ساخته بازار,GD01000919 - 219,6.11,750.0,5.0,7.0,0.0,0.0,0.0,0.0,سفید,النگو,3.0,,Img20250531-133.jpg
3674,کار ساخته بازار,GD01000918 - 219,5.98,750.0,5.0,7.0,0.0,0.0,0.0,0.0,سفید,النگو,3.0,,Img20250531-26.jpg
3675,کار ساخته بازار,GD01000908 - 219,5.34,750.0,5.0,7.0,0.0,0.0,0.0,0.0,زرد,النگو,1.0,,Img20250531-306.jpg
3676,کار ساخته بازار,GD01000905 - 219,6.23,750.0,5.0,7.0,0.0,0.0,0.0,0.0,زرد,النگو,3.0,,Img20250531-527.jpg
3677,کار ساخته بازار,GD01000903,6.11,750.0,5.0,7.0,0.0,0.0,0.0,0.0,زرد,النگو,3.0,,Img20260707-544.jpg
3678,کار ساخته بازار,GD01000901 - 219,5.23,750.0,5.0,7.0,0.0,0.0,0.0,0.0,زرد,النگو,1.0,,Img20250531-876.jpg
3679,کار ساخته بازار,GD01000899,6.24,750.0,5.2,7.0,0.0,0.0,0.0,0.0,زرد,النگو,1.0,,Img20250531-7.jpg
3680,کار ساخته بازار,GD01000898,6.2,750.0,5.2,7.0,0.0,0.0,0.0,0.0,زرد,النگو,1.0,,Img20250531-933.jpg
3681,کار ساخته بازار,GD01000897,6.21,750.0,5.2,7.0,0.0,0.0,0.0,0.0,زرد,النگو,1.0,,Img20250531-916.jpg
3682,کار ساخته بازار,GD01000896 - 860,6.02,750.0,6.5,7.5,0.0,0.0,0.0,0.0,زرد,النگو,3.0,,Img20250531-1567.jpg
3683,کار ساخته بازار,GD01000895 - 860,5.03,750.0,6.5,7.5,0.0,0.0,0.0,0.0,زرد,النگو,2.0,,Img20250531-268.jpg
3684,کار ساخته بازار,GD01000894,5.22,750.0,10.0,10.0,0.0,0.0,0.0,0.0,دو رنگ,النگو,2.0,,Img20250531-187.jpg
3685,کار ساخته بازار,GD01000891 - 860,4.97,750.0,6.5,7.5,0.0,0.0,0.0,0.0,زرد,النگو,2.0,,Img20250531-512.jpg
3686,کار ساخته بازار,GD01000888 - 860,5.21,750.0,6.5,7.5,0.0,0.0,0.0,0.0,زرد,النگو,2.0,,Img20250531-276.jpg
3687,کار ساخته بازار,GD01000885,5.34,750.0,10.0,10.0,0.0,0.0,0.0,0.0,دو رنگ,النگو,2.0,,Img20250531-987.jpg
3688,کار ساخته بازار,GD01000884 - 860,4.99,750.0,6.5,7.5,0.0,0.0,0.0,0.0,زرد,النگو,2.0,,Img20250531-930.jpg
3689,کار ساخته بازار,GD01000883,5.34,750.0,10.0,10.0,0.0,0.0,0.0,0.0,دو رنگ,النگو,2.0,,Img20250531-996.jpg
3690,کار ساخته بازار,GD01000882,5.22,750.0,10.0,10.0,0.0,0.0,0.0,0.0,دو رنگ,النگو,2.0,,Img20250531-2232.jpg
3691,کار ساخته بازار,GD01000881,5.19,750.0,10.0,10.0,0.0,0.0,0.0,0.0,دو رنگ,النگو,2.0,,Img20250531-32.jpg
3692,کار ساخته بازار,GD01000880,5.24,750.0,10.0,10.0,0.0,0.0,0.0,0.0,دو رنگ,النگو,2.0,,Img20250531-761.jpg
3693,کار ساخته بازار,GD01000878 - 860,5.08,750.0,6.5,7.5,0.0,0.0,0.0,0.0,زرد,النگو,2.0,,Img20250531-430.jpg
3694,کار ساخته بازار,GD01000875 - 860,4.95,750.0,6.5,7.5,0.0,0.0,0.0,0.0,زرد,النگو,2.0,,Img20250531-649.jpg
3695,کار ساخته بازار,GD01000874,5.23,750.0,10.0,10.0,0.0,0.0,0.0,0.0,دو رنگ,النگو,1.0,,Img20250531-121.jpg
3696,کار ساخته بازار,GD01000872 - 860,4.76,750.0,6.5,7.5,0.0,0.0,0.0,0.0,زرد,النگو,2.0,,Img20250531-1918.jpg
3697,کار ساخته بازار,GD01000870 - 860,5.07,750.0,6.5,7.5,0.0,0.0,0.0,0.0,زرد,النگو,2.0,,Img20250531-580.jpg
3698,کار ساخته بازار,GD01000869 - 860,4.94,750.0,6.5,7.5,0.0,0.0,0.0,0.0,زرد,النگو,2.0,,Img20250531-70.jpg
3699,کار ساخته بازار,GD01000868 - 520,4.81,750.0,6.5,7.5,0.0,0.0,0.0,0.0,سفید,النگو,1.0,,Img20250531-358.jpg
3700,کار ساخته بازار,GD01000865 - 520,5.14,750.0,6.5,7.5,0.0,0.0,0.0,0.0,سفید,النگو,1.0,,Img20250531-832.jpg
3701,کار ساخته بازار,GD01000863 - 860,5.01,750.0,6.5,7.5,0.0,0.0,0.0,0.0,زرد,النگو,1.0,,Img20250531-894.jpg
3702,کار ساخته بازار,GD01000859 - 520,5.05,750.0,6.5,7.5,0.0,0.0,0.0,0.0,سفید,النگو,1.0,,Img20250531-191.jpg
3703,کار ساخته بازار,GD01000858 - 520,5.05,750.0,6.5,7.5,0.0,0.0,0.0,0.0,سفید,النگو,1.0,,Img20250531-182.jpg
3704,کار ساخته بازار,GD01000854 - 520,5.35,750.0,6.5,7.5,0.0,0.0,0.0,0.0,سفید,النگو,2.0,,Img20250531-654.jpg
3705,کار ساخته بازار,GD01000853 - 520,5.41,750.0,6.5,7.5,0.0,0.0,0.0,0.0,سفید,النگو,2.0,,Img20250531-630.jpg
3706,کار ساخته بازار,GD01000852 - 860,4.8,750.0,6.5,7.5,0.0,0.0,0.0,0.0,زرد,النگو,1.0,,Img20250531-558.jpg
3707,کار ساخته بازار,GD01000851 - 520,5.44,750.0,6.5,7.5,0.0,0.0,0.0,0.0,سفید,النگو,2.0,,Img20250531-772.jpg
3708,کار ساخته بازار,GD01000849 - 520,5.54,750.0,6.5,7.5,0.0,0.0,0.0,0.0,سفید,النگو,2.0,,Img20250531-534.jpg
3709,کار ساخته بازار,GD01000847 - 520,5.35,750.0,6.5,7.5,0.0,0.0,0.0,0.0,سفید,النگو,2.0,,Img20250531-180.jpg
3710,کار ساخته بازار,GD01000831,6.95,750.0,5.2,7.0,0.0,0.0,0.0,0.0,زرد,النگو,3.0,,Img20250531-943.jpg
3711,کار ساخته بازار,GD01000830,6.9,750.0,5.2,7.0,0.0,0.0,0.0,0.0,زرد,النگو,3.0,,Img20250531-763.jpg
3712,کار ساخته بازار,GD01000828,6.67,750.0,5.2,7.0,0.0,0.0,0.0,0.0,زرد,النگو,3.0,,Img20250531-155.jpg
3713,کار ساخته بازار,GD01000827,6.88,750.0,5.2,7.0,0.0,0.0,0.0,0.0,زرد,النگو,3.0,,Img20250531-745.jpg
3714,کار ساخته بازار,GD01000825,6.98,750.0,5.2,7.0,0.0,0.0,0.0,0.0,زرد,النگو,3.0,,Img20250531-587.jpg
3715,کار ساخته بازار,GD01000823,7.61,750.0,5.2,7.0,0.0,0.0,0.0,0.0,زرد,النگو,3.0,,Img20250531-567.jpg
3716,کار ساخته بازار,GD01000822,6.74,750.0,5.2,7.0,0.0,0.0,0.0,0.0,زرد,النگو,3.0,,Img20250531-1549.jpg
3717,کار ساخته بازار,GD01000821,6.79,750.0,5.2,7.0,0.0,0.0,0.0,0.0,زرد,النگو,3.0,,Img20250531-662.jpg
3718,کار ساخته بازار,GD01000820,6.69,750.0,5.2,7.0,0.0,0.0,0.0,0.0,زرد,النگو,2.0,,Img20250531-294.jpg
3719,کار ساخته بازار,GD01000815,9.5,750.0,8.7,9.0,0.0,0.0,0.0,0.0,زرد,النگو,4.0,,Img20250531-301.jpg
3720,کار ساخته بازار,GD01000807,9.63,750.0,8.7,9.0,0.0,0.0,0.0,0.0,زرد,النگو,3.0,,Img20250531-555.jpg
3721,کار ساخته بازار,GD01000803,9.57,750.0,8.7,9.0,0.0,0.0,0.0,0.0,زرد,النگو,3.0,,Img20260707-19.jpg
3722,کار ساخته بازار,GD01000801,8.97,750.0,8.7,9.0,0.0,0.0,0.0,0.0,زرد,النگو,3.0,,Img20250531-936.jpg
3723,کار ساخته بازار,GD01000797,9.57,750.0,8.7,9.0,0.0,0.0,0.0,0.0,زرد,النگو,3.0,,Img20250531-212.jpg
3724,کار ساخته بازار,GD01000793,9.31,750.0,8.7,9.0,0.0,0.0,0.0,0.0,زرد,النگو,2.0,,Img20260707-380.jpg
3725,کار ساخته بازار,GD01000792,8.23,750.0,8.7,9.0,0.0,0.0,0.0,0.0,زرد,النگو,2.0,,Img20260707-124.jpg
3726,کار ساخته بازار,GD01000791,9.49,750.0,8.7,9.0,0.0,0.0,0.0,0.0,زرد,النگو,2.0,,Img20250531-821.jpg
3727,کار ساخته بازار,GD01000789,8.18,750.0,8.7,9.0,0.0,0.0,0.0,0.0,زرد,النگو,2.0,,Img20250531-579.jpg
3728,کار ساخته بازار,GD01000787,8.4,750.0,8.7,9.0,0.0,0.0,0.0,0.0,زرد,النگو,1.0,,Img20250531-518.jpg
3729,کار ساخته بازار,GD01000786,8.67,750.0,8.7,9.0,0.0,0.0,0.0,0.0,زرد,النگو,1.0,,Img20260707-390.jpg
3730,کار ساخته بازار,GD01000785,8.82,750.0,8.7,9.0,0.0,0.0,0.0,0.0,زرد,النگو,1.0,,Img20250531-621.jpg
3731,کار ساخته بازار,GD01000784,8.74,750.0,8.7,9.0,0.0,0.0,0.0,0.0,زرد,النگو,1.0,,Img20250531-235.jpg
3732,کار ساخته بازار,GD01000783,8.4,750.0,8.7,9.0,0.0,0.0,0.0,0.0,زرد,النگو,1.0,,Img20250531-651.jpg
3733,کار ساخته بازار,GD01000782,8.27,750.0,8.7,9.0,0.0,0.0,0.0,0.0,زرد,النگو,1.0,,Img20250531-90.jpg
3734,کار ساخته بازار,GD01000781 - مارپیچ,7.71,750.0,7.5,8.5,0.0,0.0,0.0,0.0,زرد,النگو,3.0,,Img20250602-92.jpg
3735,کار ساخته بازار,GD01000780 - 7.43,7.43,750.0,11.0,11.0,0.0,0.0,0.0,0.0,زرد,النگو,1.0,,Img20250602-929.jpg
3736,کار ساخته بازار,GD01000778 - ماهریس,7.59,750.0,11.0,11.0,0.0,0.0,0.0,0.0,زرد,النگو,1.0,,Img20250531-697.jpg
3737,کار ساخته بازار,GD01000776 - مارپیچ,8.62,750.0,7.5,8.5,0.0,0.0,0.0,0.0,زرد,النگو,3.0,,Img20250602-470.jpg
3738,کار ساخته بازار,GD01000775 - ماهریس,7.73,750.0,11.0,11.0,0.0,0.0,0.0,0.0,زرد,النگو,1.0,,Img20250602-434.jpg
3739,کار ساخته بازار,GD01000773 - ماهریس,7.52,750.0,11.0,11.0,0.0,0.0,0.0,0.0,زرد,النگو,1.0,,Img20250531-853.jpg
3740,کار ساخته بازار,GD01000772 - مارپیچ,9.05,750.0,7.5,8.5,0.0,0.0,0.0,0.0,زرد,النگو,3.0,,Img20250602-254.jpg
3741,کار ساخته بازار,GD01000771 - ماهریس,7.55,750.0,11.0,11.0,0.0,0.0,0.0,0.0,زرد,النگو,1.0,,Img20250531-739.jpg
3742,کار ساخته بازار,GD01000769 - مارپیچ,8.95,750.0,7.5,8.5,0.0,0.0,0.0,0.0,زرد,النگو,2.0,,Img20250602-715.jpg
3743,کار ساخته بازار,GD01000768 - ماهریس,7.57,750.0,11.0,11.0,0.0,0.0,0.0,0.0,زرد,النگو,1.0,,Img20250531-822.jpg
3744,کار ساخته بازار,GD01000767 - مارپیچ,8.35,750.0,7.5,8.5,0.0,0.0,0.0,0.0,زرد,النگو,2.0,,Img20250602-742.jpg
3745,کار ساخته بازار,GD01000766 - ماهریس,7.17,750.0,11.0,11.0,0.0,0.0,0.0,0.0,زرد,النگو,2.0,,Img20250531-963.jpg
3746,کار ساخته بازار,GD01000765 - مارپیچ,7.94,750.0,7.5,8.5,0.0,0.0,0.0,0.0,زرد,النگو,2.0,,Img20250602-24.jpg
3747,کار ساخته بازار,GD01000764 - ماهریس,8.2,750.0,11.0,11.0,0.0,0.0,0.0,0.0,زرد,النگو,2.0,,Img20250531-926.jpg
3748,کار ساخته بازار,GD01000763 - مارپیچ,8.07,750.0,7.5,8.5,0.0,0.0,0.0,0.0,زرد,النگو,2.0,,Img20250602-507.jpg
3749,کار ساخته بازار,GD01000762 - ماهریس,7.43,750.0,11.0,11.0,0.0,0.0,0.0,0.0,زرد,النگو,2.0,,Img20250531-67.jpg
3750,کار ساخته بازار,GD01000761 - مارپیچ,8.16,750.0,7.5,8.5,0.0,0.0,0.0,0.0,زرد,النگو,2.0,,Img20250602-587.jpg
3751,کار ساخته بازار,GD01000760 - ماهریس,8.1,750.0,11.0,11.0,0.0,0.0,0.0,0.0,زرد,النگو,2.0,,Img20250602-492.jpg
3752,کار ساخته بازار,GD01000759 - ماهریس,8.18,750.0,11.0,11.0,0.0,0.0,0.0,0.0,زرد,النگو,2.0,,Img20250602-825.jpg
3753,کار ساخته بازار,GD01000758 - ماهریس,7.76,750.0,11.0,11.0,0.0,0.0,0.0,0.0,زرد,النگو,2.0,,Img20250602-1597.jpg
3754,کار ساخته بازار,GD01000756 - مارپیچ,8.15,750.0,7.5,8.5,0.0,0.0,0.0,0.0,زرد,النگو,1.0,,Img20250602-512.jpg
3755,کار ساخته بازار,GD01000755 - ماهریس,8.43,750.0,11.0,11.0,0.0,0.0,0.0,0.0,زرد,النگو,3.0,,Img20250602-882.jpg
3756,کار ساخته بازار,GD01000753 - ماهریس,7.86,750.0,11.0,11.0,0.0,0.0,0.0,0.0,زرد,النگو,3.0,,Img20250602-577.jpg
3757,کار ساخته بازار,GD01000751 - ماهریس,7.95,750.0,11.0,11.0,0.0,0.0,0.0,0.0,زرد,النگو,3.0,,Img20250602-279.jpg
3758,کار ساخته بازار,GD01000748 - ماهریس,8.24,750.0,11.0,11.0,0.0,0.0,0.0,0.0,زرد,النگو,3.0,,Img20250602-152.jpg
3759,کار ساخته بازار,GD01000747 - ماهریس,8.16,750.0,11.0,11.0,0.0,0.0,0.0,0.0,زرد,النگو,3.0,,Img20250602-978.jpg
3760,کار ساخته بازار,GD01000745,8.61,750.0,11.0,11.0,0.0,0.0,0.0,0.0,زرد,النگو,3.0,,Img20250601-327.jpg
3761,کار ساخته بازار,GD01000743 - هما پهن,10.14,750.0,9.0,10.0,0.0,0.0,0.0,0.0,سفید,النگو,1.0,,Img20250601-196.jpg
3762,کار ساخته بازار,GD01000742 - هما پهن,10.7,750.0,9.0,10.0,0.0,0.0,0.0,0.0,سفید,النگو,1.0,,Img20250601-2221.jpg
3763,کار ساخته بازار,GD01000741 - هما پهن,11.19,750.0,9.0,10.0,0.0,0.0,0.0,0.0,سفید,النگو,2.0,,Img20250601-148.jpg
3764,کار ساخته بازار,GD01000740 - هما پهن,12.36,750.0,9.0,10.0,0.0,0.0,0.0,0.0,سفید,النگو,3.0,,Img20250601-574.jpg
3765,کار ساخته بازار,GD01000739 - هما پهن,11.74,750.0,9.0,10.0,0.0,0.0,0.0,0.0,سفید,النگو,3.0,,Img20250601-362.jpg
3766,کار ساخته بازار,GD01000736 - هما پهن,13.25,750.0,9.0,10.0,0.0,0.0,0.0,0.0,سفید,النگو,4.0,,Img20250531-850.jpg
3767,کار ساخته بازار,GD01000735,6.43,750.0,10.0,11.0,0.0,0.0,0.0,0.0,زرد,النگو,1.0,,Img20250601-1060.jpg
3768,کار ساخته بازار,GD01000734 - هما پهن,13.53,750.0,9.0,10.0,0.0,0.0,0.0,0.0,سفید,النگو,4.0,,Img20260707-813.jpg
3769,کار ساخته بازار,GD01000730 - زنیت,5.76,750.0,9.0,9.0,0.0,0.0,0.0,0.0,دو رنگ,النگو,1.0,,Img20260706-843.jpg
3770,کار ساخته بازار,GD01000729 - زنیت,5.79,750.0,9.0,9.0,0.0,0.0,0.0,0.0,دو رنگ,النگو,1.0,,Img20260706-785.jpg
3771,کار ساخته بازار,GD01000728 - زنیت,5.37,750.0,9.0,9.0,0.0,0.0,0.0,0.0,دو رنگ,النگو,1.0,,Img20260707-864.jpg
3772,کار ساخته بازار,GD01000727 - زنیت,5.62,750.0,9.0,9.0,0.0,0.0,0.0,0.0,دو رنگ,النگو,1.0,,Img20260706-532.jpg
3773,کار ساخته بازار,GD01000725 - زنیت,5.65,750.0,9.0,9.0,0.0,0.0,0.0,0.0,دو رنگ,النگو,2.0,,Img20260706-520.jpg
3774,کار ساخته بازار,GD01000723 - زنیت,5.6,750.0,9.0,9.0,0.0,0.0,0.0,0.0,دو رنگ,النگو,2.0,,Img20260706-28.jpg
3775,کار ساخته بازار,GD01000718 - زنیت,5.61,750.0,9.0,9.0,0.0,0.0,0.0,0.0,سفید,النگو,2.0,,Img20260706-626.jpg
3776,کار ساخته بازار,GD01000717 - زنیت,5.74,750.0,9.0,9.0,0.0,0.0,0.0,0.0,سفید,النگو,2.0,,Img20250531-927.jpg
3777,کار ساخته بازار,GD01000716,8.07,750.0,10.0,11.0,0.0,0.0,0.0,0.0,زرد,النگو,3.0,,Img20260706-458.jpg
3778,کار ساخته بازار,GD01000715 - زنیت,5.95,750.0,9.0,9.0,0.0,0.0,0.0,0.0,سفید,النگو,3.0,,Img20250531-606.jpg
3779,کار ساخته بازار,GD01000714,6.76,750.0,10.0,11.0,0.0,0.0,0.0,0.0,زرد,النگو,3.0,,Img20260706-976.jpg
3780,کار ساخته بازار,GD01000713 - زنیت,6.23,750.0,9.0,9.0,0.0,0.0,0.0,0.0,سفید,النگو,3.0,,Img20250531-865.jpg
3781,کار ساخته بازار,GD01000712,8.42,750.0,10.0,11.0,0.0,0.0,0.0,0.0,زرد,النگو,3.0,,Img20260706-945.jpg
3782,کار ساخته بازار,GD01000711 - زنیت,5.97,750.0,9.0,9.0,0.0,0.0,0.0,0.0,سفید,النگو,3.0,,Img20250531-434.jpg
3783,کار ساخته بازار,GD01000710,8.19,750.0,10.0,11.0,0.0,0.0,0.0,0.0,زرد,النگو,3.0,,Img20260706-585.jpg
3784,کار ساخته بازار,GD01000709 - زنیت,6.22,750.0,9.0,9.0,0.0,0.0,0.0,0.0,سفید,النگو,3.0,,Img20250531-986.jpg
3785,کار ساخته بازار,GD01000708,7.77,750.0,10.0,11.0,0.0,0.0,0.0,0.0,زرد,النگو,3.0,,Img20250531-173.jpg
3786,کار ساخته بازار,GD01000707,7.29,750.0,10.0,11.0,0.0,0.0,0.0,0.0,زرد,النگو,3.0,,Img20260706-1779.jpg
3787,کار ساخته بازار,GD01000706 - 190,4.76,750.0,6.5,7.5,0.0,0.0,0.0,0.0,زرد,النگو,1.0,,Img20260706-229.jpg
3788,کار ساخته بازار,GD01000704 - 190,4.99,750.0,6.5,7.5,0.0,0.0,0.0,0.0,زرد,النگو,1.0,,nopicture.png
3789,کار ساخته بازار,GD01000703 - 427,3.08,750.0,7.0,8.0,0.0,0.0,0.0,0.0,سفید,النگو,1.0,,Img20260706-1928.jpg
3790,کار ساخته بازار,GD01000702 - 190,4.68,750.0,6.5,7.5,0.0,0.0,0.0,0.0,زرد,النگو,1.0,,Img20260706-290.jpg
3791,کار ساخته بازار,GD01000701 - 190,4.86,750.0,6.5,7.5,0.0,0.0,0.0,0.0,زرد,النگو,1.0,,Img20260706-102.jpg
3792,کار ساخته بازار,GD01000700 - 190,4.2,750.0,6.5,7.5,0.0,0.0,0.0,0.0,زرد,النگو,1.0,,Img20250602-2418.jpg
3793,کار ساخته بازار,GD01000697 - 190,4.97,750.0,6.5,7.5,0.0,0.0,0.0,0.0,زرد,النگو,2.0,,Img20250602-764.jpg
3794,کار ساخته بازار,GD01000696 - 3080,4.54,750.0,7.0,8.0,0.0,0.0,0.0,0.0,دو رنگ,النگو,1.0,,Img20250602-34.jpg
3795,کار ساخته بازار,GD01000695 - 190,5.13,750.0,6.5,7.5,0.0,0.0,0.0,0.0,زرد,النگو,2.0,,Img20250602-497.jpg
3796,کار ساخته بازار,GD01000694 - 3080,4.83,750.0,7.0,8.0,0.0,0.0,0.0,0.0,دو رنگ,النگو,1.0,,Img20250602-682.jpg
3797,کار ساخته بازار,GD01000693 - 190,5.03,750.0,6.5,7.5,0.0,0.0,0.0,0.0,زرد,النگو,2.0,,Img20250602-898.jpg
3798,کار ساخته بازار,GD01000692 - 3080,4.85,750.0,7.0,8.0,0.0,0.0,0.0,0.0,دو رنگ,النگو,1.0,,Img20250602-282.jpg
3799,کار ساخته بازار,GD01000691 - 190,5.15,750.0,6.5,7.5,0.0,0.0,0.0,0.0,زرد,النگو,2.0,,Img20250602-862.jpg
3800,کار ساخته بازار,GD01000690 - 3080,4.54,750.0,7.0,8.0,0.0,0.0,0.0,0.0,دو رنگ,النگو,1.0,,Img20250602-242.jpg
3801,کار ساخته بازار,GD01000688 - 3080,4.7,750.0,7.0,8.0,0.0,0.0,0.0,0.0,دو رنگ,النگو,1.0,,Img20250602-1153.jpg
3802,کار ساخته بازار,GD01000687 - 190,5.55,750.0,6.5,7.5,0.0,0.0,0.0,0.0,زرد,النگو,3.0,,Img20250602-630.jpg
3803,کار ساخته بازار,GD01000686 - 190,5.52,750.0,6.5,7.5,0.0,0.0,0.0,0.0,زرد,النگو,3.0,,Img20250602-777.jpg
3804,کار ساخته بازار,GD01000685 - 3080,4.7,750.0,7.0,8.0,0.0,0.0,0.0,0.0,دو رنگ,النگو,1.0,,Img20250602-1552.jpg
3805,کار ساخته بازار,GD01000684 - 190,5.42,750.0,6.5,7.5,0.0,0.0,0.0,0.0,زرد,النگو,3.0,,Img20250602-532.jpg
3806,کار ساخته بازار,GD01000683 - 190,5.45,750.0,6.5,7.5,0.0,0.0,0.0,0.0,زرد,النگو,3.0,,Img20250602-1133.jpg
3807,کار ساخته بازار,GD01000680 - 190,5.4,750.0,6.5,7.5,0.0,0.0,0.0,0.0,زرد,النگو,3.0,,Img20250602-163.jpg
3808,کار ساخته بازار,GD01000678 - 3080,5.0,750.0,7.0,8.0,0.0,0.0,0.0,0.0,دو رنگ,النگو,2.0,,Img20250602-521.jpg
3809,کار ساخته بازار,GD01000677 - 3080,5.04,750.0,7.0,8.0,0.0,0.0,0.0,0.0,دو رنگ,النگو,2.0,,Img20250602-503.jpg
3810,کار ساخته بازار,GD01000676 - 3080,4.92,750.0,7.0,8.0,0.0,0.0,0.0,0.0,دو رنگ,النگو,2.0,,Img20250602-234.jpg
3811,کار ساخته بازار,GD01000675 - 3080,4.84,750.0,7.0,8.0,0.0,0.0,0.0,0.0,دو رنگ,النگو,2.0,,Img20250602-1336.jpg
3812,کار ساخته بازار,GD01000674 - رویال,3.67,750.0,8.0,8.0,0.0,0.0,0.0,0.0,زرد,النگو,1.0,,Img20250602-343.jpg
3813,کار ساخته بازار,GD01000673 - 3080,4.91,750.0,7.0,8.0,0.0,0.0,0.0,0.0,دو رنگ,النگو,2.0,,Img20250602-377.jpg
3814,کار ساخته بازار,GD01000671 - 3080,5.7,750.0,7.0,8.0,0.0,0.0,0.0,0.0,دو رنگ,النگو,2.0,,Img20260706-924.jpg
3815,کار ساخته بازار,GD01000670 - رویال,3.64,750.0,8.0,8.0,0.0,0.0,0.0,0.0,زرد,النگو,1.0,,Img20250602-552.jpg
3816,کار ساخته بازار,GD01000667 - 3080,5.64,750.0,7.0,8.0,0.0,0.0,0.0,0.0,دو رنگ,النگو,3.0,,Img20250602-1507.jpg
3817,کار ساخته بازار,GD01000665 - رویال,3.48,750.0,8.0,8.0,0.0,0.0,0.0,0.0,زرد,النگو,1.0,,Img20250602-18.jpg
3818,کار ساخته بازار,GD01000664 - 3080,5.63,750.0,7.0,8.0,0.0,0.0,0.0,0.0,دو رنگ,النگو,3.0,,Img20260706-1165.jpg
3819,کار ساخته بازار,GD01000663 - رویال,3.55,750.0,8.0,8.0,0.0,0.0,0.0,0.0,زرد,النگو,1.0,,Img20250602-291.jpg
3820,کار ساخته بازار,GD01000662 - 3080,5.46,750.0,7.0,8.0,0.0,0.0,0.0,0.0,دو رنگ,النگو,3.0,,Img20250602-3043.jpg
3821,کار ساخته بازار,GD01000661 - رویال,3.4,750.0,8.0,8.0,0.0,0.0,0.0,0.0,زرد,النگو,2.0,,Img20250602-446.jpg
3822,کار ساخته بازار,GD01000660 - 3080,5.38,750.0,7.0,8.0,0.0,0.0,0.0,0.0,دو رنگ,النگو,3.0,,Img20250602-774.jpg
3823,کار ساخته بازار,GD01000659 - رویال,3.83,750.0,8.0,8.0,0.0,0.0,0.0,0.0,زرد,النگو,2.0,,Img20250602-789.jpg
3824,کار ساخته بازار,GD01000658 - 3080,5.37,750.0,7.0,8.0,0.0,0.0,0.0,0.0,دو رنگ,النگو,3.0,,Img20250602-423.jpg
3825,کار ساخته بازار,GD01000657 - رویال,3.42,750.0,8.0,8.0,0.0,0.0,0.0,0.0,زرد,النگو,2.0,,Img20250602-250.jpg
3826,کار ساخته بازار,GD01000656 - رویال,3.53,750.0,8.0,8.0,0.0,0.0,0.0,0.0,زرد,النگو,2.0,,Img20250602-959.jpg
3827,کار ساخته بازار,GD01000655 - رویال,4.04,750.0,8.0,8.0,0.0,0.0,0.0,0.0,زرد,النگو,3.0,,Img20250602-527.jpg
3828,کار ساخته بازار,GD01000654 - رویال,4.14,750.0,8.0,8.0,0.0,0.0,0.0,0.0,زرد,النگو,3.0,,Img20250602-451.jpg
3829,کار ساخته بازار,GD01000653 - رویال,3.91,750.0,7.5,8.0,0.0,0.0,0.0,0.0,زرد,النگو,3.0,,Img20250602-505.jpg
3830,کار ساخته بازار,GD01000652 - رویال,3.97,750.0,7.5,8.0,0.0,0.0,0.0,0.0,زرد,النگو,3.0,,Img20250602-1056.jpg
3831,کار ساخته بازار,GD01000651 - رویال,4.05,750.0,7.5,8.0,0.0,0.0,0.0,0.0,زرد,النگو,3.0,,Img20250531-115.jpg
3832,کار ساخته بازار,GD01000649 - 3025,5.51,750.0,6.2,7.5,0.0,0.0,0.0,0.0,دو رنگ,النگو,1.0,,Img20250531-774.jpg
3833,کار ساخته بازار,GD01000648 - 3025,5.5,750.0,6.2,7.5,0.0,0.0,0.0,0.0,دو رنگ,النگو,1.0,,Img20250531-658.jpg
3834,کار ساخته بازار,GD01000645 - 630,4.48,750.0,9.0,9.0,0.0,0.0,0.0,0.0,زرد,النگو,1.0,,Img20260706-951.jpg
3835,کار ساخته بازار,GD01000643 - 630,4.49,750.0,9.0,9.0,0.0,0.0,0.0,0.0,زرد,النگو,1.0,,Img20250531-646.jpg
3836,کار ساخته بازار,GD01000641 - 630,4.47,750.0,9.0,9.0,0.0,0.0,0.0,0.0,زرد,النگو,1.0,,Img20250531-859.jpg
3837,کار ساخته بازار,GD01000639 - 630,4.46,750.0,9.0,9.0,0.0,0.0,0.0,0.0,زرد,النگو,1.0,,Img20250531-161.jpg
3838,کار ساخته بازار,GD01000638 - 3025,5.72,750.0,6.2,7.5,0.0,0.0,0.0,0.0,دو رنگ,النگو,2.0,,Img20250531-30.jpg
3839,کار ساخته بازار,GD01000637 - 630,4.47,750.0,9.0,9.0,0.0,0.0,0.0,0.0,زرد,النگو,1.0,,Img20250531-612.jpg
3840,کار ساخته بازار,GD01000633 - 3025,5.62,750.0,6.2,7.5,0.0,0.0,0.0,0.0,دو رنگ,النگو,2.0,,Img20250531-519.jpg
3841,کار ساخته بازار,GD01000631 - 3025,5.61,750.0,6.2,7.5,0.0,0.0,0.0,0.0,دو رنگ,النگو,2.0,,Img20260706-265.jpg
3842,کار ساخته بازار,GD01000630 - 630,4.72,750.0,9.0,9.0,0.0,0.0,0.0,0.0,زرد,النگو,2.0,,Img20260706-608.jpg
3843,کار ساخته بازار,GD01000628 - 630,5.2,750.0,9.0,9.0,0.0,0.0,0.0,0.0,زرد,النگو,3.0,,Img20250531-82.jpg
3844,کار ساخته بازار,GD01000626 - 3025,5.9,750.0,6.2,7.5,0.0,0.0,0.0,0.0,دو رنگ,النگو,2.0,,Img20250531-266.jpg
3845,کار ساخته بازار,GD01000624 - 3025,5.72,750.0,6.2,7.5,0.0,0.0,0.0,0.0,دو رنگ,النگو,2.0,,Img20250531-765.jpg
3846,کار ساخته بازار,GD01000622 - 3025,5.76,750.0,6.2,7.5,0.0,0.0,0.0,0.0,دو رنگ,النگو,2.0,,Img20260706-873.jpg
3847,کار ساخته بازار,GD01000620 - 630,5.17,750.0,9.0,9.0,0.0,0.0,0.0,0.0,زرد,النگو,3.0,,Img20250531-810.jpg
3848,کار ساخته بازار,GD01000619 - 3025,5.95,750.0,6.2,7.5,0.0,0.0,0.0,0.0,دو رنگ,النگو,3.0,,Img20250531-494.jpg
3849,کار ساخته بازار,GD01000618 - 3025,6.07,750.0,6.2,7.5,0.0,0.0,0.0,0.0,دو رنگ,النگو,3.0,,Img20250531-741.jpg
3850,کار ساخته بازار,GD01000611 - 3025,6.43,750.0,6.2,7.5,0.0,0.0,0.0,0.0,دو رنگ,النگو,3.0,,Img20250531-496.jpg
3851,کار ساخته بازار,GD01000610 - 630,4.52,750.0,9.0,9.0,0.0,0.0,0.0,0.0,سفید,النگو,1.0,,Img20250531-177.jpg
3852,کار ساخته بازار,GD01000609 - 630,4.43,750.0,9.0,9.0,0.0,0.0,0.0,0.0,سفید,النگو,1.0,,Img20250531-204.jpg
3853,کار ساخته بازار,GD01000608 - 630,4.54,750.0,9.0,9.0,0.0,0.0,0.0,0.0,سفید,النگو,1.0,,Img20250531-458.jpg
3854,کار ساخته بازار,GD01000607 - 630,4.54,750.0,9.0,9.0,0.0,0.0,0.0,0.0,سفید,النگو,1.0,,Img20260706-551.jpg
3855,کار ساخته بازار,GD01000606 - 8001,4.89,750.0,8.5,9.5,0.0,0.0,0.0,0.0,زرد,النگو,1.0,,Img20260706-730.jpg
3856,کار ساخته بازار,GD01000604 - 8001,5.26,750.0,8.5,9.5,0.0,0.0,0.0,0.0,زرد,النگو,1.0,,Img20260706-7.jpg
3857,کار ساخته بازار,GD01000603 - 8001,4.96,750.0,8.5,9.5,0.0,0.0,0.0,0.0,زرد,النگو,1.0,,Img20260706-823.jpg
3858,کار ساخته بازار,GD01000600 - 630,4.82,750.0,9.0,9.0,0.0,0.0,0.0,0.0,سفید,النگو,2.0,,Img20260706-195.jpg
3859,کار ساخته بازار,GD01000595 - 630,4.73,750.0,9.0,9.0,0.0,0.0,0.0,0.0,سفید,النگو,2.0,,Img20260706-332.jpg
3860,کار ساخته بازار,GD01000589 - 630,4.72,750.0,9.0,9.0,0.0,0.0,0.0,0.0,سفید,النگو,2.0,,Img20260706-601.jpg
3861,کار ساخته بازار,GD01000587 - 630,5.11,750.0,9.0,9.0,0.0,0.0,0.0,0.0,سفید,النگو,3.0,,Img20260706-292.jpg
3862,کار ساخته بازار,GD01000585 - 630,5.09,750.0,9.0,9.0,0.0,0.0,0.0,0.0,سفید,النگو,3.0,,Img20250530-1742.jpg
3863,کار ساخته بازار,GD01000581 - 704,4.26,750.0,3.0,5.0,0.0,0.0,0.0,0.0,سفید,النگو,3.0,,Img20260706-264.jpg
3864,کار ساخته بازار,GD01000576 - 630,4.77,750.0,9.0,9.0,0.0,0.0,0.0,0.0,سفید,النگو,3.0,,Img20260706-431.jpg
3865,کار ساخته بازار,GD01000574 - 630,5.13,750.0,9.0,9.0,0.0,0.0,0.0,0.0,سفید,النگو,3.0,,Img20260706-775.jpg
3866,کار ساخته بازار,GD01000572 - 630,5.17,750.0,9.0,9.0,0.0,0.0,0.0,0.0,سفید,النگو,3.0,,Img20250530-313.jpg
3867,کار ساخته بازار,GD01000571 - 4060,4.65,750.0,7.0,8.0,0.0,0.0,0.0,0.0,سفید,النگو,1.0,,Img20250530-759.jpg
3868,کار ساخته بازار,GD01000570 - 4060,4.75,750.0,7.0,8.0,0.0,0.0,0.0,0.0,سفید,النگو,1.0,,Img20260706-490.jpg
3869,کار ساخته بازار,GD01000568 - 630,5.12,750.0,9.0,9.0,0.0,0.0,0.0,0.0,سفید,النگو,3.0,,Img20250530-371.jpg
3870,کار ساخته بازار,GD01000560 - 4060,5.11,750.0,7.0,8.0,0.0,0.0,0.0,0.0,سفید,النگو,2.0,,Img20250530-478.jpg
3871,کار ساخته بازار,GD01000559 - 4060,5.0,750.0,7.0,8.0,0.0,0.0,0.0,0.0,سفید,النگو,2.0,,Img20250530-260.jpg
3872,کار ساخته بازار,GD01000557 - 4060,4.93,750.0,7.0,8.0,0.0,0.0,0.0,0.0,سفید,النگو,2.0,,Img20250530-614.jpg
3873,کار ساخته بازار,GD01000555 - 4060,5.02,750.0,7.0,8.0,0.0,0.0,0.0,0.0,سفید,النگو,2.0,,Img20250530-50.jpg
3874,کار ساخته بازار,GD01000553 - 4060,4.86,750.0,7.0,8.0,0.0,0.0,0.0,0.0,سفید,النگو,2.0,,Img20250530-113.jpg
3875,کار ساخته بازار,GD01000551 - 4060,4.91,750.0,7.0,8.0,0.0,0.0,0.0,0.0,سفید,النگو,2.0,,Img20250530-882.jpg
3876,کار ساخته بازار,GD01000549 - 4060,5.51,750.0,7.0,8.0,0.0,0.0,0.0,0.0,سفید,النگو,3.0,,Img20250530-696.jpg
3877,کار ساخته بازار,GD01000547 - 4060,5.63,750.0,7.0,8.0,0.0,0.0,0.0,0.0,سفید,النگو,3.0,,Img20250530-37.jpg
3878,کار ساخته بازار,GD01000543 - 4060,5.5,750.0,7.0,8.0,0.0,0.0,0.0,0.0,سفید,النگو,3.0,,Img20250530-1958.jpg
3879,کار ساخته بازار,GD01000541 - 4060,5.66,750.0,7.0,8.0,0.0,0.0,0.0,0.0,سفید,النگو,3.0,,Img20250530-817.jpg
3880,کار ساخته بازار,GD01000539 - 4060,5.76,750.0,7.0,8.0,0.0,0.0,0.0,0.0,سفید,النگو,3.0,,Img20250531-989.jpg
3881,کار ساخته بازار,GD01000538,5.33,750.0,7.5,8.0,0.0,0.0,0.0,0.0,زرد,النگو,1.0,,Img20250530-1169.jpg
3882,کار ساخته بازار,GD01000537 - 4060,5.61,750.0,7.0,8.0,0.0,0.0,0.0,0.0,سفید,النگو,3.0,,Img20250531-55.jpg
3883,کار ساخته بازار,GD01000536,6.28,750.0,7.5,8.0,0.0,0.0,0.0,0.0,زرد,النگو,1.0,,Img20250530-49.jpg
3884,کار ساخته بازار,GD01000532,4.82,750.0,6.5,7.0,0.0,0.0,0.0,0.0,سفید,النگو,1.0,,Img20250531-4.jpg
3885,کار ساخته بازار,GD01000531,7.1,750.0,7.5,8.0,0.0,0.0,0.0,0.0,زرد,النگو,2.0,,Img20250530-1585.jpg
3886,کار ساخته بازار,GD01000530,4.5,750.0,6.5,7.0,0.0,0.0,0.0,0.0,سفید,النگو,1.0,,Img20250531-297.jpg
3887,کار ساخته بازار,GD01000529,6.85,750.0,7.5,8.0,0.0,0.0,0.0,0.0,زرد,النگو,2.0,,Img20250530-975.jpg
3888,کار ساخته بازار,GD01000528,4.71,750.0,6.5,7.0,0.0,0.0,0.0,0.0,سفید,النگو,1.0,,Img20250531-618.jpg
3889,کار ساخته بازار,GD01000527,7.0,750.0,7.5,8.0,0.0,0.0,0.0,0.0,زرد,النگو,2.0,,Img20250530-781.jpg
3890,کار ساخته بازار,GD01000526,5.07,750.0,6.5,7.5,0.0,0.0,0.0,0.0,سفید,النگو,1.0,,Img20260706-3.jpg
3891,کار ساخته بازار,GD01000525,6.89,750.0,7.5,8.0,0.0,0.0,0.0,0.0,زرد,النگو,2.0,,Img20250530-818.jpg
3892,کار ساخته بازار,GD01000524 - ٍ,4.91,750.0,6.5,7.5,0.0,0.0,0.0,0.0,سفید,النگو,1.0,,Img20250531-673.jpg
3893,کار ساخته بازار,GD01000523,7.13,750.0,7.5,8.0,0.0,0.0,0.0,0.0,زرد,النگو,3.0,,Img20250531-350.jpg
3894,کار ساخته بازار,GD01000522,7.62,750.0,7.5,8.0,0.0,0.0,0.0,0.0,زرد,النگو,3.0,,Img20250531-113.jpg
3895,کار ساخته بازار,GD01000521 - 620,4.48,750.0,9.0,9.0,0.0,0.0,0.0,0.0,زرد,النگو,1.0,,Img20250531-2538.jpg
3896,کار ساخته بازار,GD01000520 - 620,4.5,750.0,9.0,9.0,0.0,0.0,0.0,0.0,زرد,النگو,1.0,,Img20250530-1361.jpg
3897,کار ساخته بازار,GD01000519,5.24,750.0,6.5,7.0,0.0,0.0,0.0,0.0,سفید,النگو,2.0,,Img20250531-285.jpg
3898,کار ساخته بازار,GD01000518 - 620,4.42,750.0,9.0,9.0,0.0,0.0,0.0,0.0,زرد,النگو,1.0,,Img20250530-915.jpg
3899,کار ساخته بازار,GD01000517,5.09,750.0,6.5,7.0,0.0,0.0,0.0,0.0,سفید,النگو,2.0,,Img20250531-330.jpg
3900,کار ساخته بازار,GD01000516 - 620,4.48,750.0,9.0,9.0,0.0,0.0,0.0,0.0,زرد,النگو,1.0,,Img20250530-717.jpg
3901,کار ساخته بازار,GD01000515,4.86,750.0,6.5,7.0,0.0,0.0,0.0,0.0,سفید,النگو,2.0,,Img20250531-289.jpg
3902,کار ساخته بازار,GD01000514 - 620,4.5,750.0,9.0,9.0,0.0,0.0,0.0,0.0,زرد,النگو,1.0,,Img20250531-801.jpg
3903,کار ساخته بازار,GD01000513 - 620,4.49,750.0,9.0,9.0,0.0,0.0,0.0,0.0,زرد,النگو,1.0,,Img20250530-1055.jpg
3904,کار ساخته بازار,GD01000512,5.26,750.0,6.5,7.0,0.0,0.0,0.0,0.0,سفید,النگو,2.0,,Img20250530-708.jpg
3905,کار ساخته بازار,GD01000510,4.9,750.0,6.5,7.0,0.0,0.0,0.0,0.0,سفید,النگو,2.0,,Img20260706-353.jpg
3906,کار ساخته بازار,GD01000509 - 620,4.62,750.0,9.0,9.0,0.0,0.0,0.0,0.0,زرد,النگو,2.0,,Img20250531-755.jpg
3907,کار ساخته بازار,GD01000508 - 620,4.6,750.0,9.0,9.0,0.0,0.0,0.0,0.0,زرد,النگو,2.0,,Img20250531-1055.jpg
3908,کار ساخته بازار,GD01000507 - 620,4.73,750.0,9.0,9.0,0.0,0.0,0.0,0.0,زرد,النگو,2.0,,Img20250530-911.jpg
3909,کار ساخته بازار,GD01000504,5.46,750.0,6.5,7.0,0.0,0.0,0.0,0.0,سفید,النگو,3.0,,Img20250531-747.jpg
3910,کار ساخته بازار,GD01000503 - 620,5.26,750.0,9.0,9.0,0.0,0.0,0.0,0.0,زرد,النگو,3.0,,Img20260706-434.jpg
3911,کار ساخته بازار,GD01000502,4.84,750.0,6.5,7.0,0.0,0.0,0.0,0.0,سفید,النگو,3.0,,Img20250530-1117.jpg
3912,کار ساخته بازار,GD01000500,4.64,750.0,6.5,7.0,0.0,0.0,0.0,0.0,سفید,النگو,3.0,,Img20250531-293.jpg
3913,کار ساخته بازار,GD01000499 - 620,5.16,750.0,9.0,9.0,0.0,0.0,0.0,0.0,زرد,النگو,3.0,,Img20250530-778.jpg
3914,کار ساخته بازار,GD01000498,5.57,750.0,6.5,7.0,0.0,0.0,0.0,0.0,سفید,النگو,3.0,,Img20250530-251.jpg
3915,کار ساخته بازار,GD01000496,5.23,750.0,6.5,7.0,0.0,0.0,0.0,0.0,سفید,النگو,3.0,,Img20250531-1553.jpg
3916,کار ساخته بازار,GD01000493 - 620,4.48,750.0,9.0,9.0,0.0,0.0,0.0,0.0,سفید,النگو,1.0,,Img20250531-381.jpg
3917,کار ساخته بازار,GD01000492 - 620,4.47,750.0,9.0,9.0,0.0,0.0,0.0,0.0,سفید,النگو,1.0,,Img20250531-957.jpg
3918,کار ساخته بازار,GD01000491 - 620,4.54,750.0,9.0,9.0,0.0,0.0,0.0,0.0,سفید,النگو,1.0,,Img20250531-203.jpg
3919,کار ساخته بازار,GD01000490 - 620,4.54,750.0,9.0,9.0,0.0,0.0,0.0,0.0,سفید,النگو,1.0,,Img20250531-45.jpg
3920,کار ساخته بازار,GD01000489 - 620,4.48,750.0,9.0,9.0,0.0,0.0,0.0,0.0,سفید,النگو,1.0,,Img20250531-576.jpg
3921,کار ساخته بازار,GD01000488 - 620,4.54,750.0,9.0,9.0,0.0,0.0,0.0,0.0,سفید,النگو,1.0,,Img20260706-1830.jpg
3922,کار ساخته بازار,GD01000487 - 8001,5.2,750.0,8.5,9.5,0.0,0.0,0.0,0.0,زرد,النگو,1.0,,Img20250531-636.jpg
3923,کار ساخته بازار,GD01000486 - 620,4.56,750.0,9.0,9.0,0.0,0.0,0.0,0.0,سفید,النگو,1.0,,Img20260706-599.jpg
3924,کار ساخته بازار,GD01000485 - 8001,5.19,750.0,8.5,9.5,0.0,0.0,0.0,0.0,زرد,النگو,1.0,,Img20250531-767.jpg
3925,کار ساخته بازار,GD01000484 - 620,4.54,750.0,9.0,9.0,0.0,0.0,0.0,0.0,سفید,النگو,1.0,,Img20250531-1650.jpg
3926,کار ساخته بازار,GD01000483 - 620,4.42,750.0,9.0,9.0,0.0,0.0,0.0,0.0,سفید,النگو,1.0,,Img20260706-871.jpg
3927,کار ساخته بازار,GD01000482 - 8001,5.32,750.0,8.5,9.5,0.0,0.0,0.0,0.0,زرد,النگو,1.0,,Img20250531-620.jpg
3928,کار ساخته بازار,GD01000481 - 620,4.85,750.0,9.0,9.0,0.0,0.0,0.0,0.0,سفید,النگو,2.0,,Img20260706-119.jpg
3929,کار ساخته بازار,GD01000480 - 8001,5.01,750.0,8.5,9.5,0.0,0.0,0.0,0.0,زرد,النگو,1.0,,Img20260706-529.jpg
3930,کار ساخته بازار,GD01000478 - 8001,5.49,750.0,8.5,9.5,0.0,0.0,0.0,0.0,زرد,النگو,2.0,,Img20250531-808.jpg
3931,کار ساخته بازار,GD01000476 - 620,4.8,750.0,9.0,9.0,0.0,0.0,0.0,0.0,سفید,النگو,2.0,,Img20260706-885.jpg
3932,کار ساخته بازار,GD01000475 - 8001,5.72,750.0,8.5,9.5,0.0,0.0,0.0,0.0,زرد,النگو,2.0,,Img20260706-349.jpg
3933,کار ساخته بازار,GD01000474 - 8001,5.3,750.0,8.5,9.5,0.0,0.0,0.0,0.0,زرد,النگو,2.0,,Img20260706-1950.jpg
3934,کار ساخته بازار,GD01000472 - 8001,5.11,750.0,8.5,9.5,0.0,0.0,0.0,0.0,زرد,النگو,2.0,,Img20260706-113.jpg
3935,کار ساخته بازار,GD01000469 - 8001,5.25,750.0,8.5,9.5,0.0,0.0,0.0,0.0,زرد,النگو,2.0,,Img20250531-690.jpg
3936,کار ساخته بازار,GD01000467 - 620,4.94,750.0,9.0,9.0,0.0,0.0,0.0,0.0,سفید,النگو,3.0,,Img20260706-559.jpg
3937,کار ساخته بازار,GD01000466 - 8001,5.61,750.0,8.5,9.5,0.0,0.0,0.0,0.0,زرد,النگو,2.0,,Img20260706-241.jpg
3938,کار ساخته بازار,GD01000464 - 8001,5.83,750.0,8.5,9.5,0.0,0.0,0.0,0.0,زرد,النگو,3.0,,Img20250531-169.jpg
3939,کار ساخته بازار,GD01000462 - 620,5.16,750.0,9.0,9.0,0.0,0.0,0.0,0.0,سفید,النگو,3.0,,Img20260706-554.jpg
3940,کار ساخته بازار,GD01000461 - 8001,5.37,750.0,8.5,9.5,0.0,0.0,0.0,0.0,زرد,النگو,3.0,,Img20260706-920.jpg
3941,کار ساخته بازار,GD01000460 - 8001,5.61,750.0,8.5,9.5,0.0,0.0,0.0,0.0,زرد,النگو,3.0,,Img20260706-536.jpg
3942,کار ساخته بازار,GD01000458 - 8001,5.39,750.0,8.5,9.5,0.0,0.0,0.0,0.0,زرد,النگو,3.0,,Img20260706-969.jpg
3943,کار ساخته بازار,GD01000456 - 8001,5.45,750.0,8.5,9.5,0.0,0.0,0.0,0.0,زرد,النگو,3.0,,Img20260706-868.jpg
3944,کار ساخته بازار,GD01000454 - 8001,5.96,750.0,8.5,9.5,0.0,0.0,0.0,0.0,زرد,النگو,3.0,,Img20250602-203.jpg
3945,کار ساخته بازار,GD01000453 - 311,3.89,750.0,7.5,8.5,0.0,0.0,0.0,0.0,زرد,النگو,2.0,,Img20250602-522.jpg
3946,کار ساخته بازار,GD01000450 - 311,4.02,750.0,7.5,8.5,0.0,0.0,0.0,0.0,زرد,النگو,3.0,,Img20250602-361.jpg
3947,کار ساخته بازار,GD01000449 - 311,3.97,750.0,7.5,8.5,0.0,0.0,0.0,0.0,زرد,النگو,3.0,,Img20250602-627.jpg
3948,کار ساخته بازار,GD01000448 - 311,3.93,750.0,7.5,8.5,0.0,0.0,0.0,0.0,زرد,النگو,3.0,,Img20250602-997.jpg
3949,کار ساخته بازار,GD01000447 - 311,4.04,750.0,7.5,8.5,0.0,0.0,0.0,0.0,زرد,النگو,3.0,,Img20250602-829.jpg
3950,کار ساخته بازار,GD01000446 - 311,3.96,750.0,7.5,8.5,0.0,0.0,0.0,0.0,زرد,النگو,3.0,,Img20250713-683.jpg
3951,کار ساخته بازار,GD01000445 - 202,5.46,750.0,7.0,8.0,0.0,0.0,0.0,0.0,زرد,النگو,1.0,,Img20250713-381.jpg
3952,کار ساخته بازار,GD01000444 - 202,4.82,750.0,7.0,8.0,0.0,0.0,0.0,0.0,زرد,النگو,1.0,,Img20250602-247.jpg
3953,کار ساخته بازار,GD01000443 - 311,4.29,750.0,7.5,8.5,0.0,0.0,0.0,0.0,زرد,النگو,3.0,,Img20250713-763.jpg
3954,کار ساخته بازار,GD01000442 - 202,5.45,750.0,7.0,8.0,0.0,0.0,0.0,0.0,زرد,النگو,1.0,,Img20250713-609.jpg
3955,کار ساخته بازار,GD01000441 - 202,5.78,750.0,7.0,8.0,0.0,0.0,0.0,0.0,زرد,النگو,2.0,,Img20250713-168.jpg
3956,کار ساخته بازار,GD01000436 - 202,5.21,750.0,7.0,8.0,0.0,0.0,0.0,0.0,زرد,النگو,2.0,,Img20250713-11.jpg
3957,کار ساخته بازار,GD01000433 - 202,5.56,750.0,7.0,8.0,0.0,0.0,0.0,0.0,زرد,النگو,2.0,,Img20250713-271.jpg
3958,کار ساخته بازار,GD01000429 - 202,5.62,750.0,7.0,8.0,0.0,0.0,0.0,0.0,زرد,النگو,2.0,,Img20250713-999.jpg
3959,کار ساخته بازار,GD01000425 - 202,6.24,750.0,7.0,8.0,0.0,0.0,0.0,0.0,زرد,النگو,3.0,,Img20250713-206.jpg
3960,کار ساخته بازار,GD01000422 - 202,6.13,750.0,7.0,8.0,0.0,0.0,0.0,0.0,زرد,النگو,3.0,,Img20250713-340.jpg
3961,کار ساخته بازار,GD01000420 - 202,6.09,750.0,7.0,8.0,0.0,0.0,0.0,0.0,زرد,النگو,3.0,,Img20250713-837.jpg
3962,کار ساخته بازار,GD01000418 - 202,6.25,750.0,7.0,8.0,0.0,0.0,0.0,0.0,زرد,النگو,3.0,,Img20250713-182.jpg
3963,کار ساخته بازار,GD01000416 - 202,6.23,750.0,7.0,8.0,0.0,0.0,0.0,0.0,زرد,النگو,3.0,,Img20250713-918.jpg
3964,کار ساخته بازار,GD01000415 - 202,6.17,750.0,7.0,8.0,0.0,0.0,0.0,0.0,زرد,النگو,3.0,,Img20250713-141.jpg
3965,کار ساخته بازار,GD01000406 - 202,6.56,750.0,7.0,8.0,0.0,0.0,0.0,0.0,زرد,النگو,4.0,,Img20250713-789.jpg
3966,کار ساخته بازار,GD01000404 - 202,6.52,750.0,7.0,8.0,0.0,0.0,0.0,0.0,زرد,النگو,4.0,,Img20250713-487.jpg
3967,کار ساخته بازار,GD01000400 - 202,6.53,750.0,7.0,8.0,0.0,0.0,0.0,0.0,زرد,النگو,4.0,,Img20250531-665.jpg
3968,کار ساخته بازار,GD01000389 - 922,7.0,750.0,5.5,6.5,0.0,0.0,0.0,0.0,زرد,النگو,1.0,,Img20250530-367.jpg
3969,کار ساخته بازار,GD01000388 - 922,6.93,750.0,5.5,6.5,0.0,0.0,0.0,0.0,زرد,النگو,1.0,,Img20250530-1572.jpg
3970,کار ساخته بازار,GD01000387 - 922,6.84,750.0,5.5,6.5,0.0,0.0,0.0,0.0,زرد,النگو,1.0,,Img20250531-778.jpg
3971,کار ساخته بازار,GD01000386 - 922,6.98,750.0,5.5,6.5,0.0,0.0,0.0,0.0,زرد,النگو,1.0,,Img20250531-979.jpg
3972,کار ساخته بازار,GD01000385 - 922,6.81,750.0,5.5,6.5,0.0,0.0,0.0,0.0,زرد,النگو,1.0,,Img20250531-806.jpg
3973,کار ساخته بازار,GD01000384 - 922,7.01,750.0,5.5,6.5,0.0,0.0,0.0,0.0,زرد,النگو,1.0,,Img20250530-580.jpg
3974,کار ساخته بازار,GD01000346 - مانیا,5.61,750.0,11.0,12.0,0.0,0.0,0.0,0.0,زرد,النگو,1.0,,Img20250530-789.jpg
3975,کار ساخته بازار,GD01000344 - مانیا,5.6,750.0,11.0,12.0,0.0,0.0,0.0,0.0,زرد,النگو,1.0,,Img20250530-17.jpg
3976,کار ساخته بازار,GD01000343 - مانیا,5.7,750.0,11.0,12.0,0.0,0.0,0.0,0.0,زرد,النگو,1.0,,Img20250530-895.jpg
3977,کار ساخته بازار,GD01000340 - مانیا,5.47,750.0,11.0,12.0,0.0,0.0,0.0,0.0,زرد,النگو,1.0,,Img20250530-267.jpg
3978,کار ساخته بازار,GD01000338 - مانیا,5.64,750.0,11.0,12.0,0.0,0.0,0.0,0.0,زرد,النگو,1.0,,Img20250530-211.jpg
3979,کار ساخته بازار,GD01000336 - مانیا,5.65,750.0,11.0,12.0,0.0,0.0,0.0,0.0,زرد,النگو,1.0,,Img20250530-449.jpg
3980,کار ساخته بازار,GD01000334 - مانیا,6.16,750.0,11.0,12.0,0.0,0.0,0.0,0.0,زرد,النگو,2.0,,Img20250530-1005.jpg
3981,کار ساخته بازار,GD01000333 - مانیا,6.27,750.0,11.0,12.0,0.0,0.0,0.0,0.0,زرد,النگو,2.0,,Img20250530-1827.jpg
3982,کار ساخته بازار,GD01000331 - مانیا,5.97,750.0,11.0,12.0,0.0,0.0,0.0,0.0,زرد,النگو,2.0,,Img20250530-1195.jpg
3983,کار ساخته بازار,GD01000330 - مانیا,6.18,750.0,11.0,12.0,0.0,0.0,0.0,0.0,زرد,النگو,2.0,,Img20250530-154.jpg
3984,کار ساخته بازار,GD01000325 - مانیا,6.64,750.0,11.0,12.0,0.0,0.0,0.0,0.0,زرد,النگو,3.0,,Img20250530-1375.jpg
3985,کار ساخته بازار,GD01000323 - مانیا,6.6,750.0,11.0,12.0,0.0,0.0,0.0,0.0,زرد,النگو,3.0,,Img20250530-979.jpg
3986,کار ساخته بازار,GD01000317 - مانیا,6.57,750.0,11.0,12.0,0.0,0.0,0.0,0.0,زرد,النگو,3.0,,Img20260706-1354.jpg
3987,کار ساخته بازار,GD01000313 - پیانو,5.66,750.0,11.0,12.0,0.0,0.0,0.0,0.0,سفید,النگو,1.0,,Img20260706-411.jpg
3988,کار ساخته بازار,GD01000311 - پیانو,5.65,750.0,11.0,12.0,0.0,0.0,0.0,0.0,سفید,النگو,1.0,,Img20260706-438.jpg
3989,کار ساخته بازار,GD01000310 - پیانو,5.63,750.0,11.0,12.0,0.0,0.0,0.0,0.0,سفید,النگو,1.0,,Img20260706-217.jpg
3990,کار ساخته بازار,GD01000308 - پیانو,5.71,750.0,11.0,12.0,0.0,0.0,0.0,0.0,سفید,النگو,1.0,,Img20260706-194.jpg
3991,کار ساخته بازار,GD01000305 - پیانو,5.77,750.0,11.0,12.0,0.0,0.0,0.0,0.0,سفید,النگو,1.0,,Img20260706-1533.jpg
3992,کار ساخته بازار,GD01000303 - پیانو,5.84,750.0,11.0,12.0,0.0,0.0,0.0,0.0,سفید,النگو,1.0,,Img20260706-253.jpg
3993,کار ساخته بازار,GD01000301 - پیانو,6.54,750.0,11.0,12.0,0.0,0.0,0.0,0.0,سفید,النگو,2.0,,Img20260706-126.jpg
3994,کار ساخته بازار,GD01000300 - پیانو,6.45,750.0,11.0,12.0,0.0,0.0,0.0,0.0,سفید,النگو,2.0,,Img20260706-562.jpg
3995,کار ساخته بازار,GD01000298 - پیانو,6.21,750.0,11.0,12.0,0.0,0.0,0.0,0.0,سفید,النگو,2.0,,Img20260706-341.jpg
3996,کار ساخته بازار,GD01000295 - پیانو,6.37,750.0,11.0,12.0,0.0,0.0,0.0,0.0,سفید,النگو,2.0,,Img20260706-879.jpg
3997,کار ساخته بازار,GD01000293 - پیانو,6.11,750.0,11.0,12.0,0.0,0.0,0.0,0.0,سفید,النگو,2.0,,Img20260706-677.jpg
3998,کار ساخته بازار,GD01000290 - پیانو,6.29,750.0,11.0,12.0,0.0,0.0,0.0,0.0,سفید,النگو,2.0,,Img20260706-466.jpg
3999,کار ساخته بازار,GD01000287 - پیانو,6.91,750.0,11.0,12.0,0.0,0.0,0.0,0.0,سفید,النگو,3.0,,Img20260706-964.jpg
4000,کار ساخته بازار,GD01000285 - پیانو,6.52,750.0,11.0,12.0,0.0,0.0,0.0,0.0,سفید,النگو,3.0,,Img20260706-239.jpg
4001,کار ساخته بازار,GD01000283 - پیانو,7.03,750.0,11.0,12.0,0.0,0.0,0.0,0.0,سفید,النگو,3.0,,Img20260706-547.jpg
4002,کار ساخته بازار,GD01000281 - پیانو,6.76,750.0,11.0,12.0,0.0,0.0,0.0,0.0,سفید,النگو,3.0,,Img20260706-451.jpg
4003,کار ساخته بازار,GD01000279 - پیانو,6.63,750.0,11.0,12.0,0.0,0.0,0.0,0.0,سفید,النگو,3.0,,Img20260706-368.jpg
4004,کار ساخته بازار,GD01000277 - پیانو,6.84,750.0,11.0,12.0,0.0,0.0,0.0,0.0,سفید,النگو,3.0,,Img20260706-123.jpg
4005,کار ساخته بازار,GD01000271 - گندم,7.9,750.0,15.0,15.0,0.0,0.0,0.0,0.0,دو رنگ,النگو,1.0,,Img20250530-865.jpg
4006,کار ساخته بازار,GD01000269 - گندم,7.21,750.0,15.0,15.0,0.0,0.0,0.0,0.0,دو رنگ,النگو,1.0,,Img20250530-898.jpg
4007,کار ساخته بازار,GD01000267 - گندم,7.32,750.0,15.0,15.0,0.0,0.0,0.0,0.0,دو رنگ,النگو,1.0,,Img20250530-172.jpg
4008,کار ساخته بازار,GD01000265 - گندم,8.17,750.0,15.0,15.0,0.0,0.0,0.0,0.0,دو رنگ,النگو,1.0,,Img20250530-767.jpg
4009,کار ساخته بازار,GD01000264 - گندم,7.57,750.0,15.0,15.0,0.0,0.0,0.0,0.0,دو رنگ,النگو,1.0,,Img20250530-1670.jpg
4010,کار ساخته بازار,GD01000262 - گندم,7.58,750.0,15.0,15.0,0.0,0.0,0.0,0.0,دو رنگ,النگو,1.0,,Img20250530-573.jpg
4011,کار ساخته بازار,GD01000260 - گندم,8.05,750.0,15.0,15.0,0.0,0.0,0.0,0.0,دو رنگ,النگو,2.0,,Img20250530-634.jpg
4012,کار ساخته بازار,GD01000258 - گندم,8.72,750.0,15.0,15.0,0.0,0.0,0.0,0.0,دو رنگ,النگو,2.0,,Img20250530-308.jpg
4013,کار ساخته بازار,GD01000256 - گندم,8.03,750.0,15.0,15.0,0.0,0.0,0.0,0.0,دو رنگ,النگو,2.0,,Img20250530-309.jpg
4014,کار ساخته بازار,GD01000254 - گندم,7.47,750.0,15.0,15.0,0.0,0.0,0.0,0.0,دو رنگ,النگو,2.0,,Img20250530-983.jpg
4015,کار ساخته بازار,GD01000252 - گندم,7.96,750.0,15.0,15.0,0.0,0.0,0.0,0.0,دو رنگ,النگو,2.0,,Img20250530-745.jpg
4016,کار ساخته بازار,GD01000249 - گندم,8.37,750.0,15.0,15.0,0.0,0.0,0.0,0.0,دو رنگ,النگو,2.0,,Img20250530-1617.jpg
4017,کار ساخته بازار,GD01000247 - گندم,8.64,750.0,15.0,15.0,0.0,0.0,0.0,0.0,دو رنگ,النگو,3.0,,Img20250530-1634.jpg
4018,کار ساخته بازار,GD01000245 - گندم,8.71,750.0,15.0,15.0,0.0,0.0,0.0,0.0,دو رنگ,النگو,3.0,,Img20250530-413.jpg
4019,کار ساخته بازار,GD01000242 - گندم,8.69,750.0,15.0,15.0,0.0,0.0,0.0,0.0,دو رنگ,النگو,,,Img20250530-548.jpg
4020,کار ساخته بازار,GD01000239 - گندم,8.31,750.0,15.0,15.0,0.0,0.0,0.0,0.0,دو رنگ,النگو,3.0,,Img20250530-1216.jpg
4021,کار ساخته بازار,GD01000237 - گندم,9.32,750.0,15.0,15.0,0.0,0.0,0.0,0.0,دو رنگ,النگو,3.0,,Img20250530-779.jpg
4022,کار ساخته بازار,GD01000235 - گندم,8.63,750.0,15.0,15.0,0.0,0.0,0.0,0.0,دو رنگ,النگو,3.0,,Img20250530-1728.jpg
4023,کار ساخته بازار,GD01000233 - گندم,8.72,750.0,15.0,15.0,0.0,0.0,0.0,0.0,دو رنگ,النگو,4.0,,Img20250530-905.jpg
4024,کار ساخته بازار,GD01000232 - گندم,8.45,750.0,15.0,15.0,0.0,0.0,0.0,0.0,دو رنگ,النگو,4.0,,Img20250530-860.jpg
4025,کار ساخته بازار,GD01000230 - گندم,8.85,750.0,15.0,15.0,0.0,0.0,0.0,0.0,دو رنگ,النگو,4.0,,Img20250530-374.jpg
4026,کار ساخته بازار,GD01000228 - گندم,9.22,750.0,15.0,15.0,0.0,0.0,0.0,0.0,دو رنگ,النگو,4.0,,Img20260706-362.jpg
4027,کار ساخته بازار,GD01000226 - گندم,8.96,750.0,15.0,15.0,0.0,0.0,0.0,0.0,دو رنگ,النگو,4.0,,Img20250530-1356.jpg
4028,کار ساخته بازار,GD01000224 - گندم,9.0,750.0,15.0,15.0,0.0,0.0,0.0,0.0,دو رنگ,النگو,4.0,,Img20250530-1362.jpg
4029,کار ساخته بازار,GD01000222 - 4090,4.58,750.0,7.0,8.0,0.0,0.0,0.0,0.0,سفید,النگو,1.0,,Img20250530-513.jpg
4030,کار ساخته بازار,GD01000221 - 4090,4.72,750.0,7.0,8.0,0.0,0.0,0.0,0.0,سفید,النگو,1.0,,Img20250530-1814.jpg
4031,کار ساخته بازار,GD01000220 - 4090,4.58,750.0,7.0,8.0,0.0,0.0,0.0,0.0,سفید,النگو,1.0,,Img20250530-26.jpg
4032,کار ساخته بازار,GD01000219 - 4090,4.84,750.0,7.0,8.0,0.0,0.0,0.0,0.0,سفید,النگو,1.0,,Img20250530-27.jpg
4033,کار ساخته بازار,GD01000218 - 4090,4.51,750.0,7.0,8.0,0.0,0.0,0.0,0.0,سفید,النگو,1.0,,Img20250530-966.jpg
4034,کار ساخته بازار,GD01000217 - 4090,4.81,750.0,7.0,8.0,0.0,0.0,0.0,0.0,سفید,النگو,1.0,,Img20250530-1076.jpg
4035,کار ساخته بازار,GD01000216 - 4090,4.7,750.0,7.0,8.0,0.0,0.0,0.0,0.0,سفید,النگو,1.0,,Img20250530-928.jpg
4036,کار ساخته بازار,GD01000215 - 4090,4.59,750.0,7.0,8.0,0.0,0.0,0.0,0.0,سفید,النگو,1.0,,Img20250530-805.jpg
4037,کار ساخته بازار,GD01000213 - 4090,4.93,750.0,7.0,8.0,0.0,0.0,0.0,0.0,سفید,النگو,2.0,,Img20250530-988.jpg
4038,کار ساخته بازار,GD01000212 - 4090,5.24,750.0,7.0,8.0,0.0,0.0,0.0,0.0,سفید,النگو,2.0,,Img20250530-459.jpg
4039,کار ساخته بازار,GD01000207 - 4090,5.07,750.0,7.0,8.0,0.0,0.0,0.0,0.0,سفید,النگو,2.0,,Img20250530-959.jpg
4040,کار ساخته بازار,GD01000199 - 102,7.14,750.0,10.0,11.0,0.0,0.0,0.0,0.0,دو رنگ,النگو,1.0,,Img20250530-305.jpg
4041,کار ساخته بازار,GD01000198 - 102,7.66,750.0,10.0,11.0,0.0,0.0,0.0,0.0,دو رنگ,النگو,1.0,,Img20250530-475.jpg
4042,کار ساخته بازار,GD01000196 - 102,6.92,750.0,10.0,11.0,0.0,0.0,0.0,0.0,دو رنگ,النگو,1.0,,Img20250530-261.jpg
4043,کار ساخته بازار,GD01000194 - 102,6.97,750.0,10.0,11.0,0.0,0.0,0.0,0.0,دو رنگ,النگو,1.0,,Img20250530-924.jpg
4044,کار ساخته بازار,GD01000193 - 102,8.3,750.0,10.0,11.0,0.0,0.0,0.0,0.0,دو رنگ,النگو,2.0,,Img20250530-837.jpg
4045,کار ساخته بازار,GD01000192 - 102,8.3,750.0,10.0,11.0,0.0,0.0,0.0,0.0,دو رنگ,النگو,2.0,,Img20250530-20.jpg
4046,کار ساخته بازار,GD01000191 - 102,8.64,750.0,10.0,11.0,0.0,0.0,0.0,0.0,دو رنگ,النگو,2.0,,Img20250530-583.jpg
4047,کار ساخته بازار,GD01000190 - 102,8.69,750.0,10.0,11.0,0.0,0.0,0.0,0.0,دو رنگ,النگو,2.0,,Img20250530-485.jpg
4048,کار ساخته بازار,GD01000189 - 102,8.0,750.0,10.0,11.0,0.0,0.0,0.0,0.0,دو رنگ,النگو,2.0,,Img20250530-709.jpg
4049,کار ساخته بازار,GD01000188 - 102,7.79,750.0,10.0,11.0,0.0,0.0,0.0,0.0,دو رنگ,النگو,2.0,,Img20260706-1451.jpg
4050,کار ساخته بازار,GD01000187 - 102,8.73,750.0,10.0,11.0,0.0,0.0,0.0,0.0,دو رنگ,النگو,2.0,,Img20250530-167.jpg
4051,کار ساخته بازار,GD01000186 - 102,9.25,750.0,10.0,11.0,0.0,0.0,0.0,0.0,دو رنگ,النگو,3.0,,Img20250530-986.jpg
4052,کار ساخته بازار,GD01000185 - 102,9.22,750.0,10.0,11.0,0.0,0.0,0.0,0.0,دو رنگ,النگو,3.0,,Img20250530-502.jpg
4053,کار ساخته بازار,GD01000184 - 102,9.03,750.0,10.0,11.0,0.0,0.0,0.0,0.0,دو رنگ,النگو,3.0,,Img20250530-1938.jpg
4054,کار ساخته بازار,GD01000182 - 102,9.29,750.0,10.0,11.0,0.0,0.0,0.0,0.0,دو رنگ,النگو,3.0,,Img20250530-30.jpg
4055,کار ساخته بازار,GD01000181 - 102,8.89,750.0,10.0,11.0,0.0,0.0,0.0,0.0,دو رنگ,النگو,3.0,,Img20250530-753.jpg
4056,کار ساخته بازار,GD01000180 - 102,9.24,750.0,10.0,11.0,0.0,0.0,0.0,0.0,دو رنگ,النگو,3.0,,Img20250530-13.jpg
4057,کار ساخته بازار,GD01000179 - 620,9.26,750.0,9.0,10.0,0.0,0.0,0.0,0.0,سفید,النگو,2.0,,Img20250530-628.jpg
4058,کار ساخته بازار,GD01000178 - 620,9.37,750.0,9.0,10.0,0.0,0.0,0.0,0.0,سفید,النگو,2.0,,Img20250530-480.jpg
4059,کار ساخته بازار,GD01000177 - 620,9.45,750.0,9.0,10.0,0.0,0.0,0.0,0.0,سفید,النگو,2.0,,Img20250530-1649.jpg
4060,کار ساخته بازار,GD01000176 - 620,9.23,750.0,9.0,10.0,0.0,0.0,0.0,0.0,سفید,النگو,2.0,,Img20250530-282.jpg
4061,کار ساخته بازار,GD01000175 - 620,9.16,750.0,9.0,10.0,0.0,0.0,0.0,0.0,سفید,النگو,2.0,,Img20250530-106.jpg
4062,کار ساخته بازار,GD01000174 - 620,9.52,750.0,9.0,10.0,0.0,0.0,0.0,0.0,سفید,النگو,2.0,,Img20250530-490.jpg
4063,کار ساخته بازار,GD01000172 - 620,9.82,750.0,9.0,10.0,0.0,0.0,0.0,0.0,سفید,النگو,3.0,,Img20250530-999.jpg
4064,کار ساخته بازار,GD01000171 - 620,10.0,750.0,9.0,10.0,0.0,0.0,0.0,0.0,سفید,النگو,3.0,,Img20250530-428.jpg
4065,کار ساخته بازار,GD01000169 - 620,9.7,750.0,9.0,10.0,0.0,0.0,0.0,0.0,سفید,النگو,3.0,,Img20250530-376.jpg
4066,کار ساخته بازار,GD01000168 - 620,9.67,750.0,9.0,10.0,0.0,0.0,0.0,0.0,سفید,النگو,3.0,,Img20250530-922.jpg
4067,کار ساخته بازار,GD01000167 - 620,8.86,750.0,9.0,10.0,0.0,0.0,0.0,0.0,سفید,النگو,1.0,,Img20250530-534.jpg
4068,کار ساخته بازار,GD01000166 - 620,9.16,750.0,9.0,10.0,0.0,0.0,0.0,0.0,سفید,النگو,1.0,,Img20250530-467.jpg
4069,کار ساخته بازار,GD01000165 - 620,8.89,750.0,9.0,10.0,0.0,0.0,0.0,0.0,سفید,النگو,1.0,,Img20250530-512.jpg
4070,کار ساخته بازار,GD01000163 - 620,8.43,750.0,9.0,10.0,0.0,0.0,0.0,0.0,سفید,النگو,1.0,,Img20250530-240.jpg
4071,کار ساخته بازار,GD01000162 - 620,9.07,750.0,9.0,10.0,0.0,0.0,0.0,0.0,سفید,النگو,1.0,,Img20250602-592.jpg
4072,کار ساخته بازار,GD01000161 - 311,3.43,750.0,8.0,8.5,0.0,0.0,0.0,0.0,سفید,النگو,0.4,,Img20260706-685.jpg
4073,کار ساخته بازار,GD01000160 - 311,3.57,750.0,8.0,8.5,0.0,0.0,0.0,0.0,سفید,النگو,0.4,,Img20250602-683.jpg
4074,کار ساخته بازار,GD01000157 - 311,2.92,750.0,8.0,8.5,0.0,0.0,0.0,0.0,سفید,النگو,0.2,,Img20250602-331.jpg
4075,کار ساخته بازار,GD01000156 - 311,2.92,750.0,8.0,8.5,0.0,0.0,0.0,0.0,سفید,النگو,0.2,,Img20250530-535.jpg
4076,کار ساخته بازار,GD01000152 - 427,3.41,750.0,7.0,7.0,0.0,0.0,0.0,0.0,سفید,النگو,2.0,,Img20250602-22.jpg
4077,کار ساخته بازار,GD01000151 - 311,3.68,750.0,8.0,8.5,0.0,0.0,0.0,0.0,زرد,النگو,1.0,,Img20250602-859.jpg
4078,کار ساخته بازار,GD01000150 - 311,3.68,750.0,8.0,8.5,0.0,0.0,0.0,0.0,زرد,النگو,1.0,,Img20250602-944.jpg
4079,کار ساخته بازار,GD01000149 - 311,3.71,750.0,8.0,8.5,0.0,0.0,0.0,0.0,زرد,النگو,1.0,,Img20250602-3.jpg
4080,کار ساخته بازار,GD01000147 - 311,3.63,750.0,8.0,8.5,0.0,0.0,0.0,0.0,زرد,النگو,1.0,,Img20250602-233.jpg
4081,کار ساخته بازار,GD01000145 - 311,3.42,750.0,8.0,8.5,0.0,0.0,0.0,0.0,زرد,النگو,1.0,,Img20250602-76.jpg
4082,کار ساخته بازار,GD01000144 - 311,3.56,750.0,8.0,8.5,0.0,0.0,0.0,0.0,زرد,النگو,1.0,,Img20250602-178.jpg
4083,کار ساخته بازار,GD01000143 - 311,3.43,750.0,8.0,8.5,0.0,0.0,0.0,0.0,زرد,النگو,1.0,,Img20250602-352.jpg
4084,کار ساخته بازار,GD01000142 - 311,3.69,750.0,8.0,8.5,0.0,0.0,0.0,0.0,زرد,النگو,1.0,,Img20250602-98.jpg
4085,کار ساخته بازار,GD01000141 - 311,3.64,750.0,8.0,8.5,0.0,0.0,0.0,0.0,سفید,النگو,1.0,,Img20260706-243.jpg
4086,کار ساخته بازار,GD01000139 - 311,4.21,750.0,8.0,8.5,0.0,0.0,0.0,0.0,سفید,النگو,3.0,,Img20250602-670.jpg
4087,کار ساخته بازار,GD01000137 - 311,4.15,750.0,8.0,8.5,0.0,0.0,0.0,0.0,سفید,النگو,3.0,,Img20250602-866.jpg
4088,کار ساخته بازار,GD01000136 - 311,4.24,750.0,8.0,8.5,0.0,0.0,0.0,0.0,سفید,النگو,3.0,,Img20250602-672.jpg
4089,کار ساخته بازار,GD01000135 - 311,4.14,750.0,8.0,8.5,0.0,0.0,0.0,0.0,سفید,النگو,3.0,,Img20250602-134.jpg
4090,کار ساخته بازار,GD01000134 - 311,3.95,750.0,8.0,8.5,0.0,0.0,0.0,0.0,سفید,النگو,2.0,,Img20250602-818.jpg
4091,کار ساخته بازار,GD01000133 - 311,3.87,750.0,8.0,8.5,0.0,0.0,0.0,0.0,سفید,النگو,2.0,,Img20250602-84.jpg
4092,کار ساخته بازار,GD01000132 - 311,4.01,750.0,8.0,8.5,0.0,0.0,0.0,0.0,سفید,النگو,2.0,,Img20250602-58.jpg
4093,کار ساخته بازار,GD01000131 - 311,4.04,750.0,8.0,8.5,0.0,0.0,0.0,0.0,سفید,النگو,2.0,,Img20250602-644.jpg
4094,کار ساخته بازار,GD01000130 - 311,3.93,750.0,8.0,8.5,0.0,0.0,0.0,0.0,سفید,النگو,2.0,,Img20250602-626.jpg
4095,کار ساخته بازار,GD01000129 - 311,3.72,750.0,8.0,8.5,0.0,0.0,0.0,0.0,سفید,النگو,2.0,,Img20250602-583.jpg
4096,کار ساخته بازار,GD01000127 - 311,3.69,750.0,8.0,8.5,0.0,0.0,0.0,0.0,سفید,النگو,1.0,,Img20250602-396.jpg
4097,کار ساخته بازار,GD01000125 - 311,3.72,750.0,8.0,8.5,0.0,0.0,0.0,0.0,سفید,النگو,1.0,,Img20250602-636.jpg
4098,کار ساخته بازار,GD01000123 - 311,3.66,750.0,8.0,8.5,0.0,0.0,0.0,0.0,سفید,النگو,1.0,,Img20250530-639.jpg
4099,کار ساخته بازار,GD01000119,7.76,750.0,11.5,12.0,0.0,0.0,0.0,0.0,دو رنگ,تک پوش,1.0,,Img20250530-496.jpg
4100,کار ساخته بازار,GD01000118,6.68,750.0,11.5,12.0,0.0,0.0,0.0,0.0,دو رنگ,تک پوش,1.0,,Img20250530-977.jpg
4101,کار ساخته بازار,GD01000117,7.99,750.0,11.5,12.0,0.0,0.0,0.0,0.0,دو رنگ,تک پوش,1.0,,Img20250530-923.jpg
4102,کار ساخته بازار,GD01000116 - 125,7.83,750.0,10.5,11.0,0.0,0.0,0.0,0.0,دو رنگ,النگو,1.0,,Img20250530-130.jpg
4103,کار ساخته بازار,GD01000115 - 125,7.94,750.0,10.5,11.0,0.0,0.0,0.0,0.0,دو رنگ,النگو,1.0,,Img20250530-432.jpg
4104,کار ساخته بازار,GD01000114 - 125,8.33,750.0,10.5,11.0,0.0,0.0,0.0,0.0,دو رنگ,النگو,1.0,,Img20250530-438.jpg
4105,کار ساخته بازار,GD01000113 - 125,6.78,750.0,10.5,11.0,0.0,0.0,0.0,0.0,دو رنگ,النگو,1.0,,Img20250530-686.jpg
4106,کار ساخته بازار,GD01000111 - 125,7.7,750.0,10.5,11.0,0.0,0.0,0.0,0.0,دو رنگ,النگو,1.0,,Img20250530-63.jpg
4107,کار ساخته بازار,GD01000108 - 125,7.86,750.0,10.5,11.0,0.0,0.0,0.0,0.0,دو رنگ,النگو,2.0,,Img20250530-948.jpg
4108,کار ساخته بازار,GD01000107 - 125,7.71,750.0,10.5,11.0,0.0,0.0,0.0,0.0,دو رنگ,النگو,2.0,,Img20250530-878.jpg
4109,کار ساخته بازار,GD01000106 - 125,7.85,750.0,10.5,11.0,0.0,0.0,0.0,0.0,دو رنگ,النگو,3.0,,Img20250530-1396.jpg
4110,کار ساخته بازار,GD01000105 - 125,7.38,750.0,10.5,11.0,0.0,0.0,0.0,0.0,دو رنگ,النگو,3.0,,Img20250530-275.jpg
4111,کار ساخته بازار,GD01000104 - 125,7.74,750.0,10.5,11.0,0.0,0.0,0.0,0.0,دو رنگ,النگو,3.0,,Img20250530-793.jpg
4112,کار ساخته بازار,GD01000103 - 125,7.11,750.0,10.5,11.0,0.0,0.0,0.0,0.0,دو رنگ,النگو,3.0,,Img20250530-744.jpg
4113,کار ساخته بازار,GD01000102 - 125,7.77,750.0,10.5,11.0,0.0,0.0,0.0,0.0,دو رنگ,النگو,3.0,,Img20250530-526.jpg
4114,کار ساخته بازار,GD01000101 - 125,7.34,750.0,10.5,11.0,0.0,0.0,0.0,0.0,دو رنگ,النگو,3.0,,Img20250530-244.jpg
4115,کار ساخته بازار,GD01000100 - آینه ای,3.98,750.0,7.5,8.0,0.0,0.0,0.0,0.0,زرد,النگو,1.0,,Img20250530-564.jpg
4116,کار ساخته بازار,GD01000096 - آینه ای,4.0,750.0,7.5,8.0,0.0,0.0,0.0,0.0,زرد,النگو,1.0,,Img20250530-1464.jpg
4117,کار ساخته بازار,GD01000093 - آینه ای,4.07,750.0,7.5,8.0,0.0,0.0,0.0,0.0,زرد,النگو,2.0,,Img20250530-15.jpg
4118,کار ساخته بازار,GD01000092 - آینه ای,4.17,750.0,7.5,8.0,0.0,0.0,0.0,0.0,زرد,النگو,2.0,,Img20250530-821.jpg
4119,کار ساخته بازار,GD01000091 - آینه ای,4.2,750.0,7.5,8.0,0.0,0.0,0.0,0.0,زرد,النگو,2.0,,Img20250530-237.jpg
4120,کار ساخته بازار,GD01000090 - آینه ای,4.18,750.0,7.5,8.0,0.0,0.0,0.0,0.0,زرد,النگو,2.0,,Img20250530-142.jpg
4121,کار ساخته بازار,GD01000089 - آینه ای,4.16,750.0,7.5,8.0,0.0,0.0,0.0,0.0,زرد,النگو,2.0,,Img20250530-129.jpg
4122,کار ساخته بازار,GD01000087 - آینه ای,4.54,750.0,7.5,8.0,0.0,0.0,0.0,0.0,زرد,النگو,3.0,,Img20250530-806.jpg
4123,کار ساخته بازار,GD01000086 - آینه ای,4.23,750.0,7.5,8.0,0.0,0.0,0.0,0.0,زرد,النگو,3.0,,Img20250530-937.jpg
4124,کار ساخته بازار,GD01000085 - آینه ای,4.2,750.0,7.5,8.0,0.0,0.0,0.0,0.0,زرد,النگو,3.0,,Img20250530-539.jpg
4125,کار ساخته بازار,GD01000084 - آینه ای,4.64,750.0,7.5,8.0,0.0,0.0,0.0,0.0,زرد,النگو,3.0,,Img20250530-542.jpg
4126,کار ساخته بازار,GD01000083 - آینه ای,4.24,750.0,7.5,8.0,0.0,0.0,0.0,0.0,زرد,النگو,3.0,,Img20260706-995.jpg
4127,کار ساخته بازار,GD01000082 - آینه ای,4.53,750.0,7.5,8.0,0.0,0.0,0.0,0.0,زرد,النگو,3.0,,Img20250530-547.jpg
4128,کار ساخته بازار,GD01000081 - 427,3.59,750.0,7.0,7.0,0.0,0.0,0.0,0.0,سفید,النگو,3.0,,Img20250530-226.jpg
4129,کار ساخته بازار,GD01000080 - 427,3.46,750.0,7.0,7.0,0.0,0.0,0.0,0.0,سفید,النگو,3.0,,Img20250530-96.jpg
4130,کار ساخته بازار,GD01000079 - 427,3.36,750.0,7.0,7.0,0.0,0.0,0.0,0.0,سفید,النگو,3.0,,Img20250530-687.jpg
4131,کار ساخته بازار,GD01000078 - 427,3.4,750.0,7.0,7.0,0.0,0.0,0.0,0.0,سفید,النگو,3.0,,Img20250530-87.jpg
4132,کار ساخته بازار,GD01000077 - 427,3.6,750.0,7.0,7.0,0.0,0.0,0.0,0.0,سفید,النگو,3.0,,Img20250530-145.jpg
4133,کار ساخته بازار,GD01000076 - 427,3.57,750.0,7.0,7.0,0.0,0.0,0.0,0.0,سفید,النگو,3.0,,Img20250530-595.jpg
4134,کار ساخته بازار,GD01000075 - 427,3.64,750.0,7.0,7.0,0.0,0.0,0.0,0.0,زرد,النگو,3.0,,Img20250530-375.jpg
4135,کار ساخته بازار,GD01000074 - 427,3.36,750.0,7.0,7.0,0.0,0.0,0.0,0.0,زرد,النگو,3.0,,Img20250530-556.jpg
4136,کار ساخته بازار,GD01000073 - 427,3.55,750.0,7.0,7.0,0.0,0.0,0.0,0.0,زرد,النگو,3.0,,Img20250530-1965.jpg
4137,کار ساخته بازار,GD01000072 - 427,3.27,750.0,7.0,7.0,0.0,0.0,0.0,0.0,زرد,النگو,3.0,,Img20250530-606.jpg
4138,کار ساخته بازار,GD01000071 - 427,3.38,750.0,7.0,7.0,0.0,0.0,0.0,0.0,زرد,النگو,3.0,,Img20250530-992.jpg
4139,کار ساخته بازار,GD01000070 - 427,3.26,750.0,7.0,7.0,0.0,0.0,0.0,0.0,زرد,النگو,3.0,,Img20250530-202.jpg
4140,کار ساخته بازار,GD01000068 - 427,2.88,750.0,7.0,7.0,0.0,0.0,0.0,0.0,زرد,النگو,2.0,,Img20250530-470.jpg
4141,کار ساخته بازار,GD01000067 - 427,3.1,750.0,7.0,7.0,0.0,0.0,0.0,0.0,زرد,النگو,2.0,,Img20250530-64.jpg
4142,کار ساخته بازار,GD01000066 - 427,3.11,750.0,7.0,7.0,0.0,0.0,0.0,0.0,زرد,النگو,2.0,,Img20250530-406.jpg
4143,کار ساخته بازار,GD01000065 - 427,3.12,750.0,7.0,7.0,0.0,0.0,0.0,0.0,زرد,النگو,2.0,,Img20250530-1510.jpg
4144,کار ساخته بازار,GD01000064 - 427,2.98,750.0,7.0,7.0,0.0,0.0,0.0,0.0,زرد,النگو,2.0,,Img20250530-960.jpg
4145,کار ساخته بازار,GD01000063 - 427,3.12,750.0,7.0,7.0,0.0,0.0,0.0,0.0,زرد,النگو,2.0,,Img20250530-346.jpg
4146,کار ساخته بازار,GD01000062 - 427,2.95,750.0,7.0,7.0,0.0,0.0,0.0,0.0,سفید,النگو,2.0,,Img20250530-543.jpg
4147,کار ساخته بازار,GD01000061 - 427,2.95,750.0,7.0,7.0,0.0,0.0,0.0,0.0,سفید,النگو,2.0,,Img20250530-187.jpg
4148,کار ساخته بازار,GD01000060 - 427,2.75,750.0,7.0,7.0,0.0,0.0,0.0,0.0,سفید,النگو,2.0,,Img20250530-363.jpg
4149,کار ساخته بازار,GD01000059 - 427,3.01,750.0,7.0,7.0,0.0,0.0,0.0,0.0,سفید,النگو,2.0,,Img20250530-944.jpg
4150,کار ساخته بازار,GD01000058 - یوسف 427,3.0,750.0,7.0,7.0,0.0,0.0,0.0,0.0,زرد,النگو,1.0,,Img20250530-742.jpg
4151,کار ساخته بازار,GD01000054 - یوسف 427,2.94,750.0,7.0,7.0,0.0,0.0,0.0,0.0,زرد,النگو,1.0,,Img20250530-225.jpg
4152,کار ساخته بازار,GD01000051 - یوسف 427,3.17,750.0,7.0,7.0,0.0,0.0,0.0,0.0,سفید,النگو,1.0,,Img20250530-300.jpg
4153,کار ساخته بازار,GD01000050 - یوسف 427,3.08,750.0,7.0,7.0,0.0,0.0,0.0,0.0,سفید,النگو,1.0,,Img20250530-1665.jpg
4154,کار ساخته بازار,GD01000049 - یوسف 427,3.02,750.0,7.0,7.0,0.0,0.0,0.0,0.0,سفید,النگو,1.0,,Img20250530-971.jpg
4155,کار ساخته بازار,GD01000048 - یوسف 427,3.07,750.0,7.0,7.0,0.0,0.0,0.0,0.0,سفید,النگو,1.0,,Img20250530-608.jpg
4156,کار ساخته بازار,GD01000047 - یوسف609,6.72,750.0,7.0,7.0,0.0,0.0,0.0,0.0,زرد,النگو,1.0,,Img20250530-472.jpg
4157,کار ساخته بازار,GD01000045 - یوسف609,7.24,750.0,7.0,7.0,0.0,0.0,0.0,0.0,زرد,النگو,1.0,,Img20250530-973.jpg
4158,کار ساخته بازار,GD01000042 - یوسف609,6.35,750.0,7.0,7.0,0.0,0.0,0.0,0.0,زرد,النگو,1.0,,Img20260706-476.jpg
4159,کار ساخته بازار,GD01000041 - یوسف609,6.96,750.0,7.0,7.0,0.0,0.0,0.0,0.0,زرد,النگو,2.0,,Img20250530-68.jpg
4160,کار ساخته بازار,GD01000040 - یوسف609,6.63,750.0,7.0,7.0,0.0,0.0,0.0,0.0,زرد,النگو,2.0,,Img20250530-112.jpg
4161,کار ساخته بازار,GD01000038 - یوسف609,6.95,750.0,7.0,7.0,0.0,0.0,0.0,0.0,زرد,النگو,2.0,,Img20250530-69.jpg
4162,کار ساخته بازار,GD01000034 - یوسف609,6.94,750.0,7.0,7.0,0.0,0.0,0.0,0.0,زرد,النگو,4.0,,Img20250530-9.jpg
4163,کار ساخته بازار,GD01000033 - یوسف609,7.48,750.0,7.0,7.0,0.0,0.0,0.0,0.0,زرد,النگو,4.0,,Img20250713-933.jpg
4164,کار ساخته بازار,GD01000028 - یوسف613,6.33,750.0,7.0,7.0,0.0,0.0,0.0,0.0,سفید,النگو,1.0,,Img20250713-237.jpg
4165,کار ساخته بازار,GD01000027 - یوسف613,6.92,750.0,7.0,7.0,0.0,0.0,0.0,0.0,سفید,النگو,1.0,,Img20250713-62.jpg
4166,کار ساخته بازار,GD01000026 - یوسف613,6.72,750.0,7.0,7.0,0.0,0.0,0.0,0.0,سفید,النگو,1.0,,Img20250713-863.jpg
4167,کار ساخته بازار,GD01000025 - یوسف613,6.75,750.0,7.0,7.0,0.0,0.0,0.0,0.0,سفید,النگو,1.0,,Img20250708-168.jpg
4168,کار ساخته بازار,GD01000022 - یوسف613,6.93,750.0,7.0,7.0,0.0,0.0,0.0,0.0,سفید,النگو,2.0,,Img20250708-807.jpg
4169,کار ساخته بازار,GD01000021 - یوسف613,6.49,750.0,7.0,7.0,0.0,0.0,0.0,0.0,سفید,النگو,2.0,,Img20250708-739.jpg
4170,کار ساخته بازار,GD01000019 - یوسف613,6.41,750.0,7.0,7.0,0.0,0.0,0.0,0.0,سفید,النگو,2.0,,Img20250708-341.jpg
4171,کار ساخته بازار,GD01000018 - یوسف613,6.34,750.0,7.0,7.0,0.0,0.0,0.0,0.0,سفید,النگو,2.0,,Img20250708-9.jpg
4172,کار ساخته بازار,GD01000017 - یوسف613,6.34,750.0,7.0,7.0,0.0,0.0,0.0,0.0,سفید,النگو,2.0,,Img20250708-232.jpg
4173,کار ساخته بازار,GD01000016 - یوسف613,6.45,750.0,7.0,7.0,0.0,0.0,0.0,0.0,سفید,النگو,2.0,,Img20250708-191.jpg
4174,کار ساخته بازار,GD01000015 - یوسف613,6.9,750.0,7.0,7.0,0.0,0.0,0.0,0.0,سفید,النگو,3.0,,Img20250708-862.jpg
4175,کار ساخته بازار,GD01000014 - یوسف613,7.0,750.0,7.0,7.0,0.0,0.0,0.0,0.0,سفید,النگو,3.0,,Img20250708-179.jpg
4176,کار ساخته بازار,GD01000012 - یوسف613,6.8,750.0,7.0,7.0,0.0,0.0,0.0,0.0,سفید,النگو,3.0,,Img20250708-283.jpg
4177,کار ساخته بازار,GD01000011 - یوسف613,7.9,750.0,7.0,7.0,0.0,0.0,0.0,0.0,سفید,النگو,3.0,,Img20250708-574.jpg
4178,کار ساخته بازار,GD01000009 - یوسف613,6.73,750.0,7.0,7.0,0.0,0.0,0.0,0.0,سفید,النگو,4.0,,Img20250708-363.jpg
4179,کار ساخته بازار,GD01000008 - یوسف613,6.6,750.0,7.0,7.0,0.0,0.0,0.0,0.0,سفید,النگو,4.0,,Img20250708-251.jpg
4180,کار ساخته بازار,GD01000007 - یوسف613,6.71,750.0,7.0,7.0,0.0,0.0,0.0,0.0,سفید,النگو,4.0,,Img20250708-452.jpg
4181,کار ساخته بازار,GD01000006 - یوسف613,6.68,750.0,7.0,7.0,0.0,0.0,0.0,0.0,سفید,النگو,4.0,,Img20250708-632.jpg
4182,کار ساخته بازار,GD01000005 - ٍیوسف613,6.6,750.0,7.0,7.0,0.0,0.0,0.0,0.0,سفید,النگو,4.0,,Img20250530-667.jpg
4183,کار ساخته بازار,GD01000004 - یوسف 613,6.4,750.0,7.0,7.0,0.0,0.0,0.0,0.0,سفید,النگو,4.0,,
,,,,,,,,,,,,,,,
توضیحات :,,,,,,,,,,,,,,,
